store_id,sku_id,stock_on_hand,reorder_point,safety_stock,last_restock_date
STORE005,SKU00001,215.0,45,22,2025-11-20
STORE015,SKU00002,0.0,92,26,2025-10-15
STORE008,SKU00002,0.0,111,35,2025-10-15
STORE024,SKU00002,0.0,96,25,2025-10-15
STORE028,SKU00002,0.0,60,29,2025-10-15
STORE014,SKU00002,0.0,69,29,2025-10-15
STORE012,SKU00002,0.0,89,48,2025-10-15
STORE005,SKU00002,0.0,101,46,2025-10-15
STORE016,SKU00002,0.0,109,41,2025-10-15
STORE003,SKU00002,0.0,60,26,2025-10-15
STORE023,SKU00002,0.0,58,24,2025-10-15
STORE006,SKU00002,0.0,78,33,2025-10-15
STORE030,SKU00002,0.0,105,34,2025-10-15
STORE020,SKU00002,0.0,68,32,2025-10-15
STORE018,SKU00002,0.0,106,43,2025-10-15
STORE005,SKU00003,230.4,25,10,2025-11-20
STORE024,SKU00003,100.8,25,10,2025-11-20
STORE025,SKU00003,69.9,25,10,2025-11-20
STORE026,SKU00003,13.0,25,10,2025-11-20
STORE001,SKU00004,148.0,27,12,2025-11-20
STORE020,SKU00005,5.8,25,10,2025-11-20
STORE004,SKU00005,194.9,25,10,2025-11-20
STORE013,SKU00005,89.0,25,10,2025-11-20
STORE001,SKU00005,119.3,25,10,2025-11-20
STORE027,SKU00005,2.0,25,10,2025-11-20
STORE001,SKU00006,366.8,25,10,2025-11-20
STORE025,SKU00006,187.0,25,10,2025-11-20
STORE027,SKU00006,25.0,25,10,2025-11-20
STORE021,SKU00006,21.0,25,10,2025-11-20
STORE030,SKU00006,21.2,25,10,2025-11-20
STORE002,SKU00007,28.5,27,12,2025-11-20
STORE005,SKU00007,58.5,27,12,2025-11-20
STORE008,SKU00008,0.0,79,44,2025-10-15
STORE009,SKU00009,52.8,25,10,2025-11-20
STORE005,SKU00009,32.2,25,10,2025-11-20
STORE021,SKU00010,0.0,69,39,2025-10-15
STORE026,SKU00011,3.0,25,10,2025-11-20
STORE001,SKU00012,0.0,130,50,2025-10-15
STORE004,SKU00013,95.2,25,10,2025-11-20
STORE018,SKU00013,218.8,25,10,2025-11-20
STORE024,SKU00014,33.0,25,10,2025-11-20
STORE027,SKU00015,79.0,31,15,2025-11-20
STORE011,SKU00016,92.6,39,19,2025-11-20
STORE028,SKU00016,13.4,39,19,2025-11-20
STORE023,SKU00017,34.3,25,10,2025-11-20
STORE003,SKU00017,42.7,25,10,2025-11-20
STORE007,SKU00018,6.0,25,10,2025-11-20
STORE005,SKU00018,118.3,25,10,2025-11-20
STORE016,SKU00018,23.7,25,10,2025-11-20
STORE025,SKU00019,120.0,46,23,2025-11-20
STORE019,SKU00020,0.0,104,40,2025-10-15
STORE029,SKU00020,0.0,54,23,2025-10-15
STORE015,SKU00020,0.0,78,46,2025-10-15
STORE027,SKU00020,0.0,87,23,2025-10-15
STORE006,SKU00020,0.0,65,29,2025-10-15
STORE010,SKU00020,0.0,92,36,2025-10-15
STORE011,SKU00020,0.0,54,24,2025-10-15
STORE016,SKU00020,0.0,93,49,2025-10-15
STORE005,SKU00020,0.0,64,20,2025-10-15
STORE008,SKU00020,0.0,87,33,2025-10-15
STORE002,SKU00020,0.0,76,24,2025-10-15
STORE018,SKU00020,0.0,88,40,2025-10-15
STORE009,SKU00020,0.0,100,27,2025-10-15
STORE013,SKU00021,118.1,25,10,2025-11-20
STORE022,SKU00021,133.9,25,10,2025-11-20
STORE029,SKU00022,0.0,79,42,2025-10-15
STORE016,SKU00023,20.0,25,10,2025-11-20
STORE006,SKU00024,99.0,25,10,2025-11-20
STORE004,SKU00024,28.0,25,10,2025-11-20
STORE008,SKU00024,314.1,25,10,2025-11-20
STORE029,SKU00024,158.1,25,10,2025-11-20
STORE010,SKU00024,35.5,25,10,2025-11-20
STORE012,SKU00024,186.3,25,10,2025-11-20
STORE003,SKU00024,9.5,25,10,2025-11-20
STORE020,SKU00024,654.1,25,10,2025-11-20
STORE011,SKU00024,81.6,25,10,2025-11-20
STORE027,SKU00024,296.0,25,10,2025-11-20
STORE025,SKU00024,101.8,25,10,2025-11-20
STORE024,SKU00024,200.0,25,10,2025-11-20
STORE002,SKU00024,215.6,25,10,2025-11-20
STORE005,SKU00024,55.7,25,10,2025-11-20
STORE030,SKU00024,951.7,25,10,2025-11-20
STORE007,SKU00024,406.6,25,10,2025-11-20
STORE009,SKU00024,764.3,25,10,2025-11-20
STORE016,SKU00024,613.7,25,10,2025-11-20
STORE026,SKU00024,248.2,25,10,2025-11-20
STORE019,SKU00024,694.7,25,10,2025-11-20
STORE015,SKU00024,25.2,25,10,2025-11-20
STORE022,SKU00024,59.4,25,10,2025-11-20
STORE017,SKU00024,12.6,25,10,2025-11-20
STORE028,SKU00024,107.2,25,10,2025-11-20
STORE014,SKU00024,134.1,25,10,2025-11-20
STORE012,SKU00025,26.7,25,10,2025-11-20
STORE029,SKU00025,149.0,25,10,2025-11-20
STORE004,SKU00025,37.3,25,10,2025-11-20
STORE009,SKU00026,81.0,25,10,2025-11-20
STORE030,SKU00027,170.8,26,11,2025-11-20
STORE016,SKU00027,33.2,26,11,2025-11-20
STORE022,SKU00028,80.0,25,10,2025-11-20
STORE012,SKU00028,3.8,25,10,2025-11-20
STORE030,SKU00028,214.1,25,10,2025-11-20
STORE009,SKU00028,73.1,25,10,2025-11-20
STORE026,SKU00029,0.0,124,49,2025-10-15
STORE026,SKU00030,80.0,25,10,2025-11-20
STORE003,SKU00030,2.0,25,10,2025-11-20
STORE026,SKU00031,148.7,25,10,2025-11-20
STORE001,SKU00031,107.9,25,10,2025-11-20
STORE028,SKU00031,114.9,25,10,2025-11-20
STORE030,SKU00031,129.8,25,10,2025-11-20
STORE005,SKU00031,6.8,25,10,2025-11-20
STORE025,SKU00032,19.5,25,10,2025-11-20
STORE021,SKU00032,5.4,25,10,2025-11-20
STORE005,SKU00032,87.1,25,10,2025-11-20
STORE011,SKU00033,136.0,25,10,2025-11-20
STORE005,SKU00034,116.9,25,10,2025-11-20
STORE013,SKU00034,19.1,25,10,2025-11-20
STORE015,SKU00035,37.4,25,10,2025-11-20
STORE024,SKU00035,39.5,25,10,2025-11-20
STORE026,SKU00035,131.5,25,10,2025-11-20
STORE028,SKU00035,102.0,25,10,2025-11-20
STORE016,SKU00035,219.3,25,10,2025-11-20
STORE003,SKU00035,64.2,25,10,2025-11-20
STORE004,SKU00036,134.0,76,38,2025-11-20
STORE019,SKU00037,155.7,25,10,2025-11-20
STORE014,SKU00037,178.3,25,10,2025-11-20
STORE024,SKU00038,18.0,27,12,2025-11-20
STORE009,SKU00039,147.7,25,10,2025-11-20
STORE005,SKU00039,68.2,25,10,2025-11-20
STORE003,SKU00039,74.1,25,10,2025-11-20
STORE011,SKU00040,101.0,25,10,2025-11-20
STORE005,SKU00041,22.6,25,10,2025-11-20
STORE006,SKU00041,100.4,25,10,2025-11-20
STORE025,SKU00042,0.0,84,32,2025-10-15
STORE011,SKU00043,107.0,41,20,2025-11-20
STORE016,SKU00044,152.3,25,10,2025-11-20
STORE014,SKU00044,56.8,25,10,2025-11-20
STORE023,SKU00044,106.9,25,10,2025-11-20
STORE014,SKU00045,80.3,25,10,2025-11-20
STORE020,SKU00045,9.7,25,10,2025-11-20
STORE026,SKU00046,75.2,25,10,2025-11-20
STORE021,SKU00046,200.5,25,10,2025-11-20
STORE011,SKU00046,37.0,25,10,2025-11-20
STORE005,SKU00046,11.4,25,10,2025-11-20
STORE026,SKU00047,20.6,25,10,2025-11-20
STORE021,SKU00047,10.6,25,10,2025-11-20
STORE030,SKU00047,160.2,25,10,2025-11-20
STORE008,SKU00047,99.6,25,10,2025-11-20
STORE013,SKU00048,109.1,25,10,2025-11-20
STORE014,SKU00048,222.9,25,10,2025-11-20
STORE018,SKU00049,50.0,29,14,2025-11-20
STORE016,SKU00050,0.8,25,10,2025-11-20
STORE018,SKU00050,8.8,25,10,2025-11-20
STORE029,SKU00050,3.1,25,10,2025-11-20
STORE030,SKU00050,6.5,25,10,2025-11-20
STORE028,SKU00050,9.0,25,10,2025-11-20
STORE026,SKU00050,1.5,25,10,2025-11-20
STORE008,SKU00050,0.5,25,10,2025-11-20
STORE013,SKU00050,1.0,25,10,2025-11-20
STORE003,SKU00050,2.2,25,10,2025-11-20
STORE019,SKU00050,6.8,25,10,2025-11-20
STORE014,SKU00050,7.8,25,10,2025-11-20
STORE017,SKU00051,123.0,25,10,2025-11-20
STORE019,SKU00052,186.8,25,10,2025-11-20
STORE025,SKU00052,141.2,25,10,2025-11-20
STORE023,SKU00052,65.6,25,10,2025-11-20
STORE026,SKU00052,33.4,25,10,2025-11-20
STORE024,SKU00052,107.6,25,10,2025-11-20
STORE008,SKU00052,748.1,25,10,2025-11-20
STORE028,SKU00052,102.0,25,10,2025-11-20
STORE003,SKU00052,191.1,25,10,2025-11-20
STORE029,SKU00052,317.2,25,10,2025-11-20
STORE012,SKU00052,118.1,25,10,2025-11-20
STORE001,SKU00052,932.2,25,10,2025-11-20
STORE007,SKU00052,857.6,25,10,2025-11-20
STORE020,SKU00052,75.8,25,10,2025-11-20
STORE021,SKU00052,179.7,25,10,2025-11-20
STORE016,SKU00052,93.5,25,10,2025-11-20
STORE027,SKU00052,87.6,25,10,2025-11-20
STORE002,SKU00052,9.8,25,10,2025-11-20
STORE018,SKU00052,245.7,25,10,2025-11-20
STORE006,SKU00052,182.5,25,10,2025-11-20
STORE017,SKU00052,13.8,25,10,2025-11-20
STORE015,SKU00052,85.3,25,10,2025-11-20
STORE005,SKU00052,624.2,25,10,2025-11-20
STORE015,SKU00053,60.0,25,10,2025-11-20
STORE005,SKU00054,0.0,111,46,2025-10-15
STORE030,SKU00055,0.0,105,49,2025-10-15
STORE008,SKU00056,3.5,25,10,2025-11-20
STORE007,SKU00056,15.0,25,10,2025-11-20
STORE027,SKU00056,94.5,25,10,2025-11-20
STORE008,SKU00057,30.0,25,10,2025-11-20
STORE002,SKU00058,149.0,25,10,2025-11-20
STORE024,SKU00059,286.5,25,10,2025-11-20
STORE005,SKU00059,54.2,25,10,2025-11-20
STORE004,SKU00059,260.3,25,10,2025-11-20
STORE023,SKU00060,79.5,26,11,2025-11-20
STORE005,SKU00060,173.5,26,11,2025-11-20
STORE013,SKU00061,159.2,25,10,2025-11-20
STORE024,SKU00061,121.7,25,10,2025-11-20
STORE001,SKU00061,15.0,25,10,2025-11-20
STORE023,SKU00062,43.6,25,10,2025-11-20
STORE014,SKU00062,9.3,25,10,2025-11-20
STORE012,SKU00062,5.0,25,10,2025-11-20
STORE002,SKU00062,1.0,25,10,2025-11-20
STORE030,SKU00062,21.6,25,10,2025-11-20
STORE004,SKU00062,27.4,25,10,2025-11-20
STORE022,SKU00062,0.4,25,10,2025-11-20
STORE019,SKU00062,17.3,25,10,2025-11-20
STORE003,SKU00062,6.2,25,10,2025-11-20
STORE016,SKU00062,25.0,25,10,2025-11-20
STORE020,SKU00062,4.6,25,10,2025-11-20
STORE006,SKU00062,28.4,25,10,2025-11-20
STORE001,SKU00062,11.8,25,10,2025-11-20
STORE005,SKU00062,66.7,25,10,2025-11-20
STORE028,SKU00062,3.6,25,10,2025-11-20
STORE005,SKU00063,84.0,25,10,2025-11-20
STORE003,SKU00064,10.3,25,10,2025-11-20
STORE008,SKU00064,220.1,25,10,2025-11-20
STORE001,SKU00064,178.6,25,10,2025-11-20
STORE019,SKU00065,215.0,25,10,2025-11-20
STORE027,SKU00066,227.7,25,10,2025-11-20
STORE030,SKU00066,358.6,25,10,2025-11-20
STORE014,SKU00066,171.0,25,10,2025-11-20
STORE005,SKU00066,159.2,25,10,2025-11-20
STORE025,SKU00066,58.4,25,10,2025-11-20
STORE006,SKU00066,20.6,25,10,2025-11-20
STORE016,SKU00066,480.1,25,10,2025-11-20
STORE029,SKU00066,486.8,25,10,2025-11-20
STORE017,SKU00066,211.6,25,10,2025-11-20
STORE010,SKU00066,87.4,25,10,2025-11-20
STORE024,SKU00066,90.7,25,10,2025-11-20
STORE028,SKU00066,273.2,25,10,2025-11-20
STORE011,SKU00066,479.9,25,10,2025-11-20
STORE015,SKU00066,460.3,25,10,2025-11-20
STORE001,SKU00066,319.4,25,10,2025-11-20
STORE023,SKU00066,216.8,25,10,2025-11-20
STORE002,SKU00066,18.5,25,10,2025-11-20
STORE003,SKU00066,37.2,25,10,2025-11-20
STORE020,SKU00066,482.9,25,10,2025-11-20
STORE018,SKU00066,196.8,25,10,2025-11-20
STORE002,SKU00067,16.2,25,10,2025-11-20
STORE020,SKU00067,187.8,25,10,2025-11-20
STORE025,SKU00068,8.0,31,15,2025-11-20
STORE006,SKU00069,0.9,25,10,2025-11-20
STORE017,SKU00069,32.8,25,10,2025-11-20
STORE001,SKU00069,148.9,25,10,2025-11-20
STORE013,SKU00069,220.3,25,10,2025-11-20
STORE027,SKU00070,141.2,25,10,2025-11-20
STORE014,SKU00070,34.0,25,10,2025-11-20
STORE022,SKU00070,166.6,25,10,2025-11-20
STORE029,SKU00070,36.2,25,10,2025-11-20
STORE015,SKU00071,63.5,25,10,2025-11-20
STORE018,SKU00071,221.5,25,10,2025-11-20
STORE023,SKU00072,0.0,92,46,2025-10-15
STORE030,SKU00073,126.0,25,10,2025-11-20
STORE019,SKU00074,56.2,25,10,2025-11-20
STORE017,SKU00074,31.8,25,10,2025-11-20
STORE010,SKU00075,210.8,25,10,2025-11-20
STORE023,SKU00075,24.7,25,10,2025-11-20
STORE008,SKU00075,115.0,25,10,2025-11-20
STORE014,SKU00075,77.3,25,10,2025-11-20
STORE006,SKU00075,70.2,25,10,2025-11-20
STORE009,SKU00075,906.5,25,10,2025-11-20
STORE003,SKU00075,125.3,25,10,2025-11-20
STORE017,SKU00075,558.6,25,10,2025-11-20
STORE013,SKU00075,250.3,25,10,2025-11-20
STORE005,SKU00075,397.5,25,10,2025-11-20
STORE007,SKU00075,175.3,25,10,2025-11-20
STORE022,SKU00075,215.9,25,10,2025-11-20
STORE002,SKU00075,170.2,25,10,2025-11-20
STORE028,SKU00075,54.5,25,10,2025-11-20
STORE019,SKU00075,321.7,25,10,2025-11-20
STORE024,SKU00075,82.7,25,10,2025-11-20
STORE027,SKU00075,6.2,25,10,2025-11-20
STORE012,SKU00075,260.2,25,10,2025-11-20
STORE025,SKU00075,48.9,25,10,2025-11-20
STORE030,SKU00075,707.9,25,10,2025-11-20
STORE018,SKU00075,772.3,25,10,2025-11-20
STORE027,SKU00076,128.1,25,10,2025-11-20
STORE023,SKU00076,24.0,25,10,2025-11-20
STORE015,SKU00076,0.8,25,10,2025-11-20
STORE016,SKU00077,82.3,25,10,2025-11-20
STORE011,SKU00077,17.5,25,10,2025-11-20
STORE021,SKU00077,106.2,25,10,2025-11-20
STORE021,SKU00078,69.0,25,10,2025-11-20
STORE013,SKU00079,16.0,49,24,2025-11-20
STORE027,SKU00079,2.9,49,24,2025-11-20
STORE030,SKU00079,4.1,49,24,2025-11-20
STORE006,SKU00079,15.9,49,24,2025-11-20
STORE002,SKU00079,3.2,49,24,2025-11-20
STORE012,SKU00079,1.6,49,24,2025-11-20
STORE021,SKU00079,6.8,49,24,2025-11-20
STORE014,SKU00079,23.0,49,24,2025-11-20
STORE007,SKU00079,10.0,49,24,2025-11-20
STORE009,SKU00079,7.1,49,24,2025-11-20
STORE004,SKU00079,0.9,49,24,2025-11-20
STORE020,SKU00079,8.0,49,24,2025-11-20
STORE003,SKU00079,38.6,49,24,2025-11-20
STORE012,SKU00080,1.0,25,10,2025-11-20
STORE020,SKU00081,71.3,25,10,2025-11-20
STORE025,SKU00081,204.7,25,10,2025-11-20
STORE028,SKU00082,92.9,25,10,2025-11-20
STORE011,SKU00082,82.1,25,10,2025-11-20
STORE001,SKU00083,152.1,25,10,2025-11-20
STORE008,SKU00083,55.9,25,10,2025-11-20
STORE010,SKU00084,6.8,25,10,2025-11-20
STORE006,SKU00084,32.2,25,10,2025-11-20
STORE018,SKU00085,139.1,25,10,2025-11-20
STORE004,SKU00085,168.9,25,10,2025-11-20
STORE003,SKU00086,145.8,25,10,2025-11-20
STORE007,SKU00086,42.7,25,10,2025-11-20
STORE020,SKU00086,41.5,25,10,2025-11-20
STORE001,SKU00087,28.0,28,13,2025-11-20
STORE025,SKU00088,0.0,98,49,2025-10-15
STORE007,SKU00089,0.0,79,37,2025-10-15
STORE021,SKU00090,501.3,25,10,2025-11-20
STORE002,SKU00090,578.1,25,10,2025-11-20
STORE008,SKU00090,758.7,25,10,2025-11-20
STORE009,SKU00090,1054.1,25,10,2025-11-20
STORE003,SKU00090,197.0,25,10,2025-11-20
STORE019,SKU00090,224.9,25,10,2025-11-20
STORE025,SKU00090,47.1,25,10,2025-11-20
STORE029,SKU00090,412.3,25,10,2025-11-20
STORE024,SKU00090,17.5,25,10,2025-11-20
STORE016,SKU00090,299.2,25,10,2025-11-20
STORE023,SKU00090,373.6,25,10,2025-11-20
STORE020,SKU00090,161.2,25,10,2025-11-20
STORE011,SKU00090,426.8,25,10,2025-11-20
STORE026,SKU00090,14.8,25,10,2025-11-20
STORE010,SKU00090,18.2,25,10,2025-11-20
STORE001,SKU00090,825.9,25,10,2025-11-20
STORE006,SKU00090,213.3,25,10,2025-11-20
STORE013,SKU00090,64.9,25,10,2025-11-20
STORE005,SKU00090,352.8,25,10,2025-11-20
STORE007,SKU00090,701.9,25,10,2025-11-20
STORE027,SKU00090,116.1,25,10,2025-11-20
STORE004,SKU00090,465.7,25,10,2025-11-20
STORE014,SKU00090,42.6,25,10,2025-11-20
STORE025,SKU00091,8.7,25,10,2025-11-20
STORE013,SKU00091,124.0,25,10,2025-11-20
STORE024,SKU00091,127.3,25,10,2025-11-20
STORE012,SKU00092,60.2,43,21,2025-11-20
STORE005,SKU00092,76.8,43,21,2025-11-20
STORE023,SKU00093,231.0,25,10,2025-11-20
STORE022,SKU00093,45.0,25,10,2025-11-20
STORE004,SKU00094,17.4,25,10,2025-11-20
STORE011,SKU00094,70.6,25,10,2025-11-20
STORE014,SKU00095,98.0,25,10,2025-11-20
STORE029,SKU00096,127.0,53,26,2025-11-20
STORE024,SKU00097,286.9,25,10,2025-11-20
STORE017,SKU00097,90.1,25,10,2025-11-20
STORE004,SKU00098,224.0,25,10,2025-11-20
STORE017,SKU00099,18.0,25,10,2025-11-20
STORE026,SKU00100,122.8,25,10,2025-11-20
STORE025,SKU00100,54.2,25,10,2025-11-20
STORE005,SKU00101,0.0,87,20,2025-10-15
STORE026,SKU00102,69.2,35,17,2025-11-20
STORE013,SKU00102,61.8,35,17,2025-11-20
STORE016,SKU00103,24.8,25,10,2025-11-20
STORE019,SKU00103,68.5,25,10,2025-11-20
STORE028,SKU00103,107.8,25,10,2025-11-20
STORE002,SKU00103,92.8,25,10,2025-11-20
STORE010,SKU00104,28.7,25,10,2025-11-20
STORE006,SKU00104,270.3,25,10,2025-11-20
STORE005,SKU00105,184.6,25,10,2025-11-20
STORE022,SKU00105,111.4,25,10,2025-11-20
STORE015,SKU00106,113.5,25,10,2025-11-20
STORE003,SKU00106,65.3,25,10,2025-11-20
STORE029,SKU00106,34.2,25,10,2025-11-20
STORE021,SKU00106,52.8,25,10,2025-11-20
STORE023,SKU00106,170.2,25,10,2025-11-20
STORE008,SKU00107,17.8,25,10,2025-11-20
STORE029,SKU00107,151.4,25,10,2025-11-20
STORE007,SKU00107,57.8,25,10,2025-11-20
STORE026,SKU00107,51.0,25,10,2025-11-20
STORE022,SKU00108,141.2,25,10,2025-11-20
STORE021,SKU00108,88.8,25,10,2025-11-20
STORE005,SKU00108,46.9,25,10,2025-11-20
STORE025,SKU00109,0.0,82,42,2025-10-15
STORE017,SKU00110,17.7,25,10,2025-11-20
STORE024,SKU00110,116.3,25,10,2025-11-20
STORE020,SKU00111,202.4,25,10,2025-11-20
STORE021,SKU00111,60.0,25,10,2025-11-20
STORE017,SKU00111,179.5,25,10,2025-11-20
STORE030,SKU00112,76.1,25,10,2025-11-20
STORE025,SKU00112,143.2,25,10,2025-11-20
STORE011,SKU00112,150.8,25,10,2025-11-20
STORE015,SKU00112,6.9,25,10,2025-11-20
STORE026,SKU00113,74.3,25,10,2025-11-20
STORE005,SKU00113,155.7,25,10,2025-11-20
STORE011,SKU00114,25.4,25,10,2025-11-20
STORE010,SKU00114,70.6,25,10,2025-11-20
STORE012,SKU00115,272.4,25,10,2025-11-20
STORE020,SKU00115,45.1,25,10,2025-11-20
STORE028,SKU00115,18.5,25,10,2025-11-20
STORE014,SKU00116,10.0,30,15,2025-11-20
STORE002,SKU00117,1.6,25,10,2025-11-20
STORE029,SKU00117,53.5,25,10,2025-11-20
STORE023,SKU00117,170.9,25,10,2025-11-20
STORE025,SKU00117,52.0,25,10,2025-11-20
STORE022,SKU00118,80.8,25,10,2025-11-20
STORE013,SKU00118,169.5,25,10,2025-11-20
STORE008,SKU00118,100.8,25,10,2025-11-20
STORE007,SKU00119,5.0,43,21,2025-11-20
STORE020,SKU00120,215.0,25,10,2025-11-20
STORE003,SKU00120,37.0,25,10,2025-11-20
STORE005,SKU00121,0.0,108,38,2025-10-15
STORE016,SKU00122,54.7,25,10,2025-11-20
STORE004,SKU00122,39.7,25,10,2025-11-20
STORE026,SKU00122,3.7,25,10,2025-11-20
STORE001,SKU00123,93.2,25,10,2025-11-20
STORE005,SKU00123,137.8,25,10,2025-11-20
STORE025,SKU00124,15.0,25,10,2025-11-20
STORE028,SKU00125,14.8,25,10,2025-11-20
STORE010,SKU00125,171.2,25,10,2025-11-20
STORE018,SKU00126,22.6,33,16,2025-11-20
STORE028,SKU00126,117.4,33,16,2025-11-20
STORE026,SKU00127,414.9,25,10,2025-11-20
STORE030,SKU00127,5.2,25,10,2025-11-20
STORE003,SKU00127,375.0,25,10,2025-11-20
STORE016,SKU00127,73.7,25,10,2025-11-20
STORE004,SKU00127,28.0,25,10,2025-11-20
STORE015,SKU00127,265.6,25,10,2025-11-20
STORE011,SKU00127,220.7,25,10,2025-11-20
STORE006,SKU00127,467.4,25,10,2025-11-20
STORE010,SKU00127,295.7,25,10,2025-11-20
STORE023,SKU00127,362.2,25,10,2025-11-20
STORE028,SKU00127,73.8,25,10,2025-11-20
STORE009,SKU00127,43.5,25,10,2025-11-20
STORE012,SKU00127,309.2,25,10,2025-11-20
STORE018,SKU00127,366.0,25,10,2025-11-20
STORE020,SKU00127,1036.8,25,10,2025-11-20
STORE002,SKU00127,118.5,25,10,2025-11-20
STORE027,SKU00127,103.6,25,10,2025-11-20
STORE017,SKU00127,333.5,25,10,2025-11-20
STORE008,SKU00127,92.8,25,10,2025-11-20
STORE009,SKU00128,124.0,25,10,2025-11-20
STORE016,SKU00129,83.0,31,15,2025-11-20
STORE009,SKU00130,64.7,25,10,2025-11-20
STORE025,SKU00130,160.3,25,10,2025-11-20
STORE029,SKU00131,242.2,29,14,2025-11-20
STORE015,SKU00131,18.8,29,14,2025-11-20
STORE021,SKU00132,0.0,87,49,2025-10-15
STORE004,SKU00133,177.7,25,10,2025-11-20
STORE019,SKU00133,53.7,25,10,2025-11-20
STORE016,SKU00133,133.6,25,10,2025-11-20
STORE002,SKU00134,25.7,25,10,2025-11-20
STORE012,SKU00134,150.5,25,10,2025-11-20
STORE028,SKU00134,32.8,25,10,2025-11-20
STORE010,SKU00135,0.8,25,10,2025-11-20
STORE013,SKU00135,180.4,25,10,2025-11-20
STORE014,SKU00135,7.3,25,10,2025-11-20
STORE028,SKU00135,29.4,25,10,2025-11-20
STORE020,SKU00136,112.0,25,10,2025-11-20
STORE030,SKU00137,156.0,25,10,2025-11-20
STORE022,SKU00138,132.1,25,10,2025-11-20
STORE005,SKU00138,155.0,25,10,2025-11-20
STORE015,SKU00138,92.3,25,10,2025-11-20
STORE012,SKU00138,53.8,25,10,2025-11-20
STORE017,SKU00138,61.8,25,10,2025-11-20
STORE028,SKU00139,0.0,89,39,2025-10-15
STORE012,SKU00140,112.0,25,10,2025-11-20
STORE003,SKU00141,62.6,25,10,2025-11-20
STORE022,SKU00141,70.4,25,10,2025-11-20
STORE014,SKU00142,168.7,25,10,2025-11-20
STORE017,SKU00142,10.3,25,10,2025-11-20
STORE015,SKU00143,79.0,27,12,2025-11-20
STORE009,SKU00144,6.8,25,10,2025-11-20
STORE029,SKU00144,91.4,25,10,2025-11-20
STORE022,SKU00144,66.8,25,10,2025-11-20
STORE002,SKU00145,71.8,25,10,2025-11-20
STORE020,SKU00145,14.2,25,10,2025-11-20
STORE021,SKU00146,27.7,25,10,2025-11-20
STORE002,SKU00146,34.3,25,10,2025-11-20
STORE024,SKU00146,319.0,25,10,2025-11-20
STORE026,SKU00147,14.0,25,10,2025-11-20
STORE008,SKU00148,0.0,107,42,2025-10-15
STORE001,SKU00149,87.0,31,15,2025-11-20
STORE005,SKU00150,19.7,25,10,2025-11-20
STORE028,SKU00150,270.8,25,10,2025-11-20
STORE004,SKU00150,16.9,25,10,2025-11-20
STORE010,SKU00150,387.0,25,10,2025-11-20
STORE013,SKU00150,274.8,25,10,2025-11-20
STORE006,SKU00150,19.0,25,10,2025-11-20
STORE019,SKU00150,19.9,25,10,2025-11-20
STORE026,SKU00150,968.0,25,10,2025-11-20
STORE003,SKU00150,105.2,25,10,2025-11-20
STORE008,SKU00150,103.9,25,10,2025-11-20
STORE023,SKU00150,375.9,25,10,2025-11-20
STORE015,SKU00150,660.0,25,10,2025-11-20
STORE022,SKU00150,957.5,25,10,2025-11-20
STORE012,SKU00150,314.0,25,10,2025-11-20
STORE024,SKU00150,105.9,25,10,2025-11-20
STORE021,SKU00150,19.6,25,10,2025-11-20
STORE021,SKU00151,261.0,25,10,2025-11-20
STORE018,SKU00152,0.0,107,48,2025-10-15
STORE004,SKU00153,103.9,25,10,2025-11-20
STORE003,SKU00153,70.1,25,10,2025-11-20
STORE006,SKU00154,46.0,25,10,2025-11-20
STORE024,SKU00155,25.6,25,10,2025-11-20
STORE004,SKU00155,147.4,25,10,2025-11-20
STORE013,SKU00155,2.5,25,10,2025-11-20
STORE025,SKU00155,137.4,25,10,2025-11-20
STORE014,SKU00155,12.6,25,10,2025-11-20
STORE007,SKU00155,27.5,25,10,2025-11-20
STORE028,SKU00155,27.2,25,10,2025-11-20
STORE011,SKU00155,227.6,25,10,2025-11-20
STORE003,SKU00155,297.8,25,10,2025-11-20
STORE023,SKU00155,190.2,25,10,2025-11-20
STORE021,SKU00155,711.5,25,10,2025-11-20
STORE016,SKU00155,102.1,25,10,2025-11-20
STORE027,SKU00155,73.1,25,10,2025-11-20
STORE019,SKU00155,441.0,25,10,2025-11-20
STORE029,SKU00155,55.0,25,10,2025-11-20
STORE005,SKU00155,717.6,25,10,2025-11-20
STORE008,SKU00155,2.7,25,10,2025-11-20
STORE001,SKU00155,761.0,25,10,2025-11-20
STORE009,SKU00155,9.6,25,10,2025-11-20
STORE022,SKU00155,481.9,25,10,2025-11-20
STORE026,SKU00155,163.0,25,10,2025-11-20
STORE020,SKU00155,1077.0,25,10,2025-11-20
STORE017,SKU00155,16.7,25,10,2025-11-20
STORE012,SKU00155,175.4,25,10,2025-11-20
STORE015,SKU00155,756.9,25,10,2025-11-20
STORE030,SKU00155,160.9,25,10,2025-11-20
STORE010,SKU00155,215.7,25,10,2025-11-20
STORE006,SKU00155,258.5,25,10,2025-11-20
STORE002,SKU00155,131.7,25,10,2025-11-20
STORE026,SKU00156,90.5,25,10,2025-11-20
STORE014,SKU00156,80.5,25,10,2025-11-20
STORE016,SKU00157,276.1,25,10,2025-11-20
STORE007,SKU00157,5.5,25,10,2025-11-20
STORE002,SKU00157,39.4,25,10,2025-11-20
STORE007,SKU00158,0.0,78,47,2025-10-15
STORE025,SKU00159,230.5,25,10,2025-11-20
STORE022,SKU00159,169.5,25,10,2025-11-20
STORE014,SKU00160,76.0,25,10,2025-11-20
STORE009,SKU00161,52.0,25,10,2025-11-20
STORE009,SKU00162,84.0,25,10,2025-11-20
STORE021,SKU00163,179.0,84,42,2025-11-20
STORE006,SKU00164,0.0,61,22,2025-10-15
STORE003,SKU00165,0.0,83,28,2025-10-15
STORE003,SKU00166,98.3,53,26,2025-11-20
STORE010,SKU00166,68.7,53,26,2025-11-20
STORE028,SKU00167,130.3,25,10,2025-11-20
STORE023,SKU00167,12.0,25,10,2025-11-20
STORE015,SKU00167,544.9,25,10,2025-11-20
STORE014,SKU00167,636.9,25,10,2025-11-20
STORE017,SKU00167,178.1,25,10,2025-11-20
STORE007,SKU00167,114.2,25,10,2025-11-20
STORE022,SKU00167,55.1,25,10,2025-11-20
STORE009,SKU00167,249.9,25,10,2025-11-20
STORE006,SKU00167,171.6,25,10,2025-11-20
STORE002,SKU00167,26.4,25,10,2025-11-20
STORE003,SKU00167,359.5,25,10,2025-11-20
STORE027,SKU00167,257.0,25,10,2025-11-20
STORE011,SKU00167,444.8,25,10,2025-11-20
STORE010,SKU00167,192.3,25,10,2025-11-20
STORE024,SKU00167,141.3,25,10,2025-11-20
STORE004,SKU00167,80.5,25,10,2025-11-20
STORE016,SKU00167,401.3,25,10,2025-11-20
STORE025,SKU00167,298.9,25,10,2025-11-20
STORE008,SKU00167,6.9,25,10,2025-11-20
STORE012,SKU00167,4.0,25,10,2025-11-20
STORE029,SKU00167,70.2,25,10,2025-11-20
STORE020,SKU00167,247.3,25,10,2025-11-20
STORE013,SKU00167,648.8,25,10,2025-11-20
STORE026,SKU00167,24.2,25,10,2025-11-20
STORE019,SKU00167,134.1,25,10,2025-11-20
STORE005,SKU00167,71.3,25,10,2025-11-20
STORE030,SKU00167,520.9,25,10,2025-11-20
STORE001,SKU00167,274.4,25,10,2025-11-20
STORE018,SKU00167,270.9,25,10,2025-11-20
STORE021,SKU00167,94.0,25,10,2025-11-20
STORE024,SKU00168,52.0,30,15,2025-11-20
STORE022,SKU00169,0.0,103,23,2025-10-15
STORE019,SKU00169,0.0,97,41,2025-10-15
STORE020,SKU00169,0.0,91,28,2025-10-15
STORE005,SKU00169,0.0,73,43,2025-10-15
STORE011,SKU00169,0.0,72,34,2025-10-15
STORE030,SKU00169,0.0,98,40,2025-10-15
STORE024,SKU00169,0.0,107,40,2025-10-15
STORE026,SKU00169,0.0,55,23,2025-10-15
STORE001,SKU00169,0.0,103,26,2025-10-15
STORE027,SKU00169,0.0,82,26,2025-10-15
STORE015,SKU00169,0.0,106,42,2025-10-15
STORE021,SKU00169,0.0,84,44,2025-10-15
STORE016,SKU00169,0.0,93,39,2025-10-15
STORE023,SKU00169,0.0,78,26,2025-10-15
STORE007,SKU00170,53.1,25,10,2025-11-20
STORE030,SKU00170,9.7,25,10,2025-11-20
STORE022,SKU00170,332.9,25,10,2025-11-20
STORE019,SKU00170,278.9,25,10,2025-11-20
STORE001,SKU00170,1359.9,25,10,2025-11-20
STORE012,SKU00170,947.6,25,10,2025-11-20
STORE025,SKU00170,134.9,25,10,2025-11-20
STORE026,SKU00170,243.8,25,10,2025-11-20
STORE010,SKU00170,481.9,25,10,2025-11-20
STORE028,SKU00170,315.3,25,10,2025-11-20
STORE017,SKU00170,47.3,25,10,2025-11-20
STORE004,SKU00170,99.6,25,10,2025-11-20
STORE016,SKU00170,23.0,25,10,2025-11-20
STORE015,SKU00170,512.6,25,10,2025-11-20
STORE014,SKU00170,155.1,25,10,2025-11-20
STORE029,SKU00170,43.2,25,10,2025-11-20
STORE006,SKU00170,185.3,25,10,2025-11-20
STORE018,SKU00170,160.2,25,10,2025-11-20
STORE009,SKU00170,73.8,25,10,2025-11-20
STORE020,SKU00170,20.1,25,10,2025-11-20
STORE024,SKU00170,185.3,25,10,2025-11-20
STORE013,SKU00170,122.2,25,10,2025-11-20
STORE002,SKU00170,246.2,25,10,2025-11-20
STORE008,SKU00170,122.2,25,10,2025-11-20
STORE027,SKU00170,318.1,25,10,2025-11-20
STORE021,SKU00170,133.6,25,10,2025-11-20
STORE003,SKU00170,137.0,25,10,2025-11-20
STORE023,SKU00170,348.2,25,10,2025-11-20
STORE005,SKU00170,86.0,25,10,2025-11-20
STORE018,SKU00171,113.0,32,16,2025-11-20
STORE014,SKU00172,0.0,80,32,2025-10-15
STORE028,SKU00173,84.0,25,10,2025-11-20
STORE022,SKU00174,0.0,115,42,2025-10-15
STORE014,SKU00175,25.0,27,12,2025-11-20
STORE021,SKU00176,0.0,103,29,2025-10-15
STORE020,SKU00177,6.7,25,10,2025-11-20
STORE029,SKU00177,8.5,25,10,2025-11-20
STORE028,SKU00177,1.7,25,10,2025-11-20
STORE004,SKU00177,1.0,25,10,2025-11-20
STORE003,SKU00177,0.1,25,10,2025-11-20
STORE027,SKU00177,3.0,25,10,2025-11-20
STORE026,SKU00177,6.2,25,10,2025-11-20
STORE021,SKU00177,3.5,25,10,2025-11-20
STORE001,SKU00177,4.0,25,10,2025-11-20
STORE030,SKU00177,16.3,25,10,2025-11-20
STORE014,SKU00177,3.0,25,10,2025-11-20
STORE004,SKU00178,84.9,25,10,2025-11-20
STORE016,SKU00178,180.1,25,10,2025-11-20
STORE024,SKU00179,34.6,25,10,2025-11-20
STORE025,SKU00179,66.6,25,10,2025-11-20
STORE020,SKU00179,135.8,25,10,2025-11-20
STORE030,SKU00180,81.0,45,22,2025-11-20
STORE018,SKU00181,23.1,25,10,2025-11-20
STORE004,SKU00181,379.0,25,10,2025-11-20
STORE021,SKU00181,98.3,25,10,2025-11-20
STORE015,SKU00181,43.4,25,10,2025-11-20
STORE017,SKU00181,89.2,25,10,2025-11-20
STORE019,SKU00182,132.4,25,10,2025-11-20
STORE026,SKU00182,22.9,25,10,2025-11-20
STORE002,SKU00182,13.5,25,10,2025-11-20
STORE022,SKU00182,33.9,25,10,2025-11-20
STORE010,SKU00182,9.3,25,10,2025-11-20
STORE028,SKU00183,84.0,25,10,2025-11-20
STORE014,SKU00184,96.0,25,10,2025-11-20
STORE007,SKU00185,180.7,25,10,2025-11-20
STORE008,SKU00185,217.3,25,10,2025-11-20
STORE025,SKU00186,63.3,25,10,2025-11-20
STORE015,SKU00186,434.0,25,10,2025-11-20
STORE018,SKU00186,85.1,25,10,2025-11-20
STORE013,SKU00186,179.7,25,10,2025-11-20
STORE004,SKU00186,962.4,25,10,2025-11-20
STORE007,SKU00186,272.2,25,10,2025-11-20
STORE016,SKU00186,466.7,25,10,2025-11-20
STORE026,SKU00186,80.1,25,10,2025-11-20
STORE012,SKU00186,90.5,25,10,2025-11-20
STORE029,SKU00186,17.7,25,10,2025-11-20
STORE014,SKU00186,78.4,25,10,2025-11-20
STORE027,SKU00186,138.4,25,10,2025-11-20
STORE001,SKU00186,82.6,25,10,2025-11-20
STORE022,SKU00186,39.4,25,10,2025-11-20
STORE008,SKU00186,54.5,25,10,2025-11-20
STORE009,SKU00186,261.7,25,10,2025-11-20
STORE005,SKU00186,97.9,25,10,2025-11-20
STORE020,SKU00186,192.0,25,10,2025-11-20
STORE011,SKU00186,296.6,25,10,2025-11-20
STORE019,SKU00186,496.8,25,10,2025-11-20
STORE010,SKU00187,0.0,126,46,2025-10-15
STORE030,SKU00188,101.0,28,13,2025-11-20
STORE014,SKU00189,63.8,25,10,2025-11-20
STORE022,SKU00189,39.2,25,10,2025-11-20
STORE008,SKU00190,0.0,95,26,2025-10-15
STORE001,SKU00190,0.0,95,40,2025-10-15
STORE014,SKU00190,0.0,79,46,2025-10-15
STORE002,SKU00190,0.0,111,45,2025-10-15
STORE029,SKU00190,0.0,71,33,2025-10-15
STORE026,SKU00190,0.0,120,50,2025-10-15
STORE005,SKU00190,0.0,108,32,2025-10-15
STORE012,SKU00190,0.0,80,25,2025-10-15
STORE017,SKU00190,0.0,98,48,2025-10-15
STORE020,SKU00190,0.0,76,36,2025-10-15
STORE011,SKU00190,0.0,77,33,2025-10-15
STORE021,SKU00190,0.0,98,23,2025-10-15
STORE006,SKU00190,0.0,83,45,2025-10-15
STORE028,SKU00190,0.0,73,36,2025-10-15
STORE030,SKU00190,0.0,106,40,2025-10-15
STORE009,SKU00190,0.0,100,45,2025-10-15
STORE007,SKU00190,0.0,124,46,2025-10-15
STORE021,SKU00191,2.9,25,10,2025-11-20
STORE030,SKU00191,70.1,25,10,2025-11-20
STORE009,SKU00192,202.0,25,10,2025-11-20
STORE027,SKU00192,5.0,25,10,2025-11-20
STORE018,SKU00193,79.0,29,14,2025-11-20
STORE006,SKU00194,20.0,25,10,2025-11-20
STORE011,SKU00195,210.1,25,10,2025-11-20
STORE007,SKU00195,31.1,25,10,2025-11-20
STORE003,SKU00195,35.8,25,10,2025-11-20
STORE028,SKU00195,70.5,25,10,2025-11-20
STORE001,SKU00195,100.9,25,10,2025-11-20
STORE014,SKU00195,146.7,25,10,2025-11-20
STORE001,SKU00196,148.0,25,10,2025-11-20
STORE021,SKU00197,52.2,25,10,2025-11-20
STORE025,SKU00197,115.7,25,10,2025-11-20
STORE019,SKU00197,3.1,25,10,2025-11-20
STORE005,SKU00198,34.6,25,10,2025-11-20
STORE001,SKU00198,148.7,25,10,2025-11-20
STORE020,SKU00198,268.4,25,10,2025-11-20
STORE023,SKU00198,85.3,25,10,2025-11-20
STORE018,SKU00199,62.0,25,10,2025-11-20
STORE030,SKU00200,17.5,25,10,2025-11-20
STORE003,SKU00200,91.3,25,10,2025-11-20
STORE019,SKU00200,117.1,25,10,2025-11-20
STORE013,SKU00200,42.8,25,10,2025-11-20
STORE001,SKU00200,48.3,25,10,2025-11-20
STORE024,SKU00201,201.8,25,10,2025-11-20
STORE005,SKU00201,8.6,25,10,2025-11-20
STORE015,SKU00201,165.6,25,10,2025-11-20
STORE021,SKU00202,25.1,25,10,2025-11-20
STORE025,SKU00202,41.9,25,10,2025-11-20
STORE012,SKU00202,13.5,25,10,2025-11-20
STORE006,SKU00202,233.6,25,10,2025-11-20
STORE008,SKU00203,41.1,25,10,2025-11-20
STORE021,SKU00203,51.9,25,10,2025-11-20
STORE029,SKU00204,20.0,25,10,2025-11-20
STORE008,SKU00205,45.0,44,22,2025-11-20
STORE010,SKU00206,185.0,25,10,2025-11-20
STORE007,SKU00207,0.0,82,37,2025-10-15
STORE024,SKU00208,0.0,124,44,2025-10-15
STORE013,SKU00209,89.0,25,10,2025-11-20
STORE025,SKU00210,66.3,25,10,2025-11-20
STORE009,SKU00210,102.7,25,10,2025-11-20
STORE022,SKU00211,0.0,68,21,2025-10-15
STORE003,SKU00212,61.0,25,10,2025-11-20
STORE030,SKU00213,29.0,25,10,2025-11-20
STORE005,SKU00213,71.0,25,10,2025-11-20
STORE021,SKU00214,35.1,25,10,2025-11-20
STORE001,SKU00214,80.9,25,10,2025-11-20
STORE021,SKU00215,53.2,25,10,2025-11-20
STORE019,SKU00215,27.7,25,10,2025-11-20
STORE028,SKU00215,271.1,25,10,2025-11-20
STORE004,SKU00216,266.0,27,12,2025-11-20
STORE015,SKU00216,77.4,27,12,2025-11-20
STORE030,SKU00216,30.7,27,12,2025-11-20
STORE020,SKU00217,0.0,59,23,2025-10-15
STORE005,SKU00218,64.1,25,10,2025-11-20
STORE010,SKU00218,109.0,25,10,2025-11-20
STORE009,SKU00218,67.6,25,10,2025-11-20
STORE029,SKU00218,79.7,25,10,2025-11-20
STORE006,SKU00218,129.6,25,10,2025-11-20
STORE003,SKU00219,20.3,25,10,2025-11-20
STORE016,SKU00219,241.7,25,10,2025-11-20
STORE028,SKU00220,19.3,25,10,2025-11-20
STORE012,SKU00220,171.7,25,10,2025-11-20
STORE030,SKU00220,122.0,25,10,2025-11-20
STORE027,SKU00221,150.6,25,10,2025-11-20
STORE007,SKU00221,4.4,25,10,2025-11-20
STORE013,SKU00221,18.9,25,10,2025-11-20
STORE004,SKU00221,130.1,25,10,2025-11-20
STORE016,SKU00222,25.0,25,10,2025-11-20
STORE026,SKU00223,222.4,25,10,2025-11-20
STORE001,SKU00223,39.1,25,10,2025-11-20
STORE014,SKU00223,24.5,25,10,2025-11-20
STORE003,SKU00224,133.9,25,10,2025-11-20
STORE016,SKU00224,321.4,25,10,2025-11-20
STORE021,SKU00224,98.7,25,10,2025-11-20
STORE003,SKU00225,90.7,25,10,2025-11-20
STORE007,SKU00225,35.1,25,10,2025-11-20
STORE022,SKU00225,157.0,25,10,2025-11-20
STORE014,SKU00225,22.2,25,10,2025-11-20
STORE013,SKU00226,73.9,25,10,2025-11-20
STORE029,SKU00226,104.7,25,10,2025-11-20
STORE011,SKU00226,133.9,25,10,2025-11-20
STORE021,SKU00226,52.5,25,10,2025-11-20
STORE030,SKU00227,32.5,25,10,2025-11-20
STORE015,SKU00227,250.9,25,10,2025-11-20
STORE026,SKU00227,90.6,25,10,2025-11-20
STORE006,SKU00228,254.3,25,10,2025-11-20
STORE010,SKU00228,49.0,25,10,2025-11-20
STORE001,SKU00228,191.7,25,10,2025-11-20
STORE029,SKU00229,51.0,25,10,2025-11-20
STORE006,SKU00230,14.3,25,10,2025-11-20
STORE022,SKU00230,110.0,25,10,2025-11-20
STORE019,SKU00230,38.7,25,10,2025-11-20
STORE021,SKU00231,1.2,25,10,2025-11-20
STORE020,SKU00231,85.5,25,10,2025-11-20
STORE028,SKU00231,7.2,25,10,2025-11-20
STORE002,SKU00232,220.9,28,13,2025-11-20
STORE004,SKU00232,39.1,28,13,2025-11-20
STORE011,SKU00233,40.5,25,10,2025-11-20
STORE012,SKU00233,50.5,25,10,2025-11-20
STORE016,SKU00233,32.0,25,10,2025-11-20
STORE020,SKU00234,38.2,25,10,2025-11-20
STORE018,SKU00234,31.8,25,10,2025-11-20
STORE001,SKU00235,22.4,25,10,2025-11-20
STORE006,SKU00235,138.6,25,10,2025-11-20
STORE017,SKU00236,78.2,25,10,2025-11-20
STORE024,SKU00236,147.8,25,10,2025-11-20
STORE009,SKU00237,44.1,25,10,2025-11-20
STORE004,SKU00237,435.8,25,10,2025-11-20
STORE007,SKU00237,925.0,25,10,2025-11-20
STORE020,SKU00237,66.4,25,10,2025-11-20
STORE001,SKU00237,22.8,25,10,2025-11-20
STORE018,SKU00237,448.6,25,10,2025-11-20
STORE026,SKU00237,283.7,25,10,2025-11-20
STORE017,SKU00237,612.2,25,10,2025-11-20
STORE023,SKU00237,50.0,25,10,2025-11-20
STORE005,SKU00237,526.5,25,10,2025-11-20
STORE028,SKU00237,74.8,25,10,2025-11-20
STORE012,SKU00237,59.3,25,10,2025-11-20
STORE029,SKU00237,59.6,25,10,2025-11-20
STORE027,SKU00237,559.4,25,10,2025-11-20
STORE024,SKU00237,363.3,25,10,2025-11-20
STORE006,SKU00237,245.8,25,10,2025-11-20
STORE003,SKU00237,147.6,25,10,2025-11-20
STORE025,SKU00237,696.2,25,10,2025-11-20
STORE003,SKU00238,21.8,25,10,2025-11-20
STORE024,SKU00238,74.2,25,10,2025-11-20
STORE023,SKU00239,89.1,25,10,2025-11-20
STORE005,SKU00239,72.9,25,10,2025-11-20
STORE009,SKU00239,95.7,25,10,2025-11-20
STORE016,SKU00239,55.2,25,10,2025-11-20
STORE007,SKU00239,212.1,25,10,2025-11-20
STORE003,SKU00240,190.2,25,10,2025-11-20
STORE012,SKU00240,72.0,25,10,2025-11-20
STORE023,SKU00240,625.9,25,10,2025-11-20
STORE018,SKU00240,131.9,25,10,2025-11-20
STORE021,SKU00240,213.6,25,10,2025-11-20
STORE010,SKU00240,645.3,25,10,2025-11-20
STORE015,SKU00240,266.6,25,10,2025-11-20
STORE016,SKU00240,33.9,25,10,2025-11-20
STORE014,SKU00240,765.4,25,10,2025-11-20
STORE017,SKU00240,269.1,25,10,2025-11-20
STORE013,SKU00240,111.1,25,10,2025-11-20
STORE007,SKU00240,40.8,25,10,2025-11-20
STORE009,SKU00240,430.3,25,10,2025-11-20
STORE006,SKU00240,263.5,25,10,2025-11-20
STORE019,SKU00240,207.6,25,10,2025-11-20
STORE011,SKU00240,610.9,25,10,2025-11-20
STORE022,SKU00240,423.2,25,10,2025-11-20
STORE029,SKU00240,44.8,25,10,2025-11-20
STORE005,SKU00240,101.7,25,10,2025-11-20
STORE028,SKU00240,77.8,25,10,2025-11-20
STORE002,SKU00240,371.0,25,10,2025-11-20
STORE020,SKU00240,9.3,25,10,2025-11-20
STORE030,SKU00240,229.8,25,10,2025-11-20
STORE024,SKU00240,391.4,25,10,2025-11-20
STORE025,SKU00240,570.2,25,10,2025-11-20
STORE004,SKU00240,114.0,25,10,2025-11-20
STORE027,SKU00240,468.9,25,10,2025-11-20
STORE026,SKU00240,31.9,25,10,2025-11-20
STORE014,SKU00241,141.0,25,10,2025-11-20
STORE020,SKU00242,14.7,25,10,2025-11-20
STORE024,SKU00242,54.7,25,10,2025-11-20
STORE009,SKU00242,172.3,25,10,2025-11-20
STORE027,SKU00242,17.5,25,10,2025-11-20
STORE011,SKU00242,28.1,25,10,2025-11-20
STORE030,SKU00242,138.3,25,10,2025-11-20
STORE004,SKU00242,137.4,25,10,2025-11-20
STORE020,SKU00243,53.0,108,54,2025-11-20
STORE013,SKU00244,135.2,25,10,2025-11-20
STORE014,SKU00244,89.3,25,10,2025-11-20
STORE007,SKU00244,33.1,25,10,2025-11-20
STORE019,SKU00244,48.4,25,10,2025-11-20
STORE012,SKU00245,4.6,25,10,2025-11-20
STORE029,SKU00245,54.5,25,10,2025-11-20
STORE021,SKU00245,20.0,25,10,2025-11-20
STORE027,SKU00246,16.1,25,10,2025-11-20
STORE003,SKU00246,19.5,25,10,2025-11-20
STORE015,SKU00246,92.4,25,10,2025-11-20
STORE006,SKU00247,29.7,25,10,2025-11-20
STORE029,SKU00247,157.6,25,10,2025-11-20
STORE002,SKU00247,125.9,25,10,2025-11-20
STORE017,SKU00247,168.8,25,10,2025-11-20
STORE009,SKU00248,1.6,25,10,2025-11-20
STORE019,SKU00248,176.5,25,10,2025-11-20
STORE014,SKU00248,230.9,25,10,2025-11-20
STORE010,SKU00249,63.2,25,10,2025-11-20
STORE020,SKU00249,90.6,25,10,2025-11-20
STORE027,SKU00249,194.2,25,10,2025-11-20
STORE029,SKU00250,0.0,103,40,2025-10-15
STORE012,SKU00251,283.4,25,10,2025-11-20
STORE013,SKU00251,38.2,25,10,2025-11-20
STORE001,SKU00251,198.1,25,10,2025-11-20
STORE004,SKU00251,215.3,25,10,2025-11-20
STORE006,SKU00251,127.3,25,10,2025-11-20
STORE011,SKU00251,307.7,25,10,2025-11-20
STORE014,SKU00251,628.4,25,10,2025-11-20
STORE026,SKU00251,599.4,25,10,2025-11-20
STORE030,SKU00251,138.3,25,10,2025-11-20
STORE008,SKU00251,27.7,25,10,2025-11-20
STORE003,SKU00251,966.5,25,10,2025-11-20
STORE007,SKU00251,421.2,25,10,2025-11-20
STORE022,SKU00251,30.7,25,10,2025-11-20
STORE018,SKU00251,585.2,25,10,2025-11-20
STORE005,SKU00251,470.5,25,10,2025-11-20
STORE029,SKU00251,168.8,25,10,2025-11-20
STORE023,SKU00251,206.4,25,10,2025-11-20
STORE002,SKU00251,117.5,25,10,2025-11-20
STORE028,SKU00251,13.0,25,10,2025-11-20
STORE024,SKU00251,94.2,25,10,2025-11-20
STORE017,SKU00251,374.6,25,10,2025-11-20
STORE025,SKU00251,1.1,25,10,2025-11-20
STORE027,SKU00251,93.6,25,10,2025-11-20
STORE015,SKU00252,43.6,25,10,2025-11-20
STORE019,SKU00252,66.2,25,10,2025-11-20
STORE026,SKU00252,216.7,25,10,2025-11-20
STORE011,SKU00252,36.5,25,10,2025-11-20
STORE029,SKU00253,21.0,25,10,2025-11-20
STORE008,SKU00253,66.0,25,10,2025-11-20
STORE018,SKU00254,3.8,25,10,2025-11-20
STORE003,SKU00254,1.6,25,10,2025-11-20
STORE013,SKU00254,3.8,25,10,2025-11-20
STORE010,SKU00254,1.0,25,10,2025-11-20
STORE020,SKU00254,1.2,25,10,2025-11-20
STORE007,SKU00254,4.4,25,10,2025-11-20
STORE017,SKU00254,3.5,25,10,2025-11-20
STORE025,SKU00254,15.7,25,10,2025-11-20
STORE004,SKU00254,2.9,25,10,2025-11-20
STORE030,SKU00254,5.6,25,10,2025-11-20
STORE009,SKU00254,6.4,25,10,2025-11-20
STORE029,SKU00254,0.1,25,10,2025-11-20
STORE014,SKU00254,7.0,25,10,2025-11-20
STORE021,SKU00254,1.3,25,10,2025-11-20
STORE011,SKU00254,20.7,25,10,2025-11-20
STORE027,SKU00255,21.3,25,10,2025-11-20
STORE011,SKU00255,70.7,25,10,2025-11-20
STORE007,SKU00256,114.0,25,10,2025-11-20
STORE007,SKU00257,0.0,82,21,2025-10-15
STORE016,SKU00258,0.0,68,21,2025-10-15
STORE014,SKU00259,424.2,25,10,2025-11-20
STORE004,SKU00259,51.3,25,10,2025-11-20
STORE015,SKU00259,66.5,25,10,2025-11-20
STORE006,SKU00260,4.1,25,10,2025-11-20
STORE020,SKU00260,82.9,25,10,2025-11-20
STORE011,SKU00261,0.0,92,38,2025-10-15
STORE008,SKU00262,56.9,25,10,2025-11-20
STORE019,SKU00262,551.4,25,10,2025-11-20
STORE001,SKU00262,55.4,25,10,2025-11-20
STORE010,SKU00262,51.1,25,10,2025-11-20
STORE028,SKU00262,9.0,25,10,2025-11-20
STORE021,SKU00262,154.3,25,10,2025-11-20
STORE029,SKU00262,200.9,25,10,2025-11-20
STORE026,SKU00262,16.4,25,10,2025-11-20
STORE015,SKU00262,360.8,25,10,2025-11-20
STORE027,SKU00262,145.8,25,10,2025-11-20
STORE005,SKU00262,179.5,25,10,2025-11-20
STORE013,SKU00262,140.3,25,10,2025-11-20
STORE002,SKU00262,123.7,25,10,2025-11-20
STORE017,SKU00262,198.1,25,10,2025-11-20
STORE018,SKU00262,40.7,25,10,2025-11-20
STORE006,SKU00262,48.5,25,10,2025-11-20
STORE011,SKU00262,477.9,25,10,2025-11-20
STORE023,SKU00262,705.4,25,10,2025-11-20
STORE003,SKU00263,7.9,25,10,2025-11-20
STORE016,SKU00263,5.3,25,10,2025-11-20
STORE004,SKU00263,17.4,25,10,2025-11-20
STORE027,SKU00263,8.9,25,10,2025-11-20
STORE026,SKU00263,0.4,25,10,2025-11-20
STORE014,SKU00263,2.9,25,10,2025-11-20
STORE024,SKU00263,21.2,25,10,2025-11-20
STORE010,SKU00263,18.1,25,10,2025-11-20
STORE009,SKU00263,0.5,25,10,2025-11-20
STORE011,SKU00263,4.2,25,10,2025-11-20
STORE012,SKU00263,4.4,25,10,2025-11-20
STORE013,SKU00263,18.8,25,10,2025-11-20
STORE003,SKU00264,0.5,25,10,2025-11-20
STORE018,SKU00264,2.5,25,10,2025-11-20
STORE025,SKU00264,37.3,25,10,2025-11-20
STORE011,SKU00264,4.6,25,10,2025-11-20
STORE016,SKU00264,24.5,25,10,2025-11-20
STORE020,SKU00264,6.3,25,10,2025-11-20
STORE002,SKU00264,2.4,25,10,2025-11-20
STORE013,SKU00264,6.5,25,10,2025-11-20
STORE010,SKU00264,29.7,25,10,2025-11-20
STORE015,SKU00264,44.8,25,10,2025-11-20
STORE026,SKU00264,41.1,25,10,2025-11-20
STORE004,SKU00264,11.7,25,10,2025-11-20
STORE012,SKU00264,25.5,25,10,2025-11-20
STORE019,SKU00264,5.3,25,10,2025-11-20
STORE001,SKU00264,8.0,25,10,2025-11-20
STORE017,SKU00264,52.5,25,10,2025-11-20
STORE028,SKU00264,0.3,25,10,2025-11-20
STORE014,SKU00264,2.1,25,10,2025-11-20
STORE030,SKU00264,5.4,25,10,2025-11-20
STORE004,SKU00265,8.6,25,10,2025-11-20
STORE011,SKU00265,64.0,25,10,2025-11-20
STORE028,SKU00265,279.5,25,10,2025-11-20
STORE023,SKU00266,16.4,25,10,2025-11-20
STORE024,SKU00266,67.0,25,10,2025-11-20
STORE014,SKU00266,51.0,25,10,2025-11-20
STORE008,SKU00266,12.6,25,10,2025-11-20
STORE006,SKU00267,53.6,25,10,2025-11-20
STORE003,SKU00267,85.2,25,10,2025-11-20
STORE007,SKU00267,159.1,25,10,2025-11-20
STORE024,SKU00267,55.6,25,10,2025-11-20
STORE029,SKU00267,174.5,25,10,2025-11-20
STORE026,SKU00268,101.0,25,10,2025-11-20
STORE012,SKU00269,158.0,25,10,2025-11-20
STORE027,SKU00270,178.0,35,17,2025-11-20
STORE029,SKU00271,0.0,67,37,2025-10-15
STORE030,SKU00272,4.8,25,10,2025-11-20
STORE023,SKU00272,41.2,25,10,2025-11-20
STORE028,SKU00273,81.2,25,10,2025-11-20
STORE002,SKU00273,8.5,25,10,2025-11-20
STORE009,SKU00273,114.3,25,10,2025-11-20
STORE029,SKU00274,18.1,25,10,2025-11-20
STORE026,SKU00274,60.9,25,10,2025-11-20
STORE002,SKU00275,42.7,25,10,2025-11-20
STORE004,SKU00275,14.7,25,10,2025-11-20
STORE010,SKU00275,0.6,25,10,2025-11-20
STORE003,SKU00276,28.1,25,10,2025-11-20
STORE009,SKU00276,70.0,25,10,2025-11-20
STORE011,SKU00276,90.1,25,10,2025-11-20
STORE023,SKU00276,26.8,25,10,2025-11-20
STORE020,SKU00277,2.2,25,10,2025-11-20
STORE026,SKU00277,26.5,25,10,2025-11-20
STORE013,SKU00277,61.3,25,10,2025-11-20
STORE009,SKU00278,67.9,42,21,2025-11-20
STORE023,SKU00278,17.1,42,21,2025-11-20
STORE006,SKU00279,76.0,26,11,2025-11-20
STORE030,SKU00280,1.8,25,10,2025-11-20
STORE005,SKU00280,235.2,25,10,2025-11-20
STORE019,SKU00280,12.0,25,10,2025-11-20
STORE015,SKU00281,0.0,61,23,2025-10-15
STORE011,SKU00282,0.0,86,47,2025-10-15
STORE025,SKU00283,147.2,25,10,2025-11-20
STORE019,SKU00283,54.9,25,10,2025-11-20
STORE029,SKU00283,138.4,25,10,2025-11-20
STORE028,SKU00283,180.5,25,10,2025-11-20
STORE029,SKU00284,0.0,103,33,2025-10-15
STORE015,SKU00285,8.8,32,16,2025-11-20
STORE022,SKU00285,1.1,32,16,2025-11-20
STORE004,SKU00285,0.1,32,16,2025-11-20
STORE017,SKU00285,0.7,32,16,2025-11-20
STORE027,SKU00285,11.4,32,16,2025-11-20
STORE008,SKU00285,10.3,32,16,2025-11-20
STORE019,SKU00285,4.5,32,16,2025-11-20
STORE016,SKU00285,4.6,32,16,2025-11-20
STORE029,SKU00285,5.4,32,16,2025-11-20
STORE023,SKU00285,1.0,32,16,2025-11-20
STORE009,SKU00285,12.2,32,16,2025-11-20
STORE011,SKU00285,2.7,32,16,2025-11-20
STORE021,SKU00285,2.4,32,16,2025-11-20
STORE025,SKU00285,3.6,32,16,2025-11-20
STORE003,SKU00285,0.2,32,16,2025-11-20
STORE005,SKU00285,0.9,32,16,2025-11-20
STORE025,SKU00286,33.7,35,17,2025-11-20
STORE010,SKU00286,2.2,35,17,2025-11-20
STORE023,SKU00286,23.2,35,17,2025-11-20
STORE003,SKU00286,7.1,35,17,2025-11-20
STORE012,SKU00286,12.4,35,17,2025-11-20
STORE018,SKU00286,8.6,35,17,2025-11-20
STORE008,SKU00286,11.0,35,17,2025-11-20
STORE022,SKU00286,31.9,35,17,2025-11-20
STORE021,SKU00286,8.9,35,17,2025-11-20
STORE007,SKU00286,21.0,35,17,2025-11-20
STORE027,SKU00286,16.2,35,17,2025-11-20
STORE020,SKU00286,27.4,35,17,2025-11-20
STORE016,SKU00286,69.4,35,17,2025-11-20
STORE002,SKU00286,33.1,35,17,2025-11-20
STORE007,SKU00287,168.9,25,10,2025-11-20
STORE001,SKU00287,22.1,25,10,2025-11-20
STORE022,SKU00288,95.4,25,10,2025-11-20
STORE007,SKU00288,283.6,25,10,2025-11-20
STORE015,SKU00289,7.5,25,10,2025-11-20
STORE027,SKU00289,97.5,25,10,2025-11-20
STORE013,SKU00289,129.1,25,10,2025-11-20
STORE007,SKU00289,57.8,25,10,2025-11-20
STORE016,SKU00290,0.0,74,23,2025-10-15
STORE007,SKU00291,9.7,25,10,2025-11-20
STORE027,SKU00291,0.7,25,10,2025-11-20
STORE019,SKU00291,0.5,25,10,2025-11-20
STORE025,SKU00291,8.6,25,10,2025-11-20
STORE017,SKU00291,4.5,25,10,2025-11-20
STORE026,SKU00291,7.7,25,10,2025-11-20
STORE011,SKU00291,3.7,25,10,2025-11-20
STORE010,SKU00291,1.9,25,10,2025-11-20
STORE015,SKU00291,11.2,25,10,2025-11-20
STORE021,SKU00291,10.5,25,10,2025-11-20
STORE005,SKU00292,207.5,25,10,2025-11-20
STORE028,SKU00292,55.5,25,10,2025-11-20
STORE017,SKU00293,96.9,25,10,2025-11-20
STORE004,SKU00293,48.6,25,10,2025-11-20
STORE030,SKU00293,10.4,25,10,2025-11-20
STORE005,SKU00294,98.0,25,10,2025-11-20
STORE008,SKU00294,5.8,25,10,2025-11-20
STORE030,SKU00294,118.0,25,10,2025-11-20
STORE012,SKU00294,23.2,25,10,2025-11-20
STORE013,SKU00294,8.0,25,10,2025-11-20
STORE015,SKU00295,33.6,25,10,2025-11-20
STORE028,SKU00295,88.9,25,10,2025-11-20
STORE020,SKU00295,56.8,25,10,2025-11-20
STORE017,SKU00295,70.8,25,10,2025-11-20
STORE007,SKU00296,232.3,25,10,2025-11-20
STORE025,SKU00296,254.7,25,10,2025-11-20
STORE013,SKU00297,0.0,60,26,2025-10-15
STORE009,SKU00298,70.7,25,10,2025-11-20
STORE014,SKU00298,10.7,25,10,2025-11-20
STORE006,SKU00298,25.1,25,10,2025-11-20
STORE022,SKU00298,9.3,25,10,2025-11-20
STORE010,SKU00298,164.3,25,10,2025-11-20
STORE019,SKU00298,107.8,25,10,2025-11-20
STORE021,SKU00299,3.7,25,10,2025-11-20
STORE004,SKU00299,111.3,25,10,2025-11-20
STORE005,SKU00300,0.0,70,34,2025-10-15
STORE024,SKU00301,216.4,25,10,2025-11-20
STORE004,SKU00301,16.6,25,10,2025-11-20
STORE008,SKU00302,83.1,25,10,2025-11-20
STORE001,SKU00302,244.5,25,10,2025-11-20
STORE029,SKU00302,3.4,25,10,2025-11-20
STORE015,SKU00303,88.8,25,10,2025-11-20
STORE006,SKU00303,26.2,25,10,2025-11-20
STORE009,SKU00304,31.0,25,10,2025-11-20
STORE001,SKU00305,922.3,25,10,2025-11-20
STORE016,SKU00305,751.7,25,10,2025-11-20
STORE022,SKU00305,167.4,25,10,2025-11-20
STORE017,SKU00305,515.7,25,10,2025-11-20
STORE015,SKU00305,484.7,25,10,2025-11-20
STORE012,SKU00305,100.1,25,10,2025-11-20
STORE009,SKU00305,459.7,25,10,2025-11-20
STORE004,SKU00305,9.8,25,10,2025-11-20
STORE018,SKU00305,236.2,25,10,2025-11-20
STORE003,SKU00305,68.1,25,10,2025-11-20
STORE025,SKU00305,33.5,25,10,2025-11-20
STORE014,SKU00305,20.8,25,10,2025-11-20
STORE007,SKU00305,310.3,25,10,2025-11-20
STORE005,SKU00305,108.1,25,10,2025-11-20
STORE013,SKU00305,335.9,25,10,2025-11-20
STORE024,SKU00305,17.6,25,10,2025-11-20
STORE028,SKU00305,98.6,25,10,2025-11-20
STORE026,SKU00305,201.9,25,10,2025-11-20
STORE006,SKU00305,407.2,25,10,2025-11-20
STORE030,SKU00305,99.9,25,10,2025-11-20
STORE008,SKU00305,256.0,25,10,2025-11-20
STORE027,SKU00305,565.3,25,10,2025-11-20
STORE020,SKU00305,249.1,25,10,2025-11-20
STORE011,SKU00305,69.1,25,10,2025-11-20
STORE002,SKU00306,2.4,25,10,2025-11-20
STORE021,SKU00306,196.6,25,10,2025-11-20
STORE013,SKU00306,2.1,25,10,2025-11-20
STORE024,SKU00307,192.3,25,10,2025-11-20
STORE030,SKU00307,69.7,25,10,2025-11-20
STORE014,SKU00308,83.3,25,10,2025-11-20
STORE007,SKU00308,47.7,25,10,2025-11-20
STORE010,SKU00308,184.1,25,10,2025-11-20
STORE013,SKU00308,12.9,25,10,2025-11-20
STORE006,SKU00309,161.9,25,10,2025-11-20
STORE020,SKU00309,57.1,25,10,2025-11-20
STORE009,SKU00310,88.8,31,15,2025-11-20
STORE017,SKU00310,134.2,31,15,2025-11-20
STORE020,SKU00311,87.0,38,19,2025-11-20
STORE016,SKU00312,189.9,25,10,2025-11-20
STORE017,SKU00312,67.1,25,10,2025-11-20
STORE014,SKU00313,70.2,25,10,2025-11-20
STORE004,SKU00313,71.0,25,10,2025-11-20
STORE022,SKU00313,173.5,25,10,2025-11-20
STORE002,SKU00313,35.4,25,10,2025-11-20
STORE021,SKU00314,25.0,25,10,2025-11-20
STORE008,SKU00315,168.6,25,10,2025-11-20
STORE004,SKU00315,130.4,25,10,2025-11-20
STORE008,SKU00316,146.8,25,10,2025-11-20
STORE004,SKU00316,111.2,25,10,2025-11-20
STORE002,SKU00316,18.0,25,10,2025-11-20
STORE029,SKU00317,3.1,25,10,2025-11-20
STORE002,SKU00317,761.8,25,10,2025-11-20
STORE019,SKU00317,96.7,25,10,2025-11-20
STORE009,SKU00317,84.0,25,10,2025-11-20
STORE008,SKU00317,197.1,25,10,2025-11-20
STORE003,SKU00317,42.6,25,10,2025-11-20
STORE018,SKU00317,518.6,25,10,2025-11-20
STORE004,SKU00317,267.2,25,10,2025-11-20
STORE027,SKU00317,16.2,25,10,2025-11-20
STORE026,SKU00317,93.6,25,10,2025-11-20
STORE020,SKU00317,365.9,25,10,2025-11-20
STORE013,SKU00317,501.4,25,10,2025-11-20
STORE028,SKU00317,109.1,25,10,2025-11-20
STORE024,SKU00317,164.6,25,10,2025-11-20
STORE023,SKU00317,31.6,25,10,2025-11-20
STORE016,SKU00317,818.9,25,10,2025-11-20
STORE012,SKU00317,45.6,25,10,2025-11-20
STORE014,SKU00317,495.2,25,10,2025-11-20
STORE005,SKU00317,181.6,25,10,2025-11-20
STORE021,SKU00317,162.0,25,10,2025-11-20
STORE015,SKU00317,124.5,25,10,2025-11-20
STORE025,SKU00317,45.4,25,10,2025-11-20
STORE010,SKU00317,33.6,25,10,2025-11-20
STORE022,SKU00317,43.1,25,10,2025-11-20
STORE006,SKU00317,35.7,25,10,2025-11-20
STORE007,SKU00317,261.8,25,10,2025-11-20
STORE023,SKU00318,23.5,25,10,2025-11-20
STORE020,SKU00318,3.2,25,10,2025-11-20
STORE010,SKU00318,189.2,25,10,2025-11-20
STORE024,SKU00318,117.1,25,10,2025-11-20
STORE001,SKU00319,152.8,25,10,2025-11-20
STORE004,SKU00319,307.1,25,10,2025-11-20
STORE006,SKU00319,11.1,25,10,2025-11-20
STORE017,SKU00319,29.3,25,10,2025-11-20
STORE030,SKU00319,82.6,25,10,2025-11-20
STORE023,SKU00320,53.0,25,10,2025-11-20
STORE020,SKU00321,110.0,25,10,2025-11-20
STORE016,SKU00322,95.0,25,10,2025-11-20
STORE024,SKU00323,128.2,25,10,2025-11-20
STORE010,SKU00323,127.8,25,10,2025-11-20
STORE028,SKU00324,127.2,25,10,2025-11-20
STORE030,SKU00324,148.5,25,10,2025-11-20
STORE023,SKU00324,143.3,25,10,2025-11-20
STORE008,SKU00325,4.0,25,10,2025-11-20
STORE006,SKU00325,88.0,25,10,2025-11-20
STORE011,SKU00326,162.0,36,18,2025-11-20
STORE022,SKU00327,7.2,25,10,2025-11-20
STORE003,SKU00327,113.8,25,10,2025-11-20
STORE006,SKU00327,161.4,25,10,2025-11-20
STORE011,SKU00327,102.6,25,10,2025-11-20
STORE029,SKU00328,10.8,25,10,2025-11-20
STORE015,SKU00328,7.0,25,10,2025-11-20
STORE005,SKU00328,5.2,25,10,2025-11-20
STORE001,SKU00328,0.6,25,10,2025-11-20
STORE022,SKU00328,3.4,25,10,2025-11-20
STORE016,SKU00328,3.0,25,10,2025-11-20
STORE014,SKU00328,2.0,25,10,2025-11-20
STORE011,SKU00328,8.4,25,10,2025-11-20
STORE027,SKU00328,4.5,25,10,2025-11-20
STORE006,SKU00328,0.6,25,10,2025-11-20
STORE009,SKU00328,1.6,25,10,2025-11-20
STORE003,SKU00328,7.5,25,10,2025-11-20
STORE021,SKU00328,0.5,25,10,2025-11-20
STORE026,SKU00328,12.4,25,10,2025-11-20
STORE012,SKU00328,4.5,25,10,2025-11-20
STORE016,SKU00329,0.0,68,38,2025-10-15
STORE016,SKU00330,158.9,25,10,2025-11-20
STORE028,SKU00330,217.7,25,10,2025-11-20
STORE008,SKU00330,422.4,25,10,2025-11-20
STORE030,SKU00330,103.7,25,10,2025-11-20
STORE004,SKU00330,274.9,25,10,2025-11-20
STORE002,SKU00330,202.3,25,10,2025-11-20
STORE001,SKU00330,75.4,25,10,2025-11-20
STORE019,SKU00330,511.6,25,10,2025-11-20
STORE022,SKU00330,387.3,25,10,2025-11-20
STORE010,SKU00330,260.6,25,10,2025-11-20
STORE029,SKU00330,461.2,25,10,2025-11-20
STORE017,SKU00330,489.9,25,10,2025-11-20
STORE023,SKU00330,298.9,25,10,2025-11-20
STORE006,SKU00330,440.1,25,10,2025-11-20
STORE005,SKU00330,290.0,25,10,2025-11-20
STORE025,SKU00331,255.2,25,10,2025-11-20
STORE004,SKU00331,215.8,25,10,2025-11-20
STORE029,SKU00331,312.9,25,10,2025-11-20
STORE010,SKU00331,38.7,25,10,2025-11-20
STORE026,SKU00331,476.4,25,10,2025-11-20
STORE024,SKU00331,460.0,25,10,2025-11-20
STORE011,SKU00331,6.6,25,10,2025-11-20
STORE015,SKU00331,391.3,25,10,2025-11-20
STORE016,SKU00331,30.9,25,10,2025-11-20
STORE012,SKU00331,91.4,25,10,2025-11-20
STORE018,SKU00331,304.7,25,10,2025-11-20
STORE009,SKU00331,39.2,25,10,2025-11-20
STORE022,SKU00331,381.5,25,10,2025-11-20
STORE019,SKU00331,399.6,25,10,2025-11-20
STORE021,SKU00331,158.6,25,10,2025-11-20
STORE008,SKU00331,1.4,25,10,2025-11-20
STORE001,SKU00331,75.8,25,10,2025-11-20
STORE006,SKU00331,214.9,25,10,2025-11-20
STORE005,SKU00331,889.7,25,10,2025-11-20
STORE013,SKU00331,223.7,25,10,2025-11-20
STORE017,SKU00331,67.4,25,10,2025-11-20
STORE023,SKU00331,225.1,25,10,2025-11-20
STORE002,SKU00331,173.9,25,10,2025-11-20
STORE003,SKU00331,338.9,25,10,2025-11-20
STORE030,SKU00331,25.3,25,10,2025-11-20
STORE020,SKU00331,320.5,25,10,2025-11-20
STORE014,SKU00331,174.5,25,10,2025-11-20
STORE028,SKU00331,738.2,25,10,2025-11-20
STORE027,SKU00331,93.7,25,10,2025-11-20
STORE007,SKU00331,224.2,25,10,2025-11-20
STORE022,SKU00332,100.9,25,10,2025-11-20
STORE005,SKU00332,4.1,25,10,2025-11-20
STORE012,SKU00333,284.1,25,10,2025-11-20
STORE016,SKU00333,119.5,25,10,2025-11-20
STORE001,SKU00333,7.2,25,10,2025-11-20
STORE008,SKU00333,36.7,25,10,2025-11-20
STORE019,SKU00333,126.4,25,10,2025-11-20
STORE024,SKU00334,11.1,25,10,2025-11-20
STORE023,SKU00334,138.5,25,10,2025-11-20
STORE014,SKU00334,67.4,25,10,2025-11-20
STORE012,SKU00335,273.8,25,10,2025-11-20
STORE007,SKU00335,13.2,25,10,2025-11-20
STORE024,SKU00336,114.8,25,10,2025-11-20
STORE003,SKU00336,203.2,25,10,2025-11-20
STORE007,SKU00337,184.1,25,10,2025-11-20
STORE030,SKU00337,73.5,25,10,2025-11-20
STORE013,SKU00337,7.4,25,10,2025-11-20
STORE021,SKU00338,112.3,25,10,2025-11-20
STORE004,SKU00338,2.0,25,10,2025-11-20
STORE009,SKU00338,1.8,25,10,2025-11-20
STORE029,SKU00339,48.0,25,10,2025-11-20
STORE021,SKU00339,82.3,25,10,2025-11-20
STORE022,SKU00339,180.7,25,10,2025-11-20
STORE018,SKU00340,93.2,25,10,2025-11-20
STORE029,SKU00340,47.9,25,10,2025-11-20
STORE030,SKU00340,25.9,25,10,2025-11-20
STORE015,SKU00341,0.0,113,50,2025-10-15
STORE006,SKU00342,1022.5,25,10,2025-11-20
STORE009,SKU00342,97.1,25,10,2025-11-20
STORE022,SKU00342,104.9,25,10,2025-11-20
STORE012,SKU00342,31.2,25,10,2025-11-20
STORE011,SKU00342,276.8,25,10,2025-11-20
STORE013,SKU00342,206.7,25,10,2025-11-20
STORE019,SKU00342,43.6,25,10,2025-11-20
STORE014,SKU00342,15.0,25,10,2025-11-20
STORE029,SKU00342,199.4,25,10,2025-11-20
STORE010,SKU00342,185.7,25,10,2025-11-20
STORE007,SKU00342,55.8,25,10,2025-11-20
STORE002,SKU00342,526.5,25,10,2025-11-20
STORE017,SKU00342,28.6,25,10,2025-11-20
STORE026,SKU00342,98.9,25,10,2025-11-20
STORE004,SKU00342,502.5,25,10,2025-11-20
STORE020,SKU00342,95.1,25,10,2025-11-20
STORE025,SKU00342,177.8,25,10,2025-11-20
STORE008,SKU00342,88.6,25,10,2025-11-20
STORE021,SKU00342,56.0,25,10,2025-11-20
STORE030,SKU00342,722.3,25,10,2025-11-20
STORE010,SKU00343,57.0,25,10,2025-11-20
STORE004,SKU00343,243.0,25,10,2025-11-20
STORE001,SKU00344,213.4,25,10,2025-11-20
STORE016,SKU00344,195.7,25,10,2025-11-20
STORE030,SKU00344,25.8,25,10,2025-11-20
STORE022,SKU00345,0.0,83,24,2025-10-15
STORE022,SKU00346,51.5,25,10,2025-11-20
STORE005,SKU00346,22.5,25,10,2025-11-20
STORE017,SKU00347,74.3,25,10,2025-11-20
STORE010,SKU00347,23.8,25,10,2025-11-20
STORE020,SKU00347,128.2,25,10,2025-11-20
STORE018,SKU00347,7.6,25,10,2025-11-20
STORE022,SKU00348,79.0,25,10,2025-11-20
STORE006,SKU00349,31.8,25,10,2025-11-20
STORE010,SKU00349,31.3,25,10,2025-11-20
STORE016,SKU00349,39.5,25,10,2025-11-20
STORE003,SKU00349,30.4,25,10,2025-11-20
STORE026,SKU00350,369.1,25,10,2025-11-20
STORE010,SKU00350,52.8,25,10,2025-11-20
STORE001,SKU00350,12.4,25,10,2025-11-20
STORE015,SKU00350,951.2,25,10,2025-11-20
STORE002,SKU00350,359.6,25,10,2025-11-20
STORE007,SKU00350,597.1,25,10,2025-11-20
STORE029,SKU00350,246.3,25,10,2025-11-20
STORE019,SKU00350,46.8,25,10,2025-11-20
STORE004,SKU00350,50.2,25,10,2025-11-20
STORE030,SKU00350,433.9,25,10,2025-11-20
STORE016,SKU00350,211.0,25,10,2025-11-20
STORE024,SKU00350,83.9,25,10,2025-11-20
STORE028,SKU00350,253.7,25,10,2025-11-20
STORE014,SKU00350,24.9,25,10,2025-11-20
STORE012,SKU00350,327.1,25,10,2025-11-20
STORE011,SKU00350,117.5,25,10,2025-11-20
STORE017,SKU00350,599.0,25,10,2025-11-20
STORE018,SKU00350,139.4,25,10,2025-11-20
STORE013,SKU00350,227.8,25,10,2025-11-20
STORE005,SKU00350,4.4,25,10,2025-11-20
STORE005,SKU00351,6.5,25,10,2025-11-20
STORE012,SKU00351,43.0,25,10,2025-11-20
STORE010,SKU00351,56.4,25,10,2025-11-20
STORE026,SKU00351,79.0,25,10,2025-11-20
STORE017,SKU00351,29.7,25,10,2025-11-20
STORE022,SKU00351,102.4,25,10,2025-11-20
STORE025,SKU00352,0.0,76,37,2025-10-15
STORE003,SKU00353,67.8,25,10,2025-11-20
STORE023,SKU00353,52.2,25,10,2025-11-20
STORE009,SKU00354,17.1,25,10,2025-11-20
STORE005,SKU00354,277.5,25,10,2025-11-20
STORE024,SKU00354,47.0,25,10,2025-11-20
STORE007,SKU00354,117.4,25,10,2025-11-20
STORE014,SKU00354,1829.4,25,10,2025-11-20
STORE019,SKU00354,65.1,25,10,2025-11-20
STORE003,SKU00354,292.8,25,10,2025-11-20
STORE010,SKU00354,408.0,25,10,2025-11-20
STORE008,SKU00354,513.7,25,10,2025-11-20
STORE002,SKU00354,347.5,25,10,2025-11-20
STORE016,SKU00354,4.2,25,10,2025-11-20
STORE012,SKU00354,167.5,25,10,2025-11-20
STORE022,SKU00354,309.0,25,10,2025-11-20
STORE013,SKU00354,39.0,25,10,2025-11-20
STORE026,SKU00354,183.0,25,10,2025-11-20
STORE027,SKU00354,14.3,25,10,2025-11-20
STORE021,SKU00354,34.7,25,10,2025-11-20
STORE029,SKU00354,214.3,25,10,2025-11-20
STORE017,SKU00354,60.3,25,10,2025-11-20
STORE023,SKU00354,355.2,25,10,2025-11-20
STORE025,SKU00354,495.6,25,10,2025-11-20
STORE028,SKU00354,683.2,25,10,2025-11-20
STORE015,SKU00354,94.6,25,10,2025-11-20
STORE006,SKU00354,77.7,25,10,2025-11-20
STORE029,SKU00355,27.9,25,10,2025-11-20
STORE011,SKU00355,255.6,25,10,2025-11-20
STORE026,SKU00355,309.6,25,10,2025-11-20
STORE019,SKU00355,8.1,25,10,2025-11-20
STORE005,SKU00355,695.1,25,10,2025-11-20
STORE022,SKU00355,13.5,25,10,2025-11-20
STORE007,SKU00355,196.8,25,10,2025-11-20
STORE009,SKU00355,311.8,25,10,2025-11-20
STORE028,SKU00355,517.2,25,10,2025-11-20
STORE014,SKU00355,316.2,25,10,2025-11-20
STORE018,SKU00355,408.7,25,10,2025-11-20
STORE024,SKU00355,104.7,25,10,2025-11-20
STORE010,SKU00355,426.0,25,10,2025-11-20
STORE020,SKU00355,21.1,25,10,2025-11-20
STORE003,SKU00355,568.8,25,10,2025-11-20
STORE025,SKU00355,200.3,25,10,2025-11-20
STORE017,SKU00355,429.4,25,10,2025-11-20
STORE030,SKU00355,152.1,25,10,2025-11-20
STORE008,SKU00355,260.6,25,10,2025-11-20
STORE023,SKU00355,188.8,25,10,2025-11-20
STORE016,SKU00355,332.2,25,10,2025-11-20
STORE027,SKU00355,21.5,25,10,2025-11-20
STORE013,SKU00355,15.7,25,10,2025-11-20
STORE001,SKU00355,71.7,25,10,2025-11-20
STORE002,SKU00355,43.9,25,10,2025-11-20
STORE015,SKU00355,518.8,25,10,2025-11-20
STORE004,SKU00355,62.5,25,10,2025-11-20
STORE021,SKU00355,940.6,25,10,2025-11-20
STORE006,SKU00355,103.8,25,10,2025-11-20
STORE017,SKU00356,221.0,25,10,2025-11-20
STORE030,SKU00357,140.3,25,10,2025-11-20
STORE022,SKU00357,96.7,25,10,2025-11-20
STORE023,SKU00357,62.0,25,10,2025-11-20
STORE012,SKU00358,115.0,25,10,2025-11-20
STORE015,SKU00359,0.0,88,31,2025-10-15
STORE015,SKU00360,45.7,25,10,2025-11-20
STORE014,SKU00360,9.3,25,10,2025-11-20
STORE001,SKU00360,201.9,25,10,2025-11-20
STORE030,SKU00361,183.0,25,10,2025-11-20
STORE018,SKU00361,52.2,25,10,2025-11-20
STORE001,SKU00361,11.1,25,10,2025-11-20
STORE025,SKU00361,56.7,25,10,2025-11-20
STORE014,SKU00362,0.0,100,22,2025-10-15
STORE005,SKU00363,0.0,96,48,2025-10-15
STORE020,SKU00363,0.0,99,21,2025-10-15
STORE010,SKU00363,0.0,102,47,2025-10-15
STORE026,SKU00363,0.0,79,24,2025-10-15
STORE008,SKU00363,0.0,71,41,2025-10-15
STORE019,SKU00363,0.0,112,34,2025-10-15
STORE017,SKU00363,0.0,110,47,2025-10-15
STORE012,SKU00363,0.0,67,34,2025-10-15
STORE030,SKU00363,0.0,55,22,2025-10-15
STORE029,SKU00363,0.0,99,28,2025-10-15
STORE018,SKU00363,0.0,74,23,2025-10-15
STORE025,SKU00363,0.0,75,39,2025-10-15
STORE027,SKU00364,62.9,25,10,2025-11-20
STORE010,SKU00364,26.1,25,10,2025-11-20
STORE019,SKU00364,250.0,25,10,2025-11-20
STORE016,SKU00365,36.4,29,14,2025-11-20
STORE023,SKU00365,118.6,29,14,2025-11-20
STORE011,SKU00366,23.0,25,10,2025-11-20
STORE028,SKU00366,24.0,25,10,2025-11-20
STORE002,SKU00367,73.0,25,10,2025-11-20
STORE004,SKU00367,55.9,25,10,2025-11-20
STORE024,SKU00367,61.1,25,10,2025-11-20
STORE019,SKU00367,578.7,25,10,2025-11-20
STORE022,SKU00367,5.4,25,10,2025-11-20
STORE017,SKU00368,130.2,25,10,2025-11-20
STORE024,SKU00368,55.8,25,10,2025-11-20
STORE023,SKU00369,2.1,25,10,2025-11-20
STORE002,SKU00369,4.8,25,10,2025-11-20
STORE030,SKU00369,2.5,25,10,2025-11-20
STORE007,SKU00369,7.6,25,10,2025-11-20
STORE017,SKU00369,8.5,25,10,2025-11-20
STORE005,SKU00369,2.0,25,10,2025-11-20
STORE018,SKU00369,1.2,25,10,2025-11-20
STORE016,SKU00369,3.3,25,10,2025-11-20
STORE025,SKU00369,9.0,25,10,2025-11-20
STORE008,SKU00369,0.9,25,10,2025-11-20
STORE022,SKU00369,3.6,25,10,2025-11-20
STORE010,SKU00369,3.7,25,10,2025-11-20
STORE019,SKU00369,4.9,25,10,2025-11-20
STORE024,SKU00370,0.0,79,49,2025-10-15
STORE026,SKU00371,36.8,25,10,2025-11-20
STORE016,SKU00371,328.4,25,10,2025-11-20
STORE020,SKU00371,625.7,25,10,2025-11-20
STORE023,SKU00371,51.7,25,10,2025-11-20
STORE007,SKU00371,70.8,25,10,2025-11-20
STORE004,SKU00371,927.7,25,10,2025-11-20
STORE003,SKU00371,52.1,25,10,2025-11-20
STORE001,SKU00371,502.9,25,10,2025-11-20
STORE005,SKU00371,176.9,25,10,2025-11-20
STORE028,SKU00371,74.1,25,10,2025-11-20
STORE025,SKU00371,534.1,25,10,2025-11-20
STORE017,SKU00371,153.8,25,10,2025-11-20
STORE021,SKU00371,188.8,25,10,2025-11-20
STORE008,SKU00371,116.2,25,10,2025-11-20
STORE030,SKU00371,234.6,25,10,2025-11-20
STORE002,SKU00371,46.6,25,10,2025-11-20
STORE019,SKU00371,129.5,25,10,2025-11-20
STORE027,SKU00371,910.2,25,10,2025-11-20
STORE009,SKU00371,77.9,25,10,2025-11-20
STORE014,SKU00371,279.1,25,10,2025-11-20
STORE029,SKU00371,102.7,25,10,2025-11-20
STORE013,SKU00371,387.6,25,10,2025-11-20
STORE015,SKU00371,36.6,25,10,2025-11-20
STORE010,SKU00372,57.0,29,14,2025-11-20
STORE013,SKU00373,133.0,51,25,2025-11-20
STORE016,SKU00374,53.8,25,10,2025-11-20
STORE006,SKU00374,15.2,25,10,2025-11-20
STORE027,SKU00375,35.7,25,10,2025-11-20
STORE008,SKU00375,140.6,25,10,2025-11-20
STORE028,SKU00375,78.8,25,10,2025-11-20
STORE018,SKU00376,8.7,25,10,2025-11-20
STORE009,SKU00376,2.8,25,10,2025-11-20
STORE027,SKU00376,1.4,25,10,2025-11-20
STORE020,SKU00376,4.8,25,10,2025-11-20
STORE022,SKU00376,6.1,25,10,2025-11-20
STORE015,SKU00376,0.9,25,10,2025-11-20
STORE026,SKU00376,0.9,25,10,2025-11-20
STORE028,SKU00376,0.2,25,10,2025-11-20
STORE004,SKU00376,6.6,25,10,2025-11-20
STORE014,SKU00376,5.4,25,10,2025-11-20
STORE005,SKU00376,3.2,25,10,2025-11-20
STORE001,SKU00376,9.2,25,10,2025-11-20
STORE006,SKU00376,8.1,25,10,2025-11-20
STORE023,SKU00376,4.4,25,10,2025-11-20
STORE008,SKU00376,10.0,25,10,2025-11-20
STORE003,SKU00376,1.1,25,10,2025-11-20
STORE029,SKU00376,0.6,25,10,2025-11-20
STORE012,SKU00376,1.6,25,10,2025-11-20
STORE023,SKU00377,9.1,25,10,2025-11-20
STORE018,SKU00377,116.7,25,10,2025-11-20
STORE007,SKU00377,425.0,25,10,2025-11-20
STORE016,SKU00377,6.2,25,10,2025-11-20
STORE016,SKU00378,3.6,25,10,2025-11-20
STORE010,SKU00378,16.4,25,10,2025-11-20
STORE022,SKU00378,74.0,25,10,2025-11-20
STORE004,SKU00379,75.0,25,10,2025-11-20
STORE019,SKU00380,209.4,25,10,2025-11-20
STORE016,SKU00380,12.6,25,10,2025-11-20
STORE012,SKU00381,4.4,25,10,2025-11-20
STORE022,SKU00381,117.9,25,10,2025-11-20
STORE009,SKU00381,91.7,25,10,2025-11-20
STORE013,SKU00382,0.4,25,10,2025-11-20
STORE023,SKU00382,258.7,25,10,2025-11-20
STORE026,SKU00382,86.9,25,10,2025-11-20
STORE004,SKU00383,181.0,43,21,2025-11-20
STORE015,SKU00384,186.0,25,10,2025-11-20
STORE014,SKU00385,159.6,25,10,2025-11-20
STORE027,SKU00385,147.8,25,10,2025-11-20
STORE030,SKU00385,242.1,25,10,2025-11-20
STORE005,SKU00385,33.1,25,10,2025-11-20
STORE001,SKU00385,6.7,25,10,2025-11-20
STORE010,SKU00385,81.1,25,10,2025-11-20
STORE015,SKU00385,268.6,25,10,2025-11-20
STORE004,SKU00385,49.7,25,10,2025-11-20
STORE019,SKU00385,246.5,25,10,2025-11-20
STORE013,SKU00385,771.7,25,10,2025-11-20
STORE026,SKU00385,21.7,25,10,2025-11-20
STORE022,SKU00385,245.9,25,10,2025-11-20
STORE025,SKU00385,129.2,25,10,2025-11-20
STORE002,SKU00385,446.2,25,10,2025-11-20
STORE024,SKU00385,42.9,25,10,2025-11-20
STORE020,SKU00385,259.8,25,10,2025-11-20
STORE006,SKU00385,401.0,25,10,2025-11-20
STORE003,SKU00385,637.3,25,10,2025-11-20
STORE008,SKU00385,253.2,25,10,2025-11-20
STORE012,SKU00385,151.4,25,10,2025-11-20
STORE029,SKU00385,211.9,25,10,2025-11-20
STORE016,SKU00385,447.5,25,10,2025-11-20
STORE006,SKU00386,39.6,25,10,2025-11-20
STORE012,SKU00386,1.4,25,10,2025-11-20
STORE017,SKU00387,89.0,63,31,2025-11-20
STORE028,SKU00388,14.0,103,51,2025-11-20
STORE028,SKU00389,241.8,25,10,2025-11-20
STORE017,SKU00389,52.0,25,10,2025-11-20
STORE007,SKU00389,230.4,25,10,2025-11-20
STORE012,SKU00389,107.2,25,10,2025-11-20
STORE023,SKU00389,225.6,25,10,2025-11-20
STORE029,SKU00389,24.1,25,10,2025-11-20
STORE013,SKU00389,229.7,25,10,2025-11-20
STORE025,SKU00389,1594.2,25,10,2025-11-20
STORE003,SKU00389,10.6,25,10,2025-11-20
STORE006,SKU00389,809.7,25,10,2025-11-20
STORE005,SKU00389,111.9,25,10,2025-11-20
STORE027,SKU00389,438.3,25,10,2025-11-20
STORE011,SKU00389,326.7,25,10,2025-11-20
STORE015,SKU00389,179.3,25,10,2025-11-20
STORE020,SKU00389,287.3,25,10,2025-11-20
STORE016,SKU00389,451.6,25,10,2025-11-20
STORE024,SKU00389,110.9,25,10,2025-11-20
STORE014,SKU00389,84.8,25,10,2025-11-20
STORE018,SKU00389,235.9,25,10,2025-11-20
STORE026,SKU00389,353.3,25,10,2025-11-20
STORE030,SKU00389,307.8,25,10,2025-11-20
STORE002,SKU00389,342.4,25,10,2025-11-20
STORE008,SKU00389,122.5,25,10,2025-11-20
STORE004,SKU00389,364.8,25,10,2025-11-20
STORE010,SKU00389,27.4,25,10,2025-11-20
STORE019,SKU00389,168.4,25,10,2025-11-20
STORE022,SKU00390,73.0,26,11,2025-11-20
STORE006,SKU00391,156.0,25,10,2025-11-20
STORE019,SKU00391,181.4,25,10,2025-11-20
STORE023,SKU00391,200.5,25,10,2025-11-20
STORE030,SKU00392,0.0,115,36,2025-10-15
STORE022,SKU00393,177.6,25,10,2025-11-20
STORE017,SKU00393,73.5,25,10,2025-11-20
STORE009,SKU00393,88.9,25,10,2025-11-20
STORE005,SKU00394,70.0,25,10,2025-11-20
STORE023,SKU00395,92.8,25,10,2025-11-20
STORE011,SKU00395,51.2,25,10,2025-11-20
STORE019,SKU00396,111.0,54,27,2025-11-20
STORE019,SKU00397,109.7,25,10,2025-11-20
STORE012,SKU00397,130.8,25,10,2025-11-20
STORE020,SKU00397,114.6,25,10,2025-11-20
STORE027,SKU00398,179.0,28,13,2025-11-20
STORE013,SKU00399,0.0,54,22,2025-10-15
STORE001,SKU00400,58.1,26,11,2025-11-20
STORE028,SKU00400,241.9,26,11,2025-11-20
STORE024,SKU00401,213.0,25,10,2025-11-20
STORE006,SKU00401,189.8,25,10,2025-11-20
STORE008,SKU00401,7.6,25,10,2025-11-20
STORE004,SKU00401,121.5,25,10,2025-11-20
STORE022,SKU00401,139.2,25,10,2025-11-20
STORE027,SKU00401,148.1,25,10,2025-11-20
STORE016,SKU00401,252.6,25,10,2025-11-20
STORE026,SKU00401,222.0,25,10,2025-11-20
STORE030,SKU00401,272.5,25,10,2025-11-20
STORE011,SKU00401,421.3,25,10,2025-11-20
STORE028,SKU00401,487.9,25,10,2025-11-20
STORE020,SKU00401,368.5,25,10,2025-11-20
STORE025,SKU00401,905.9,25,10,2025-11-20
STORE029,SKU00401,5.4,25,10,2025-11-20
STORE013,SKU00401,63.4,25,10,2025-11-20
STORE023,SKU00401,2.2,25,10,2025-11-20
STORE007,SKU00401,303.4,25,10,2025-11-20
STORE002,SKU00401,664.4,25,10,2025-11-20
STORE001,SKU00401,81.2,25,10,2025-11-20
STORE010,SKU00401,761.8,25,10,2025-11-20
STORE005,SKU00401,18.1,25,10,2025-11-20
STORE015,SKU00401,793.0,25,10,2025-11-20
STORE012,SKU00401,126.1,25,10,2025-11-20
STORE014,SKU00401,31.1,25,10,2025-11-20
STORE024,SKU00402,102.0,25,10,2025-11-20
STORE003,SKU00402,45.5,25,10,2025-11-20
STORE015,SKU00402,51.4,25,10,2025-11-20
STORE025,SKU00403,43.4,25,10,2025-11-20
STORE012,SKU00403,192.0,25,10,2025-11-20
STORE020,SKU00403,91.5,25,10,2025-11-20
STORE021,SKU00403,44.1,25,10,2025-11-20
STORE027,SKU00404,131.0,100,50,2025-11-20
STORE001,SKU00405,183.2,25,10,2025-11-20
STORE030,SKU00405,46.3,25,10,2025-11-20
STORE006,SKU00405,77.6,25,10,2025-11-20
STORE011,SKU00405,18.9,25,10,2025-11-20
STORE004,SKU00406,0.0,100,42,2025-10-15
STORE013,SKU00407,32.1,25,10,2025-11-20
STORE005,SKU00407,183.7,25,10,2025-11-20
STORE021,SKU00407,32.2,25,10,2025-11-20
STORE019,SKU00408,87.6,25,10,2025-11-20
STORE018,SKU00408,145.1,25,10,2025-11-20
STORE007,SKU00408,13.3,25,10,2025-11-20
STORE007,SKU00409,31.4,25,10,2025-11-20
STORE009,SKU00409,11.1,25,10,2025-11-20
STORE016,SKU00409,123.5,25,10,2025-11-20
STORE015,SKU00410,13.6,25,10,2025-11-20
STORE022,SKU00410,33.9,25,10,2025-11-20
STORE010,SKU00410,16.5,25,10,2025-11-20
STORE008,SKU00411,4.5,25,10,2025-11-20
STORE007,SKU00411,100.8,25,10,2025-11-20
STORE024,SKU00411,304.1,25,10,2025-11-20
STORE006,SKU00411,92.6,25,10,2025-11-20
STORE014,SKU00412,0.0,109,46,2025-10-15
STORE026,SKU00413,84.0,25,10,2025-11-20
STORE026,SKU00414,81.0,25,10,2025-11-20
STORE007,SKU00415,118.2,25,10,2025-11-20
STORE003,SKU00415,108.8,25,10,2025-11-20
STORE019,SKU00416,0.0,126,50,2025-10-15
STORE001,SKU00416,0.0,103,40,2025-10-15
STORE021,SKU00416,0.0,77,35,2025-10-15
STORE022,SKU00416,0.0,89,46,2025-10-15
STORE004,SKU00416,0.0,98,38,2025-10-15
STORE007,SKU00416,0.0,88,36,2025-10-15
STORE002,SKU00416,0.0,100,31,2025-10-15
STORE005,SKU00416,0.0,113,48,2025-10-15
STORE029,SKU00416,0.0,85,47,2025-10-15
STORE012,SKU00416,0.0,79,45,2025-10-15
STORE014,SKU00416,0.0,91,34,2025-10-15
STORE030,SKU00416,0.0,94,40,2025-10-15
STORE018,SKU00416,0.0,81,47,2025-10-15
STORE003,SKU00416,0.0,73,38,2025-10-15
STORE011,SKU00416,0.0,104,24,2025-10-15
STORE017,SKU00416,0.0,85,36,2025-10-15
STORE016,SKU00416,0.0,60,23,2025-10-15
STORE028,SKU00416,0.0,79,35,2025-10-15
STORE002,SKU00417,122.0,25,10,2025-11-20
STORE020,SKU00418,46.4,25,10,2025-11-20
STORE018,SKU00418,160.6,25,10,2025-11-20
STORE011,SKU00418,201.9,25,10,2025-11-20
STORE001,SKU00419,28.1,25,10,2025-11-20
STORE008,SKU00419,17.4,25,10,2025-11-20
STORE027,SKU00419,97.6,25,10,2025-11-20
STORE010,SKU00420,31.1,25,10,2025-11-20
STORE030,SKU00420,167.2,25,10,2025-11-20
STORE027,SKU00420,53.3,25,10,2025-11-20
STORE009,SKU00420,106.5,25,10,2025-11-20
STORE013,SKU00421,28.5,25,10,2025-11-20
STORE023,SKU00421,277.9,25,10,2025-11-20
STORE012,SKU00421,170.8,25,10,2025-11-20
STORE003,SKU00421,251.1,25,10,2025-11-20
STORE006,SKU00421,52.3,25,10,2025-11-20
STORE010,SKU00421,379.5,25,10,2025-11-20
STORE027,SKU00421,564.6,25,10,2025-11-20
STORE018,SKU00421,69.4,25,10,2025-11-20
STORE019,SKU00421,28.6,25,10,2025-11-20
STORE008,SKU00421,6.8,25,10,2025-11-20
STORE017,SKU00421,291.9,25,10,2025-11-20
STORE020,SKU00421,265.5,25,10,2025-11-20
STORE025,SKU00421,224.9,25,10,2025-11-20
STORE030,SKU00421,75.0,25,10,2025-11-20
STORE002,SKU00421,140.9,25,10,2025-11-20
STORE009,SKU00421,256.5,25,10,2025-11-20
STORE028,SKU00421,195.2,25,10,2025-11-20
STORE016,SKU00421,1252.1,25,10,2025-11-20
STORE029,SKU00421,41.7,25,10,2025-11-20
STORE021,SKU00421,337.6,25,10,2025-11-20
STORE030,SKU00422,0.0,95,49,2025-10-15
STORE021,SKU00423,38.3,25,10,2025-11-20
STORE001,SKU00423,41.3,25,10,2025-11-20
STORE002,SKU00423,93.4,25,10,2025-11-20
STORE011,SKU00424,18.5,25,10,2025-11-20
STORE014,SKU00424,74.5,25,10,2025-11-20
STORE009,SKU00425,0.0,77,26,2025-10-15
STORE029,SKU00426,12.3,26,11,2025-11-20
STORE025,SKU00426,9.9,26,11,2025-11-20
STORE002,SKU00426,115.5,26,11,2025-11-20
STORE005,SKU00426,77.4,26,11,2025-11-20
STORE007,SKU00427,58.0,25,10,2025-11-20
STORE018,SKU00427,15.0,25,10,2025-11-20
STORE027,SKU00428,10.3,25,10,2025-11-20
STORE024,SKU00428,257.9,25,10,2025-11-20
STORE011,SKU00428,24.5,25,10,2025-11-20
STORE030,SKU00428,44.9,25,10,2025-11-20
STORE025,SKU00428,29.5,25,10,2025-11-20
STORE022,SKU00429,84.0,69,34,2025-11-20
STORE030,SKU00430,7.4,25,10,2025-11-20
STORE029,SKU00430,75.4,25,10,2025-11-20
STORE002,SKU00430,7.2,25,10,2025-11-20
STORE008,SKU00431,44.6,25,10,2025-11-20
STORE016,SKU00431,7.4,25,10,2025-11-20
STORE003,SKU00432,113.9,32,16,2025-11-20
STORE026,SKU00432,311.1,32,16,2025-11-20
STORE019,SKU00433,0.0,117,48,2025-10-15
STORE023,SKU00434,114.0,25,10,2025-11-20
STORE027,SKU00435,0.0,76,44,2025-10-15
STORE012,SKU00436,50.8,25,10,2025-11-20
STORE003,SKU00436,26.2,25,10,2025-11-20
STORE014,SKU00437,7.1,25,10,2025-11-20
STORE020,SKU00437,19.3,25,10,2025-11-20
STORE024,SKU00437,89.6,25,10,2025-11-20
STORE020,SKU00438,150.9,25,10,2025-11-20
STORE030,SKU00438,113.6,25,10,2025-11-20
STORE003,SKU00438,182.6,25,10,2025-11-20
STORE029,SKU00439,97.6,25,10,2025-11-20
STORE018,SKU00439,9.7,25,10,2025-11-20
STORE016,SKU00439,128.8,25,10,2025-11-20
STORE005,SKU00440,94.3,25,10,2025-11-20
STORE009,SKU00440,5.7,25,10,2025-11-20
STORE024,SKU00441,191.0,25,10,2025-11-20
STORE002,SKU00442,83.2,25,10,2025-11-20
STORE004,SKU00442,284.8,25,10,2025-11-20
STORE002,SKU00443,15.7,25,10,2025-11-20
STORE016,SKU00443,92.4,25,10,2025-11-20
STORE017,SKU00443,217.9,25,10,2025-11-20
STORE008,SKU00444,34.8,25,10,2025-11-20
STORE021,SKU00444,89.2,25,10,2025-11-20
STORE012,SKU00445,11.1,25,10,2025-11-20
STORE014,SKU00445,18.3,25,10,2025-11-20
STORE016,SKU00445,1.9,25,10,2025-11-20
STORE010,SKU00445,3.6,25,10,2025-11-20
STORE026,SKU00445,1.2,25,10,2025-11-20
STORE008,SKU00445,34.1,25,10,2025-11-20
STORE001,SKU00445,18.2,25,10,2025-11-20
STORE002,SKU00445,5.4,25,10,2025-11-20
STORE024,SKU00445,12.9,25,10,2025-11-20
STORE007,SKU00445,5.1,25,10,2025-11-20
STORE018,SKU00445,6.8,25,10,2025-11-20
STORE013,SKU00445,0.7,25,10,2025-11-20
STORE022,SKU00445,9.8,25,10,2025-11-20
STORE028,SKU00445,1.0,25,10,2025-11-20
STORE023,SKU00445,12.2,25,10,2025-11-20
STORE013,SKU00446,149.4,25,10,2025-11-20
STORE025,SKU00446,121.0,25,10,2025-11-20
STORE023,SKU00446,3.6,25,10,2025-11-20
STORE005,SKU00447,0.0,107,33,2025-10-15
STORE014,SKU00448,139.3,25,10,2025-11-20
STORE018,SKU00448,117.7,25,10,2025-11-20
STORE005,SKU00449,78.8,25,10,2025-11-20
STORE004,SKU00449,16.2,25,10,2025-11-20
STORE015,SKU00449,487.8,25,10,2025-11-20
STORE029,SKU00449,142.4,25,10,2025-11-20
STORE020,SKU00449,64.3,25,10,2025-11-20
STORE012,SKU00449,89.3,25,10,2025-11-20
STORE025,SKU00449,104.6,25,10,2025-11-20
STORE007,SKU00449,162.0,25,10,2025-11-20
STORE011,SKU00449,128.0,25,10,2025-11-20
STORE014,SKU00449,444.4,25,10,2025-11-20
STORE002,SKU00449,121.3,25,10,2025-11-20
STORE008,SKU00449,855.7,25,10,2025-11-20
STORE019,SKU00449,336.5,25,10,2025-11-20
STORE003,SKU00449,41.3,25,10,2025-11-20
STORE001,SKU00449,470.8,25,10,2025-11-20
STORE027,SKU00449,21.8,25,10,2025-11-20
STORE023,SKU00449,300.2,25,10,2025-11-20
STORE024,SKU00449,84.5,25,10,2025-11-20
STORE009,SKU00449,371.3,25,10,2025-11-20
STORE010,SKU00449,357.5,25,10,2025-11-20
STORE016,SKU00449,289.4,25,10,2025-11-20
STORE026,SKU00450,83.9,25,10,2025-11-20
STORE001,SKU00450,19.5,25,10,2025-11-20
STORE028,SKU00450,4.5,25,10,2025-11-20
STORE024,SKU00450,27.7,25,10,2025-11-20
STORE008,SKU00450,10.2,25,10,2025-11-20
STORE027,SKU00451,153.2,25,10,2025-11-20
STORE002,SKU00451,54.8,25,10,2025-11-20
STORE003,SKU00452,156.2,25,10,2025-11-20
STORE002,SKU00452,43.1,25,10,2025-11-20
STORE005,SKU00452,72.7,25,10,2025-11-20
STORE015,SKU00453,6.6,25,10,2025-11-20
STORE006,SKU00453,91.4,25,10,2025-11-20
STORE010,SKU00454,240.7,25,10,2025-11-20
STORE002,SKU00454,62.7,25,10,2025-11-20
STORE011,SKU00454,87.6,25,10,2025-11-20
STORE012,SKU00454,136.0,25,10,2025-11-20
STORE020,SKU00455,60.0,25,10,2025-11-20
STORE021,SKU00456,1.0,31,15,2025-11-20
STORE029,SKU00457,77.3,25,10,2025-11-20
STORE008,SKU00457,24.1,25,10,2025-11-20
STORE010,SKU00457,69.6,25,10,2025-11-20
STORE005,SKU00458,40.9,25,10,2025-11-20
STORE020,SKU00458,15.1,25,10,2025-11-20
STORE013,SKU00458,84.0,25,10,2025-11-20
STORE016,SKU00459,0.0,78,41,2025-10-15
STORE022,SKU00460,125.0,28,13,2025-11-20
STORE003,SKU00461,57.2,25,10,2025-11-20
STORE009,SKU00461,242.2,25,10,2025-11-20
STORE018,SKU00461,40.6,25,10,2025-11-20
STORE007,SKU00462,76.7,25,10,2025-11-20
STORE016,SKU00462,144.7,25,10,2025-11-20
STORE023,SKU00462,118.8,25,10,2025-11-20
STORE024,SKU00462,22.9,25,10,2025-11-20
STORE012,SKU00462,210.0,25,10,2025-11-20
STORE008,SKU00462,49.9,25,10,2025-11-20
STORE015,SKU00462,198.3,25,10,2025-11-20
STORE028,SKU00462,215.5,25,10,2025-11-20
STORE010,SKU00462,33.8,25,10,2025-11-20
STORE026,SKU00462,13.0,25,10,2025-11-20
STORE018,SKU00462,311.3,25,10,2025-11-20
STORE022,SKU00462,126.3,25,10,2025-11-20
STORE025,SKU00462,12.3,25,10,2025-11-20
STORE017,SKU00462,1081.4,25,10,2025-11-20
STORE009,SKU00462,12.2,25,10,2025-11-20
STORE006,SKU00462,243.6,25,10,2025-11-20
STORE021,SKU00462,844.2,25,10,2025-11-20
STORE029,SKU00462,56.1,25,10,2025-11-20
STORE017,SKU00463,53.0,25,10,2025-11-20
STORE004,SKU00464,95.0,25,10,2025-11-20
STORE002,SKU00465,41.0,29,14,2025-11-20
STORE012,SKU00466,24.7,25,10,2025-11-20
STORE029,SKU00466,273.7,25,10,2025-11-20
STORE014,SKU00466,14.9,25,10,2025-11-20
STORE023,SKU00466,165.5,25,10,2025-11-20
STORE020,SKU00466,1327.3,25,10,2025-11-20
STORE016,SKU00466,390.8,25,10,2025-11-20
STORE009,SKU00466,221.9,25,10,2025-11-20
STORE003,SKU00466,85.0,25,10,2025-11-20
STORE007,SKU00466,227.2,25,10,2025-11-20
STORE005,SKU00466,174.0,25,10,2025-11-20
STORE017,SKU00466,129.0,25,10,2025-11-20
STORE008,SKU00466,32.5,25,10,2025-11-20
STORE010,SKU00466,505.8,25,10,2025-11-20
STORE022,SKU00466,138.8,25,10,2025-11-20
STORE004,SKU00466,50.3,25,10,2025-11-20
STORE006,SKU00466,106.5,25,10,2025-11-20
STORE024,SKU00467,63.0,29,14,2025-11-20
STORE027,SKU00468,0.0,84,45,2025-10-15
STORE002,SKU00469,127.2,25,10,2025-11-20
STORE008,SKU00469,95.8,25,10,2025-11-20
STORE023,SKU00470,0.0,105,34,2025-10-15
STORE025,SKU00471,13.0,28,13,2025-11-20
STORE015,SKU00472,1.5,25,10,2025-11-20
STORE004,SKU00472,70.5,25,10,2025-11-20
STORE001,SKU00473,73.0,25,10,2025-11-20
STORE016,SKU00474,1.1,25,10,2025-11-20
STORE027,SKU00474,17.5,25,10,2025-11-20
STORE002,SKU00474,83.3,25,10,2025-11-20
STORE009,SKU00475,48.0,44,22,2025-11-20
STORE009,SKU00476,325.2,25,10,2025-11-20
STORE019,SKU00476,102.8,25,10,2025-11-20
STORE013,SKU00477,9.2,25,10,2025-11-20
STORE010,SKU00477,207.8,25,10,2025-11-20
STORE027,SKU00478,109.5,25,10,2025-11-20
STORE003,SKU00478,47.5,25,10,2025-11-20
STORE002,SKU00479,57.0,29,14,2025-11-20
STORE009,SKU00480,47.0,25,10,2025-11-20
STORE028,SKU00481,0.0,93,39,2025-10-15
STORE016,SKU00482,14.0,44,22,2025-11-20
STORE001,SKU00483,0.0,101,47,2025-10-15
STORE013,SKU00484,3.1,25,10,2025-11-20
STORE015,SKU00484,2.3,25,10,2025-11-20
STORE002,SKU00484,7.2,25,10,2025-11-20
STORE008,SKU00484,0.4,25,10,2025-11-20
STORE007,SKU00484,2.6,25,10,2025-11-20
STORE030,SKU00484,0.6,25,10,2025-11-20
STORE006,SKU00484,1.5,25,10,2025-11-20
STORE022,SKU00484,5.2,25,10,2025-11-20
STORE014,SKU00484,2.5,25,10,2025-11-20
STORE018,SKU00484,1.8,25,10,2025-11-20
STORE028,SKU00484,1.9,25,10,2025-11-20
STORE010,SKU00484,2.4,25,10,2025-11-20
STORE020,SKU00484,5.9,25,10,2025-11-20
STORE012,SKU00484,8.6,25,10,2025-11-20
STORE030,SKU00485,174.0,25,10,2025-11-20
STORE001,SKU00486,170.3,25,10,2025-11-20
STORE030,SKU00486,41.7,25,10,2025-11-20
STORE020,SKU00487,114.0,25,10,2025-11-20
STORE025,SKU00487,56.3,25,10,2025-11-20
STORE029,SKU00487,28.7,25,10,2025-11-20
STORE011,SKU00488,105.3,25,10,2025-11-20
STORE030,SKU00488,2.2,25,10,2025-11-20
STORE027,SKU00488,132.9,25,10,2025-11-20
STORE009,SKU00488,35.5,25,10,2025-11-20
STORE026,SKU00488,58.1,25,10,2025-11-20
STORE025,SKU00489,26.5,25,10,2025-11-20
STORE019,SKU00489,55.5,25,10,2025-11-20
STORE007,SKU00490,183.7,25,10,2025-11-20
STORE025,SKU00490,172.7,25,10,2025-11-20
STORE001,SKU00490,12.5,25,10,2025-11-20
STORE011,SKU00491,128.7,25,10,2025-11-20
STORE024,SKU00491,28.7,25,10,2025-11-20
STORE027,SKU00491,235.6,25,10,2025-11-20
STORE020,SKU00492,79.7,25,10,2025-11-20
STORE014,SKU00492,126.6,25,10,2025-11-20
STORE028,SKU00492,4.7,25,10,2025-11-20
STORE014,SKU00493,42.5,25,10,2025-11-20
STORE026,SKU00493,604.3,25,10,2025-11-20
STORE024,SKU00493,35.9,25,10,2025-11-20
STORE030,SKU00493,35.5,25,10,2025-11-20
STORE025,SKU00493,5.8,25,10,2025-11-20
STORE002,SKU00494,112.4,25,10,2025-11-20
STORE026,SKU00494,48.0,25,10,2025-11-20
STORE004,SKU00494,15.6,25,10,2025-11-20
STORE018,SKU00495,59.0,25,10,2025-11-20
STORE013,SKU00496,20.8,25,10,2025-11-20
STORE024,SKU00496,72.2,25,10,2025-11-20
STORE030,SKU00497,239.0,27,12,2025-11-20
STORE022,SKU00498,60.1,25,10,2025-11-20
STORE010,SKU00498,56.2,25,10,2025-11-20
STORE028,SKU00498,30.4,25,10,2025-11-20
STORE018,SKU00498,317.1,25,10,2025-11-20
STORE015,SKU00498,424.5,25,10,2025-11-20
STORE014,SKU00498,90.4,25,10,2025-11-20
STORE019,SKU00498,6.2,25,10,2025-11-20
STORE024,SKU00498,25.2,25,10,2025-11-20
STORE017,SKU00498,1009.6,25,10,2025-11-20
STORE009,SKU00498,102.8,25,10,2025-11-20
STORE006,SKU00498,430.6,25,10,2025-11-20
STORE013,SKU00498,287.8,25,10,2025-11-20
STORE026,SKU00498,141.3,25,10,2025-11-20
STORE008,SKU00498,67.6,25,10,2025-11-20
STORE005,SKU00498,38.0,25,10,2025-11-20
STORE027,SKU00498,280.3,25,10,2025-11-20
STORE001,SKU00498,437.6,25,10,2025-11-20
STORE016,SKU00498,303.2,25,10,2025-11-20
STORE011,SKU00498,221.9,25,10,2025-11-20
STORE023,SKU00498,12.6,25,10,2025-11-20
STORE002,SKU00498,1015.4,25,10,2025-11-20
STORE004,SKU00498,470.8,25,10,2025-11-20
STORE012,SKU00498,101.8,25,10,2025-11-20
STORE003,SKU00498,1148.5,25,10,2025-11-20
STORE030,SKU00498,270.5,25,10,2025-11-20
STORE021,SKU00498,256.5,25,10,2025-11-20
STORE002,SKU00499,125.3,47,23,2025-11-20
STORE020,SKU00499,151.7,47,23,2025-11-20
STORE009,SKU00500,6.0,25,10,2025-11-20
STORE012,SKU00500,0.8,25,10,2025-11-20
STORE030,SKU00500,2.3,25,10,2025-11-20
STORE022,SKU00500,14.8,25,10,2025-11-20
STORE028,SKU00500,1.4,25,10,2025-11-20
STORE021,SKU00500,2.6,25,10,2025-11-20
STORE020,SKU00500,3.2,25,10,2025-11-20
STORE001,SKU00500,3.3,25,10,2025-11-20
STORE004,SKU00500,5.3,25,10,2025-11-20
STORE010,SKU00500,16.1,25,10,2025-11-20
STORE019,SKU00500,1.5,25,10,2025-11-20
STORE011,SKU00500,0.7,25,10,2025-11-20
STORE026,SKU00500,1.2,25,10,2025-11-20
STORE006,SKU00500,12.3,25,10,2025-11-20
STORE015,SKU00500,5.8,25,10,2025-11-20
STORE008,SKU00500,1.9,25,10,2025-11-20
STORE023,SKU00500,9.5,25,10,2025-11-20
STORE016,SKU00500,11.1,25,10,2025-11-20
STORE001,SKU00501,394.4,25,10,2025-11-20
STORE015,SKU00501,528.7,25,10,2025-11-20
STORE002,SKU00501,61.2,25,10,2025-11-20
STORE012,SKU00501,296.0,25,10,2025-11-20
STORE016,SKU00501,129.9,25,10,2025-11-20
STORE021,SKU00501,388.3,25,10,2025-11-20
STORE018,SKU00501,274.4,25,10,2025-11-20
STORE007,SKU00501,315.2,25,10,2025-11-20
STORE014,SKU00501,224.7,25,10,2025-11-20
STORE028,SKU00501,41.1,25,10,2025-11-20
STORE019,SKU00501,165.7,25,10,2025-11-20
STORE003,SKU00501,879.2,25,10,2025-11-20
STORE009,SKU00501,583.1,25,10,2025-11-20
STORE011,SKU00501,9.3,25,10,2025-11-20
STORE020,SKU00501,37.9,25,10,2025-11-20
STORE008,SKU00501,29.7,25,10,2025-11-20
STORE026,SKU00501,272.4,25,10,2025-11-20
STORE009,SKU00502,217.5,25,10,2025-11-20
STORE025,SKU00502,30.7,25,10,2025-11-20
STORE026,SKU00502,90.1,25,10,2025-11-20
STORE028,SKU00502,234.7,25,10,2025-11-20
STORE016,SKU00503,40.0,53,26,2025-11-20
STORE005,SKU00504,132.4,25,10,2025-11-20
STORE008,SKU00504,151.2,25,10,2025-11-20
STORE021,SKU00504,120.3,25,10,2025-11-20
STORE006,SKU00505,0.0,93,24,2025-10-15
STORE021,SKU00506,2.5,25,10,2025-11-20
STORE002,SKU00506,6.0,25,10,2025-11-20
STORE008,SKU00506,8.4,25,10,2025-11-20
STORE004,SKU00506,14.9,25,10,2025-11-20
STORE030,SKU00506,7.3,25,10,2025-11-20
STORE029,SKU00506,10.3,25,10,2025-11-20
STORE006,SKU00506,1.3,25,10,2025-11-20
STORE022,SKU00506,4.5,25,10,2025-11-20
STORE017,SKU00506,0.1,25,10,2025-11-20
STORE015,SKU00506,2.0,25,10,2025-11-20
STORE019,SKU00506,9.3,25,10,2025-11-20
STORE011,SKU00506,34.6,25,10,2025-11-20
STORE025,SKU00506,0.8,25,10,2025-11-20
STORE018,SKU00507,139.0,25,10,2025-11-20
STORE023,SKU00507,435.9,25,10,2025-11-20
STORE008,SKU00507,61.8,25,10,2025-11-20
STORE002,SKU00507,219.3,25,10,2025-11-20
STORE029,SKU00507,357.6,25,10,2025-11-20
STORE009,SKU00507,259.1,25,10,2025-11-20
STORE025,SKU00507,56.4,25,10,2025-11-20
STORE001,SKU00507,118.9,25,10,2025-11-20
STORE022,SKU00507,414.7,25,10,2025-11-20
STORE012,SKU00507,218.8,25,10,2025-11-20
STORE030,SKU00507,1.4,25,10,2025-11-20
STORE027,SKU00507,387.5,25,10,2025-11-20
STORE028,SKU00507,9.7,25,10,2025-11-20
STORE021,SKU00507,370.8,25,10,2025-11-20
STORE004,SKU00507,61.3,25,10,2025-11-20
STORE019,SKU00507,858.8,25,10,2025-11-20
STORE017,SKU00508,28.0,25,10,2025-11-20
STORE015,SKU00509,210.0,25,10,2025-11-20
STORE004,SKU00509,85.5,25,10,2025-11-20
STORE017,SKU00509,193.5,25,10,2025-11-20
STORE003,SKU00510,22.0,25,10,2025-11-20
STORE008,SKU00510,59.0,25,10,2025-11-20
STORE007,SKU00511,72.2,25,10,2025-11-20
STORE011,SKU00511,93.6,25,10,2025-11-20
STORE019,SKU00511,201.2,25,10,2025-11-20
STORE012,SKU00512,166.0,25,10,2025-11-20
STORE027,SKU00513,127.0,25,10,2025-11-20
STORE027,SKU00514,0.0,97,41,2025-10-15
STORE003,SKU00515,0.0,97,40,2025-10-15
STORE029,SKU00516,177.5,25,10,2025-11-20
STORE010,SKU00516,190.1,25,10,2025-11-20
STORE005,SKU00516,425.0,25,10,2025-11-20
STORE001,SKU00516,1.2,25,10,2025-11-20
STORE011,SKU00516,345.3,25,10,2025-11-20
STORE020,SKU00516,156.9,25,10,2025-11-20
STORE012,SKU00516,564.8,25,10,2025-11-20
STORE026,SKU00516,34.9,25,10,2025-11-20
STORE014,SKU00516,317.0,25,10,2025-11-20
STORE021,SKU00516,234.3,25,10,2025-11-20
STORE024,SKU00516,367.3,25,10,2025-11-20
STORE016,SKU00516,24.0,25,10,2025-11-20
STORE030,SKU00516,309.9,25,10,2025-11-20
STORE027,SKU00516,294.5,25,10,2025-11-20
STORE006,SKU00516,293.9,25,10,2025-11-20
STORE019,SKU00516,330.5,25,10,2025-11-20
STORE017,SKU00516,403.2,25,10,2025-11-20
STORE028,SKU00516,584.1,25,10,2025-11-20
STORE003,SKU00516,112.4,25,10,2025-11-20
STORE018,SKU00516,622.8,25,10,2025-11-20
STORE022,SKU00516,246.4,25,10,2025-11-20
STORE004,SKU00517,28.0,25,10,2025-11-20
STORE020,SKU00517,21.1,25,10,2025-11-20
STORE007,SKU00517,142.0,25,10,2025-11-20
STORE026,SKU00518,0.0,92,30,2025-10-15
STORE023,SKU00519,137.6,25,10,2025-11-20
STORE025,SKU00519,110.2,25,10,2025-11-20
STORE024,SKU00519,139.2,25,10,2025-11-20
STORE017,SKU00520,57.9,25,10,2025-11-20
STORE026,SKU00520,46.1,25,10,2025-11-20
STORE019,SKU00521,31.3,25,10,2025-11-20
STORE023,SKU00521,78.1,25,10,2025-11-20
STORE012,SKU00521,111.8,25,10,2025-11-20
STORE007,SKU00521,18.2,25,10,2025-11-20
STORE013,SKU00521,48.9,25,10,2025-11-20
STORE030,SKU00521,179.0,25,10,2025-11-20
STORE002,SKU00521,261.2,25,10,2025-11-20
STORE022,SKU00521,1257.6,25,10,2025-11-20
STORE005,SKU00521,531.0,25,10,2025-11-20
STORE026,SKU00521,202.0,25,10,2025-11-20
STORE003,SKU00521,107.4,25,10,2025-11-20
STORE020,SKU00521,198.5,25,10,2025-11-20
STORE008,SKU00521,302.4,25,10,2025-11-20
STORE017,SKU00521,24.7,25,10,2025-11-20
STORE014,SKU00521,103.6,25,10,2025-11-20
STORE009,SKU00521,359.6,25,10,2025-11-20
STORE028,SKU00521,95.1,25,10,2025-11-20
STORE024,SKU00521,166.6,25,10,2025-11-20
STORE028,SKU00522,79.0,25,10,2025-11-20
STORE029,SKU00523,111.0,25,10,2025-11-20
STORE017,SKU00523,244.7,25,10,2025-11-20
STORE026,SKU00523,221.6,25,10,2025-11-20
STORE002,SKU00523,14.4,25,10,2025-11-20
STORE020,SKU00523,13.3,25,10,2025-11-20
STORE016,SKU00524,471.2,25,10,2025-11-20
STORE022,SKU00524,84.3,25,10,2025-11-20
STORE017,SKU00524,193.0,25,10,2025-11-20
STORE028,SKU00524,93.8,25,10,2025-11-20
STORE015,SKU00524,747.0,25,10,2025-11-20
STORE011,SKU00524,79.4,25,10,2025-11-20
STORE009,SKU00524,148.5,25,10,2025-11-20
STORE007,SKU00524,545.1,25,10,2025-11-20
STORE019,SKU00524,487.8,25,10,2025-11-20
STORE010,SKU00524,54.5,25,10,2025-11-20
STORE008,SKU00524,429.1,25,10,2025-11-20
STORE025,SKU00524,162.1,25,10,2025-11-20
STORE020,SKU00524,174.4,25,10,2025-11-20
STORE012,SKU00524,37.9,25,10,2025-11-20
STORE018,SKU00524,22.2,25,10,2025-11-20
STORE030,SKU00524,344.2,25,10,2025-11-20
STORE006,SKU00524,181.4,25,10,2025-11-20
STORE027,SKU00524,151.8,25,10,2025-11-20
STORE002,SKU00524,345.8,25,10,2025-11-20
STORE004,SKU00524,383.5,25,10,2025-11-20
STORE026,SKU00524,45.8,25,10,2025-11-20
STORE023,SKU00524,249.1,25,10,2025-11-20
STORE014,SKU00524,38.5,25,10,2025-11-20
STORE001,SKU00524,368.0,25,10,2025-11-20
STORE003,SKU00524,282.9,25,10,2025-11-20
STORE005,SKU00524,829.7,25,10,2025-11-20
STORE024,SKU00524,18.9,25,10,2025-11-20
STORE030,SKU00525,23.6,25,10,2025-11-20
STORE012,SKU00525,133.4,25,10,2025-11-20
STORE021,SKU00526,124.6,25,10,2025-11-20
STORE016,SKU00526,116.4,25,10,2025-11-20
STORE020,SKU00527,240.7,25,10,2025-11-20
STORE008,SKU00527,29.2,25,10,2025-11-20
STORE015,SKU00527,32.3,25,10,2025-11-20
STORE026,SKU00527,144.9,25,10,2025-11-20
STORE014,SKU00528,246.0,25,10,2025-11-20
STORE008,SKU00529,107.3,25,10,2025-11-20
STORE019,SKU00529,4.8,25,10,2025-11-20
STORE027,SKU00529,47.9,25,10,2025-11-20
STORE027,SKU00530,4.6,25,10,2025-11-20
STORE005,SKU00530,8.7,25,10,2025-11-20
STORE030,SKU00530,316.7,25,10,2025-11-20
STORE018,SKU00530,20.0,25,10,2025-11-20
STORE008,SKU00531,2.8,25,10,2025-11-20
STORE025,SKU00531,1.9,25,10,2025-11-20
STORE014,SKU00531,1.5,25,10,2025-11-20
STORE022,SKU00531,8.3,25,10,2025-11-20
STORE019,SKU00531,0.1,25,10,2025-11-20
STORE027,SKU00531,3.9,25,10,2025-11-20
STORE005,SKU00531,12.0,25,10,2025-11-20
STORE020,SKU00531,3.0,25,10,2025-11-20
STORE009,SKU00531,10.0,25,10,2025-11-20
STORE010,SKU00531,0.2,25,10,2025-11-20
STORE011,SKU00531,2.0,25,10,2025-11-20
STORE023,SKU00531,1.1,25,10,2025-11-20
STORE004,SKU00531,4.8,25,10,2025-11-20
STORE003,SKU00531,14.4,25,10,2025-11-20
STORE028,SKU00531,1.1,25,10,2025-11-20
STORE014,SKU00532,241.1,25,10,2025-11-20
STORE017,SKU00532,50.1,25,10,2025-11-20
STORE005,SKU00532,189.2,25,10,2025-11-20
STORE019,SKU00532,141.6,25,10,2025-11-20
STORE016,SKU00532,811.9,25,10,2025-11-20
STORE021,SKU00532,212.9,25,10,2025-11-20
STORE007,SKU00532,97.6,25,10,2025-11-20
STORE006,SKU00532,27.5,25,10,2025-11-20
STORE015,SKU00532,37.2,25,10,2025-11-20
STORE001,SKU00532,58.0,25,10,2025-11-20
STORE023,SKU00532,65.6,25,10,2025-11-20
STORE004,SKU00532,431.7,25,10,2025-11-20
STORE030,SKU00532,187.0,25,10,2025-11-20
STORE009,SKU00532,168.3,25,10,2025-11-20
STORE026,SKU00532,27.7,25,10,2025-11-20
STORE012,SKU00532,446.6,25,10,2025-11-20
STORE002,SKU00532,291.3,25,10,2025-11-20
STORE003,SKU00532,15.9,25,10,2025-11-20
STORE025,SKU00532,279.4,25,10,2025-11-20
STORE024,SKU00532,178.1,25,10,2025-11-20
STORE022,SKU00532,19.4,25,10,2025-11-20
STORE013,SKU00532,139.2,25,10,2025-11-20
STORE018,SKU00532,150.5,25,10,2025-11-20
STORE008,SKU00532,41.2,25,10,2025-11-20
STORE028,SKU00532,661.4,25,10,2025-11-20
STORE020,SKU00532,430.7,25,10,2025-11-20
STORE027,SKU00532,251.1,25,10,2025-11-20
STORE011,SKU00532,140.9,25,10,2025-11-20
STORE012,SKU00533,164.0,25,10,2025-11-20
STORE005,SKU00534,87.9,25,10,2025-11-20
STORE013,SKU00534,65.8,25,10,2025-11-20
STORE023,SKU00534,5.4,25,10,2025-11-20
STORE018,SKU00534,60.0,25,10,2025-11-20
STORE008,SKU00535,414.2,25,10,2025-11-20
STORE023,SKU00535,155.1,25,10,2025-11-20
STORE010,SKU00535,13.5,25,10,2025-11-20
STORE004,SKU00535,389.3,25,10,2025-11-20
STORE011,SKU00535,56.7,25,10,2025-11-20
STORE026,SKU00535,75.5,25,10,2025-11-20
STORE019,SKU00535,45.4,25,10,2025-11-20
STORE020,SKU00535,101.1,25,10,2025-11-20
STORE029,SKU00535,356.6,25,10,2025-11-20
STORE027,SKU00535,184.8,25,10,2025-11-20
STORE002,SKU00535,57.8,25,10,2025-11-20
STORE003,SKU00535,530.4,25,10,2025-11-20
STORE012,SKU00535,534.0,25,10,2025-11-20
STORE015,SKU00535,515.8,25,10,2025-11-20
STORE014,SKU00535,68.8,25,10,2025-11-20
STORE025,SKU00535,151.4,25,10,2025-11-20
STORE030,SKU00535,1059.3,25,10,2025-11-20
STORE018,SKU00535,373.0,25,10,2025-11-20
STORE007,SKU00535,6.9,25,10,2025-11-20
STORE005,SKU00535,17.0,25,10,2025-11-20
STORE016,SKU00535,157.3,25,10,2025-11-20
STORE024,SKU00535,605.3,25,10,2025-11-20
STORE009,SKU00535,195.2,25,10,2025-11-20
STORE006,SKU00535,173.8,25,10,2025-11-20
STORE017,SKU00535,28.1,25,10,2025-11-20
STORE013,SKU00535,269.8,25,10,2025-11-20
STORE001,SKU00535,435.6,25,10,2025-11-20
STORE005,SKU00536,48.3,25,10,2025-11-20
STORE029,SKU00536,150.7,25,10,2025-11-20
STORE001,SKU00537,45.0,25,10,2025-11-20
STORE019,SKU00538,1.5,25,10,2025-11-20
STORE030,SKU00538,5.0,25,10,2025-11-20
STORE012,SKU00538,2.3,25,10,2025-11-20
STORE022,SKU00538,10.7,25,10,2025-11-20
STORE021,SKU00538,5.8,25,10,2025-11-20
STORE015,SKU00538,6.8,25,10,2025-11-20
STORE013,SKU00538,10.8,25,10,2025-11-20
STORE011,SKU00538,3.4,25,10,2025-11-20
STORE025,SKU00538,16.7,25,10,2025-11-20
STORE006,SKU00538,5.2,25,10,2025-11-20
STORE017,SKU00538,1.2,25,10,2025-11-20
STORE029,SKU00538,8.1,25,10,2025-11-20
STORE009,SKU00538,10.7,25,10,2025-11-20
STORE004,SKU00538,2.6,25,10,2025-11-20
STORE008,SKU00538,13.2,25,10,2025-11-20
STORE010,SKU00539,6.8,25,10,2025-11-20
STORE016,SKU00539,0.9,25,10,2025-11-20
STORE011,SKU00539,11.8,25,10,2025-11-20
STORE002,SKU00539,0.4,25,10,2025-11-20
STORE019,SKU00539,0.6,25,10,2025-11-20
STORE017,SKU00539,0.6,25,10,2025-11-20
STORE025,SKU00539,6.5,25,10,2025-11-20
STORE026,SKU00539,3.1,25,10,2025-11-20
STORE024,SKU00539,0.5,25,10,2025-11-20
STORE014,SKU00539,1.7,25,10,2025-11-20
STORE030,SKU00539,2.7,25,10,2025-11-20
STORE028,SKU00539,0.3,25,10,2025-11-20
STORE013,SKU00539,6.2,25,10,2025-11-20
STORE023,SKU00539,4.7,25,10,2025-11-20
STORE006,SKU00539,2.0,25,10,2025-11-20
STORE003,SKU00539,9.8,25,10,2025-11-20
STORE001,SKU00539,1.6,25,10,2025-11-20
STORE012,SKU00539,11.9,25,10,2025-11-20
STORE029,SKU00540,129.0,39,19,2025-11-20
STORE024,SKU00541,0.0,83,26,2025-10-15
STORE017,SKU00542,173.8,25,10,2025-11-20
STORE009,SKU00542,31.3,25,10,2025-11-20
STORE019,SKU00542,368.8,25,10,2025-11-20
STORE020,SKU00542,96.3,25,10,2025-11-20
STORE011,SKU00542,30.6,25,10,2025-11-20
STORE004,SKU00542,2.2,25,10,2025-11-20
STORE012,SKU00543,212.0,25,10,2025-11-20
STORE010,SKU00544,65.0,25,10,2025-11-20
STORE006,SKU00545,101.9,25,10,2025-11-20
STORE004,SKU00545,177.3,25,10,2025-11-20
STORE010,SKU00545,6.6,25,10,2025-11-20
STORE009,SKU00545,105.5,25,10,2025-11-20
STORE016,SKU00545,16.7,25,10,2025-11-20
STORE015,SKU00546,530.8,25,10,2025-11-20
STORE008,SKU00546,464.6,25,10,2025-11-20
STORE006,SKU00546,211.5,25,10,2025-11-20
STORE010,SKU00546,336.6,25,10,2025-11-20
STORE009,SKU00546,102.6,25,10,2025-11-20
STORE020,SKU00546,173.1,25,10,2025-11-20
STORE004,SKU00546,468.5,25,10,2025-11-20
STORE029,SKU00546,167.1,25,10,2025-11-20
STORE022,SKU00546,120.3,25,10,2025-11-20
STORE026,SKU00546,185.2,25,10,2025-11-20
STORE005,SKU00546,478.7,25,10,2025-11-20
STORE024,SKU00546,110.9,25,10,2025-11-20
STORE007,SKU00546,51.9,25,10,2025-11-20
STORE017,SKU00546,338.3,25,10,2025-11-20
STORE028,SKU00546,475.2,25,10,2025-11-20
STORE001,SKU00546,28.8,25,10,2025-11-20
STORE027,SKU00546,74.5,25,10,2025-11-20
STORE030,SKU00546,41.6,25,10,2025-11-20
STORE021,SKU00546,116.2,25,10,2025-11-20
STORE012,SKU00546,162.6,25,10,2025-11-20
STORE019,SKU00546,375.4,25,10,2025-11-20
STORE013,SKU00546,286.2,25,10,2025-11-20
STORE023,SKU00546,263.6,25,10,2025-11-20
STORE018,SKU00546,118.1,25,10,2025-11-20
STORE011,SKU00546,500.5,25,10,2025-11-20
STORE003,SKU00546,173.2,25,10,2025-11-20
STORE007,SKU00547,92.9,25,10,2025-11-20
STORE010,SKU00547,24.1,25,10,2025-11-20
STORE019,SKU00548,0.0,109,33,2025-10-15
STORE015,SKU00549,0.0,74,36,2025-10-15
STORE027,SKU00550,40.9,25,10,2025-11-20
STORE015,SKU00550,341.3,25,10,2025-11-20
STORE010,SKU00550,119.0,25,10,2025-11-20
STORE004,SKU00550,351.0,25,10,2025-11-20
STORE023,SKU00550,21.9,25,10,2025-11-20
STORE026,SKU00550,58.2,25,10,2025-11-20
STORE030,SKU00550,586.1,25,10,2025-11-20
STORE029,SKU00550,78.0,25,10,2025-11-20
STORE014,SKU00550,549.2,25,10,2025-11-20
STORE016,SKU00550,99.1,25,10,2025-11-20
STORE009,SKU00550,311.7,25,10,2025-11-20
STORE003,SKU00550,358.6,25,10,2025-11-20
STORE005,SKU00550,217.6,25,10,2025-11-20
STORE020,SKU00550,110.3,25,10,2025-11-20
STORE024,SKU00550,72.4,25,10,2025-11-20
STORE006,SKU00550,10.2,25,10,2025-11-20
STORE013,SKU00550,109.7,25,10,2025-11-20
STORE002,SKU00550,320.5,25,10,2025-11-20
STORE012,SKU00550,843.2,25,10,2025-11-20
STORE021,SKU00550,620.4,25,10,2025-11-20
STORE022,SKU00550,439.7,25,10,2025-11-20
STORE025,SKU00550,470.2,25,10,2025-11-20
STORE019,SKU00550,331.0,25,10,2025-11-20
STORE018,SKU00550,91.3,25,10,2025-11-20
STORE008,SKU00550,719.6,25,10,2025-11-20
STORE017,SKU00550,336.3,25,10,2025-11-20
STORE011,SKU00550,248.8,25,10,2025-11-20
STORE007,SKU00550,35.6,25,10,2025-11-20
STORE001,SKU00550,179.4,25,10,2025-11-20
STORE023,SKU00551,128.0,25,10,2025-11-20
STORE030,SKU00551,414.9,25,10,2025-11-20
STORE011,SKU00551,164.2,25,10,2025-11-20
STORE002,SKU00551,99.4,25,10,2025-11-20
STORE014,SKU00551,781.1,25,10,2025-11-20
STORE004,SKU00551,24.4,25,10,2025-11-20
STORE029,SKU00551,114.0,25,10,2025-11-20
STORE017,SKU00551,8.9,25,10,2025-11-20
STORE028,SKU00551,279.5,25,10,2025-11-20
STORE007,SKU00551,519.3,25,10,2025-11-20
STORE018,SKU00551,68.2,25,10,2025-11-20
STORE027,SKU00551,405.6,25,10,2025-11-20
STORE001,SKU00551,71.7,25,10,2025-11-20
STORE008,SKU00551,501.6,25,10,2025-11-20
STORE005,SKU00551,291.0,25,10,2025-11-20
STORE010,SKU00551,339.2,25,10,2025-11-20
STORE013,SKU00552,0.0,91,47,2025-10-15
STORE022,SKU00553,5.3,25,10,2025-11-20
STORE007,SKU00553,951.8,25,10,2025-11-20
STORE009,SKU00553,375.0,25,10,2025-11-20
STORE016,SKU00553,105.1,25,10,2025-11-20
STORE005,SKU00553,511.3,25,10,2025-11-20
STORE027,SKU00553,95.6,25,10,2025-11-20
STORE006,SKU00553,596.1,25,10,2025-11-20
STORE025,SKU00553,34.5,25,10,2025-11-20
STORE010,SKU00553,351.7,25,10,2025-11-20
STORE026,SKU00553,225.0,25,10,2025-11-20
STORE029,SKU00553,29.4,25,10,2025-11-20
STORE003,SKU00553,80.1,25,10,2025-11-20
STORE017,SKU00553,3.6,25,10,2025-11-20
STORE020,SKU00553,182.9,25,10,2025-11-20
STORE001,SKU00553,103.7,25,10,2025-11-20
STORE018,SKU00553,263.8,25,10,2025-11-20
STORE002,SKU00553,102.0,25,10,2025-11-20
STORE008,SKU00553,103.1,25,10,2025-11-20
STORE028,SKU00553,393.1,25,10,2025-11-20
STORE030,SKU00553,14.3,25,10,2025-11-20
STORE004,SKU00553,674.3,25,10,2025-11-20
STORE019,SKU00553,552.9,25,10,2025-11-20
STORE023,SKU00553,318.6,25,10,2025-11-20
STORE014,SKU00554,2.0,95,47,2025-11-20
STORE023,SKU00555,245.4,25,10,2025-11-20
STORE009,SKU00555,22.6,25,10,2025-11-20
STORE020,SKU00556,109.0,25,10,2025-11-20
STORE013,SKU00557,0.0,107,40,2025-10-15
STORE008,SKU00558,20.8,25,10,2025-11-20
STORE021,SKU00558,120.2,25,10,2025-11-20
STORE012,SKU00559,0.8,25,10,2025-11-20
STORE016,SKU00559,19.8,25,10,2025-11-20
STORE017,SKU00559,122.4,25,10,2025-11-20
STORE022,SKU00560,76.0,25,10,2025-11-20
STORE006,SKU00561,0.0,97,48,2025-10-15
STORE027,SKU00562,94.0,25,10,2025-11-20
STORE008,SKU00563,175.0,26,11,2025-11-20
STORE029,SKU00564,0.0,101,29,2025-10-15
STORE016,SKU00565,194.3,37,18,2025-11-20
STORE026,SKU00565,99.7,37,18,2025-11-20
STORE021,SKU00566,67.0,25,10,2025-11-20
STORE013,SKU00566,54.0,25,10,2025-11-20
STORE020,SKU00567,22.0,25,10,2025-11-20
STORE012,SKU00568,88.2,25,10,2025-11-20
STORE018,SKU00568,140.9,25,10,2025-11-20
STORE016,SKU00568,168.3,25,10,2025-11-20
STORE010,SKU00568,67.6,25,10,2025-11-20
STORE004,SKU00569,14.0,27,12,2025-11-20
STORE008,SKU00570,189.6,25,10,2025-11-20
STORE004,SKU00570,128.4,25,10,2025-11-20
STORE029,SKU00571,140.3,25,10,2025-11-20
STORE030,SKU00571,365.9,25,10,2025-11-20
STORE025,SKU00571,226.7,25,10,2025-11-20
STORE028,SKU00571,548.9,25,10,2025-11-20
STORE010,SKU00571,144.2,25,10,2025-11-20
STORE014,SKU00571,229.9,25,10,2025-11-20
STORE015,SKU00571,245.5,25,10,2025-11-20
STORE011,SKU00571,220.4,25,10,2025-11-20
STORE008,SKU00571,298.5,25,10,2025-11-20
STORE027,SKU00571,66.7,25,10,2025-11-20
STORE004,SKU00571,176.7,25,10,2025-11-20
STORE006,SKU00571,27.1,25,10,2025-11-20
STORE024,SKU00571,119.4,25,10,2025-11-20
STORE023,SKU00571,164.6,25,10,2025-11-20
STORE020,SKU00571,259.9,25,10,2025-11-20
STORE019,SKU00571,739.8,25,10,2025-11-20
STORE012,SKU00571,225.9,25,10,2025-11-20
STORE007,SKU00571,334.9,25,10,2025-11-20
STORE021,SKU00571,173.7,25,10,2025-11-20
STORE005,SKU00572,240.4,25,10,2025-11-20
STORE025,SKU00572,17.6,25,10,2025-11-20
STORE029,SKU00573,83.0,26,11,2025-11-20
STORE016,SKU00574,239.9,25,10,2025-11-20
STORE027,SKU00574,341.6,25,10,2025-11-20
STORE026,SKU00574,25.0,25,10,2025-11-20
STORE030,SKU00574,80.6,25,10,2025-11-20
STORE020,SKU00574,173.1,25,10,2025-11-20
STORE014,SKU00574,1900.9,25,10,2025-11-20
STORE022,SKU00574,215.0,25,10,2025-11-20
STORE008,SKU00574,351.4,25,10,2025-11-20
STORE001,SKU00574,116.6,25,10,2025-11-20
STORE010,SKU00574,504.0,25,10,2025-11-20
STORE009,SKU00574,176.0,25,10,2025-11-20
STORE017,SKU00574,123.9,25,10,2025-11-20
STORE007,SKU00574,388.2,25,10,2025-11-20
STORE025,SKU00574,2.9,25,10,2025-11-20
STORE002,SKU00574,4.1,25,10,2025-11-20
STORE028,SKU00574,132.1,25,10,2025-11-20
STORE013,SKU00574,20.0,25,10,2025-11-20
STORE006,SKU00574,61.1,25,10,2025-11-20
STORE005,SKU00574,221.0,25,10,2025-11-20
STORE011,SKU00574,866.6,25,10,2025-11-20
STORE019,SKU00574,453.3,25,10,2025-11-20
STORE014,SKU00575,72.1,25,10,2025-11-20
STORE013,SKU00575,34.9,25,10,2025-11-20
STORE026,SKU00576,11.0,25,10,2025-11-20
STORE015,SKU00577,167.8,25,10,2025-11-20
STORE014,SKU00577,30.2,25,10,2025-11-20
STORE013,SKU00578,115.5,25,10,2025-11-20
STORE009,SKU00578,14.5,25,10,2025-11-20
STORE030,SKU00579,0.0,68,21,2025-10-15
STORE016,SKU00580,108.9,25,10,2025-11-20
STORE024,SKU00580,182.1,25,10,2025-11-20
STORE008,SKU00581,98.6,25,10,2025-11-20
STORE011,SKU00581,32.4,25,10,2025-11-20
STORE021,SKU00581,57.6,25,10,2025-11-20
STORE027,SKU00581,234.7,25,10,2025-11-20
STORE002,SKU00581,6.7,25,10,2025-11-20
STORE010,SKU00582,15.0,25,10,2025-11-20
STORE015,SKU00583,40.7,25,10,2025-11-20
STORE014,SKU00583,44.4,25,10,2025-11-20
STORE008,SKU00583,42.9,25,10,2025-11-20
STORE019,SKU00584,617.6,25,10,2025-11-20
STORE029,SKU00584,324.6,25,10,2025-11-20
STORE006,SKU00584,242.8,25,10,2025-11-20
STORE018,SKU00584,96.0,25,10,2025-11-20
STORE007,SKU00584,450.2,25,10,2025-11-20
STORE025,SKU00584,804.4,25,10,2025-11-20
STORE021,SKU00584,446.4,25,10,2025-11-20
STORE004,SKU00584,0.4,25,10,2025-11-20
STORE020,SKU00584,262.3,25,10,2025-11-20
STORE022,SKU00584,13.6,25,10,2025-11-20
STORE011,SKU00584,77.2,25,10,2025-11-20
STORE005,SKU00584,15.9,25,10,2025-11-20
STORE027,SKU00584,240.1,25,10,2025-11-20
STORE001,SKU00584,300.8,25,10,2025-11-20
STORE017,SKU00584,31.5,25,10,2025-11-20
STORE013,SKU00584,125.6,25,10,2025-11-20
STORE026,SKU00584,158.0,25,10,2025-11-20
STORE002,SKU00584,119.4,25,10,2025-11-20
STORE012,SKU00584,33.4,25,10,2025-11-20
STORE028,SKU00584,140.8,25,10,2025-11-20
STORE030,SKU00585,121.6,25,10,2025-11-20
STORE012,SKU00585,6.4,25,10,2025-11-20
STORE025,SKU00586,14.3,25,10,2025-11-20
STORE018,SKU00586,74.7,25,10,2025-11-20
STORE003,SKU00587,0.0,73,40,2025-10-15
STORE017,SKU00588,76.0,25,10,2025-11-20
STORE007,SKU00589,366.7,25,10,2025-11-20
STORE012,SKU00589,377.0,25,10,2025-11-20
STORE018,SKU00589,149.2,25,10,2025-11-20
STORE030,SKU00589,299.0,25,10,2025-11-20
STORE006,SKU00589,3.4,25,10,2025-11-20
STORE028,SKU00589,335.7,25,10,2025-11-20
STORE013,SKU00589,811.9,25,10,2025-11-20
STORE023,SKU00589,314.9,25,10,2025-11-20
STORE008,SKU00589,687.1,25,10,2025-11-20
STORE010,SKU00589,427.4,25,10,2025-11-20
STORE026,SKU00589,42.7,25,10,2025-11-20
STORE029,SKU00589,772.8,25,10,2025-11-20
STORE011,SKU00589,22.8,25,10,2025-11-20
STORE014,SKU00589,253.5,25,10,2025-11-20
STORE027,SKU00589,50.9,25,10,2025-11-20
STORE009,SKU00589,3.9,25,10,2025-11-20
STORE019,SKU00589,182.0,25,10,2025-11-20
STORE004,SKU00589,116.1,25,10,2025-11-20
STORE001,SKU00589,221.0,25,10,2025-11-20
STORE017,SKU00589,285.9,25,10,2025-11-20
STORE028,SKU00590,50.3,25,10,2025-11-20
STORE001,SKU00590,147.7,25,10,2025-11-20
STORE025,SKU00591,150.6,29,14,2025-11-20
STORE017,SKU00591,77.4,29,14,2025-11-20
STORE004,SKU00592,324.6,25,10,2025-11-20
STORE017,SKU00592,262.5,25,10,2025-11-20
STORE013,SKU00592,464.2,25,10,2025-11-20
STORE026,SKU00592,293.0,25,10,2025-11-20
STORE016,SKU00592,139.6,25,10,2025-11-20
STORE002,SKU00592,277.7,25,10,2025-11-20
STORE006,SKU00592,80.0,25,10,2025-11-20
STORE010,SKU00592,90.9,25,10,2025-11-20
STORE023,SKU00592,386.6,25,10,2025-11-20
STORE001,SKU00592,146.9,25,10,2025-11-20
STORE008,SKU00592,397.9,25,10,2025-11-20
STORE020,SKU00592,429.4,25,10,2025-11-20
STORE025,SKU00592,484.2,25,10,2025-11-20
STORE009,SKU00592,617.3,25,10,2025-11-20
STORE030,SKU00592,140.1,25,10,2025-11-20
STORE014,SKU00592,95.4,25,10,2025-11-20
STORE028,SKU00592,216.8,25,10,2025-11-20
STORE013,SKU00593,62.0,25,10,2025-11-20
STORE021,SKU00594,15.4,25,10,2025-11-20
STORE013,SKU00594,20.6,25,10,2025-11-20
STORE005,SKU00595,254.6,37,18,2025-11-20
STORE027,SKU00595,102.4,37,18,2025-11-20
STORE024,SKU00596,35.0,34,17,2025-11-20
STORE029,SKU00596,108.0,34,17,2025-11-20
STORE009,SKU00597,9.9,25,10,2025-11-20
STORE028,SKU00597,142.0,25,10,2025-11-20
STORE003,SKU00597,27.3,25,10,2025-11-20
STORE017,SKU00597,10.8,25,10,2025-11-20
STORE024,SKU00598,0.0,120,42,2025-10-15
STORE024,SKU00599,8.7,37,18,2025-11-20
STORE014,SKU00599,349.3,37,18,2025-11-20
STORE001,SKU00600,0.0,97,20,2025-10-15
STORE027,SKU00601,26.0,37,18,2025-11-20
STORE018,SKU00602,60.0,25,10,2025-11-20
STORE020,SKU00603,29.7,25,10,2025-11-20
STORE030,SKU00603,210.3,25,10,2025-11-20
STORE005,SKU00604,147.0,25,10,2025-11-20
STORE004,SKU00605,91.9,25,10,2025-11-20
STORE024,SKU00605,75.6,25,10,2025-11-20
STORE019,SKU00605,36.9,25,10,2025-11-20
STORE026,SKU00605,20.0,25,10,2025-11-20
STORE013,SKU00605,359.7,25,10,2025-11-20
STORE007,SKU00606,108.1,25,10,2025-11-20
STORE027,SKU00606,208.3,25,10,2025-11-20
STORE020,SKU00606,27.1,25,10,2025-11-20
STORE010,SKU00606,118.8,25,10,2025-11-20
STORE026,SKU00606,5.0,25,10,2025-11-20
STORE011,SKU00606,125.8,25,10,2025-11-20
STORE014,SKU00607,63.1,25,10,2025-11-20
STORE017,SKU00607,9.2,25,10,2025-11-20
STORE024,SKU00607,0.8,25,10,2025-11-20
STORE001,SKU00608,5.5,25,10,2025-11-20
STORE010,SKU00608,85.5,25,10,2025-11-20
STORE009,SKU00608,30.4,25,10,2025-11-20
STORE015,SKU00608,4.1,25,10,2025-11-20
STORE007,SKU00608,245.7,25,10,2025-11-20
STORE004,SKU00608,106.8,25,10,2025-11-20
STORE028,SKU00608,59.4,25,10,2025-11-20
STORE021,SKU00608,401.0,25,10,2025-11-20
STORE019,SKU00608,21.5,25,10,2025-11-20
STORE016,SKU00608,543.5,25,10,2025-11-20
STORE013,SKU00608,65.6,25,10,2025-11-20
STORE029,SKU00608,381.8,25,10,2025-11-20
STORE014,SKU00608,160.8,25,10,2025-11-20
STORE003,SKU00608,305.1,25,10,2025-11-20
STORE008,SKU00608,720.1,25,10,2025-11-20
STORE026,SKU00608,59.2,25,10,2025-11-20
STORE018,SKU00609,37.0,26,11,2025-11-20
STORE009,SKU00610,89.6,25,10,2025-11-20
STORE016,SKU00610,88.4,25,10,2025-11-20
STORE010,SKU00611,77.8,25,10,2025-11-20
STORE030,SKU00611,145.8,25,10,2025-11-20
STORE023,SKU00611,31.3,25,10,2025-11-20
STORE018,SKU00612,29.0,26,11,2025-11-20
STORE017,SKU00613,50.8,25,10,2025-11-20
STORE008,SKU00613,93.4,25,10,2025-11-20
STORE013,SKU00613,116.8,25,10,2025-11-20
STORE001,SKU00614,158.6,25,10,2025-11-20
STORE016,SKU00614,98.4,25,10,2025-11-20
STORE024,SKU00615,50.1,25,10,2025-11-20
STORE013,SKU00615,36.1,25,10,2025-11-20
STORE012,SKU00615,9.9,25,10,2025-11-20
STORE025,SKU00615,69.9,25,10,2025-11-20
STORE018,SKU00616,78.0,25,10,2025-11-20
STORE023,SKU00617,107.0,25,10,2025-11-20
STORE004,SKU00618,186.0,30,15,2025-11-20
STORE015,SKU00619,135.4,26,11,2025-11-20
STORE008,SKU00619,275.6,26,11,2025-11-20
STORE019,SKU00620,31.9,25,10,2025-11-20
STORE001,SKU00620,124.8,25,10,2025-11-20
STORE013,SKU00620,209.3,25,10,2025-11-20
STORE025,SKU00621,20.5,25,10,2025-11-20
STORE008,SKU00621,15.7,25,10,2025-11-20
STORE015,SKU00621,155.8,25,10,2025-11-20
STORE012,SKU00621,65.0,25,10,2025-11-20
STORE016,SKU00622,96.1,25,10,2025-11-20
STORE019,SKU00622,82.9,25,10,2025-11-20
STORE004,SKU00623,27.0,37,18,2025-11-20
STORE021,SKU00624,63.0,25,10,2025-11-20
STORE010,SKU00624,141.0,25,10,2025-11-20
STORE011,SKU00625,5.4,25,10,2025-11-20
STORE005,SKU00625,86.6,25,10,2025-11-20
STORE026,SKU00625,105.0,25,10,2025-11-20
STORE021,SKU00626,54.0,25,10,2025-11-20
STORE003,SKU00627,0.0,88,23,2025-10-15
STORE006,SKU00628,8.9,25,10,2025-11-20
STORE007,SKU00628,6.4,25,10,2025-11-20
STORE028,SKU00628,3.4,25,10,2025-11-20
STORE016,SKU00628,2.0,25,10,2025-11-20
STORE019,SKU00628,5.5,25,10,2025-11-20
STORE008,SKU00628,0.4,25,10,2025-11-20
STORE003,SKU00628,4.2,25,10,2025-11-20
STORE005,SKU00628,0.4,25,10,2025-11-20
STORE013,SKU00628,4.2,25,10,2025-11-20
STORE020,SKU00628,0.9,25,10,2025-11-20
STORE027,SKU00628,5.6,25,10,2025-11-20
STORE017,SKU00629,107.3,25,10,2025-11-20
STORE024,SKU00629,6.0,25,10,2025-11-20
STORE027,SKU00629,23.1,25,10,2025-11-20
STORE019,SKU00629,147.5,25,10,2025-11-20
STORE025,SKU00630,87.0,25,10,2025-11-20
STORE008,SKU00631,474.7,25,10,2025-11-20
STORE002,SKU00631,211.8,25,10,2025-11-20
STORE025,SKU00631,112.1,25,10,2025-11-20
STORE016,SKU00631,80.2,25,10,2025-11-20
STORE009,SKU00631,54.1,25,10,2025-11-20
STORE014,SKU00631,341.9,25,10,2025-11-20
STORE010,SKU00631,116.5,25,10,2025-11-20
STORE011,SKU00631,170.6,25,10,2025-11-20
STORE005,SKU00631,161.6,25,10,2025-11-20
STORE029,SKU00631,205.2,25,10,2025-11-20
STORE023,SKU00631,478.3,25,10,2025-11-20
STORE019,SKU00631,941.4,25,10,2025-11-20
STORE028,SKU00631,124.8,25,10,2025-11-20
STORE001,SKU00631,418.9,25,10,2025-11-20
STORE026,SKU00631,344.7,25,10,2025-11-20
STORE012,SKU00631,203.1,25,10,2025-11-20
STORE007,SKU00632,254.4,25,10,2025-11-20
STORE025,SKU00632,18.2,25,10,2025-11-20
STORE018,SKU00632,9.4,25,10,2025-11-20
STORE026,SKU00633,203.1,25,10,2025-11-20
STORE016,SKU00633,61.0,25,10,2025-11-20
STORE018,SKU00633,198.1,25,10,2025-11-20
STORE011,SKU00633,236.0,25,10,2025-11-20
STORE021,SKU00633,6.8,25,10,2025-11-20
STORE008,SKU00634,208.0,25,10,2025-11-20
STORE011,SKU00635,46.8,25,10,2025-11-20
STORE015,SKU00635,56.2,25,10,2025-11-20
STORE023,SKU00635,77.6,25,10,2025-11-20
STORE016,SKU00635,205.4,25,10,2025-11-20
STORE017,SKU00636,0.0,114,37,2025-10-15
STORE024,SKU00637,132.0,25,10,2025-11-20
STORE003,SKU00638,131.5,25,10,2025-11-20
STORE004,SKU00638,236.3,25,10,2025-11-20
STORE014,SKU00638,260.4,25,10,2025-11-20
STORE023,SKU00638,239.5,25,10,2025-11-20
STORE030,SKU00638,29.3,25,10,2025-11-20
STORE013,SKU00638,72.2,25,10,2025-11-20
STORE005,SKU00638,90.2,25,10,2025-11-20
STORE001,SKU00638,331.3,25,10,2025-11-20
STORE006,SKU00638,66.3,25,10,2025-11-20
STORE017,SKU00638,48.0,25,10,2025-11-20
STORE029,SKU00638,641.0,25,10,2025-11-20
STORE022,SKU00638,1.8,25,10,2025-11-20
STORE007,SKU00638,1244.3,25,10,2025-11-20
STORE015,SKU00638,229.3,25,10,2025-11-20
STORE020,SKU00638,357.9,25,10,2025-11-20
STORE027,SKU00638,70.9,25,10,2025-11-20
STORE018,SKU00638,2.9,25,10,2025-11-20
STORE008,SKU00638,271.8,25,10,2025-11-20
STORE026,SKU00638,364.8,25,10,2025-11-20
STORE011,SKU00638,273.9,25,10,2025-11-20
STORE009,SKU00638,31.3,25,10,2025-11-20
STORE025,SKU00638,284.3,25,10,2025-11-20
STORE012,SKU00638,297.4,25,10,2025-11-20
STORE019,SKU00638,218.2,25,10,2025-11-20
STORE028,SKU00639,36.3,25,10,2025-11-20
STORE018,SKU00639,46.7,25,10,2025-11-20
STORE014,SKU00640,0.0,62,32,2025-10-15
STORE010,SKU00641,243.3,25,10,2025-11-20
STORE004,SKU00641,23.7,25,10,2025-11-20
STORE014,SKU00642,64.0,30,15,2025-11-20
STORE010,SKU00643,18.1,25,10,2025-11-20
STORE024,SKU00643,117.4,25,10,2025-11-20
STORE030,SKU00643,117.2,25,10,2025-11-20
STORE029,SKU00643,15.3,25,10,2025-11-20
STORE022,SKU00644,162.0,37,18,2025-11-20
STORE009,SKU00645,31.9,25,10,2025-11-20
STORE017,SKU00645,447.3,25,10,2025-11-20
STORE011,SKU00645,799.1,25,10,2025-11-20
STORE020,SKU00645,20.3,25,10,2025-11-20
STORE012,SKU00645,840.6,25,10,2025-11-20
STORE019,SKU00645,200.2,25,10,2025-11-20
STORE021,SKU00645,96.4,25,10,2025-11-20
STORE006,SKU00645,21.7,25,10,2025-11-20
STORE005,SKU00645,188.1,25,10,2025-11-20
STORE010,SKU00645,428.6,25,10,2025-11-20
STORE029,SKU00645,332.5,25,10,2025-11-20
STORE007,SKU00645,14.0,25,10,2025-11-20
STORE026,SKU00645,20.5,25,10,2025-11-20
STORE027,SKU00645,139.6,25,10,2025-11-20
STORE030,SKU00645,94.8,25,10,2025-11-20
STORE008,SKU00645,71.6,25,10,2025-11-20
STORE015,SKU00645,89.3,25,10,2025-11-20
STORE004,SKU00645,440.6,25,10,2025-11-20
STORE023,SKU00645,717.2,25,10,2025-11-20
STORE003,SKU00645,140.7,25,10,2025-11-20
STORE028,SKU00645,640.7,25,10,2025-11-20
STORE016,SKU00645,105.0,25,10,2025-11-20
STORE014,SKU00645,175.3,25,10,2025-11-20
STORE001,SKU00645,69.4,25,10,2025-11-20
STORE024,SKU00645,277.1,25,10,2025-11-20
STORE013,SKU00645,1046.0,25,10,2025-11-20
STORE002,SKU00645,250.5,25,10,2025-11-20
STORE025,SKU00645,119.9,25,10,2025-11-20
STORE016,SKU00646,272.7,25,10,2025-11-20
STORE003,SKU00646,34.3,25,10,2025-11-20
STORE001,SKU00647,107.0,25,10,2025-11-20
STORE010,SKU00648,113.9,25,10,2025-11-20
STORE023,SKU00648,97.1,25,10,2025-11-20
STORE007,SKU00649,349.0,25,10,2025-11-20
STORE030,SKU00649,388.0,25,10,2025-11-20
STORE023,SKU00649,29.5,25,10,2025-11-20
STORE004,SKU00649,454.3,25,10,2025-11-20
STORE018,SKU00649,109.6,25,10,2025-11-20
STORE015,SKU00649,495.5,25,10,2025-11-20
STORE011,SKU00649,684.4,25,10,2025-11-20
STORE027,SKU00649,645.0,25,10,2025-11-20
STORE002,SKU00649,318.3,25,10,2025-11-20
STORE020,SKU00649,290.7,25,10,2025-11-20
STORE025,SKU00649,61.0,25,10,2025-11-20
STORE006,SKU00649,591.1,25,10,2025-11-20
STORE003,SKU00649,125.3,25,10,2025-11-20
STORE012,SKU00649,271.8,25,10,2025-11-20
STORE008,SKU00649,132.4,25,10,2025-11-20
STORE019,SKU00649,56.9,25,10,2025-11-20
STORE024,SKU00649,393.1,25,10,2025-11-20
STORE001,SKU00649,22.1,25,10,2025-11-20
STORE028,SKU00649,546.6,25,10,2025-11-20
STORE005,SKU00649,151.3,25,10,2025-11-20
STORE014,SKU00649,0.1,25,10,2025-11-20
STORE029,SKU00649,283.3,25,10,2025-11-20
STORE010,SKU00649,19.0,25,10,2025-11-20
STORE026,SKU00649,127.9,25,10,2025-11-20
STORE016,SKU00649,485.9,25,10,2025-11-20
STORE017,SKU00649,25.6,25,10,2025-11-20
STORE009,SKU00649,723.8,25,10,2025-11-20
STORE021,SKU00649,1.5,25,10,2025-11-20
STORE013,SKU00649,112.2,25,10,2025-11-20
STORE022,SKU00649,534.6,25,10,2025-11-20
STORE019,SKU00650,90.7,25,10,2025-11-20
STORE005,SKU00650,25.6,25,10,2025-11-20
STORE004,SKU00650,106.5,25,10,2025-11-20
STORE024,SKU00650,75.2,25,10,2025-11-20
STORE007,SKU00651,69.0,25,10,2025-11-20
STORE009,SKU00652,180.0,25,10,2025-11-20
STORE006,SKU00653,40.0,28,13,2025-11-20
STORE009,SKU00654,493.2,25,10,2025-11-20
STORE019,SKU00654,126.1,25,10,2025-11-20
STORE004,SKU00654,533.7,25,10,2025-11-20
STORE005,SKU00654,105.0,25,10,2025-11-20
STORE026,SKU00654,737.5,25,10,2025-11-20
STORE017,SKU00654,20.7,25,10,2025-11-20
STORE029,SKU00654,257.5,25,10,2025-11-20
STORE021,SKU00654,151.0,25,10,2025-11-20
STORE013,SKU00654,108.7,25,10,2025-11-20
STORE011,SKU00654,222.1,25,10,2025-11-20
STORE024,SKU00654,269.8,25,10,2025-11-20
STORE020,SKU00654,1.0,25,10,2025-11-20
STORE030,SKU00654,40.5,25,10,2025-11-20
STORE016,SKU00654,276.8,25,10,2025-11-20
STORE007,SKU00654,243.4,25,10,2025-11-20
STORE003,SKU00654,750.0,25,10,2025-11-20
STORE001,SKU00654,317.4,25,10,2025-11-20
STORE022,SKU00654,667.6,25,10,2025-11-20
STORE028,SKU00654,268.8,25,10,2025-11-20
STORE012,SKU00654,78.5,25,10,2025-11-20
STORE002,SKU00654,24.7,25,10,2025-11-20
STORE015,SKU00654,337.5,25,10,2025-11-20
STORE018,SKU00654,229.1,25,10,2025-11-20
STORE010,SKU00654,10.9,25,10,2025-11-20
STORE023,SKU00654,99.0,25,10,2025-11-20
STORE014,SKU00654,696.6,25,10,2025-11-20
STORE008,SKU00654,153.9,25,10,2025-11-20
STORE003,SKU00655,22.0,25,10,2025-11-20
STORE029,SKU00656,0.0,59,21,2025-10-15
STORE017,SKU00657,0.0,103,45,2025-10-15
STORE014,SKU00658,0.0,101,41,2025-10-15
STORE011,SKU00659,0.0,91,29,2025-10-15
STORE025,SKU00660,3.0,27,12,2025-11-20
STORE004,SKU00661,0.0,92,27,2025-10-15
STORE013,SKU00662,22.3,25,10,2025-11-20
STORE025,SKU00662,43.7,25,10,2025-11-20
STORE013,SKU00663,0.0,102,42,2025-10-15
STORE012,SKU00664,9.0,25,10,2025-11-20
STORE010,SKU00665,49.0,25,10,2025-11-20
STORE027,SKU00666,17.0,25,10,2025-11-20
STORE017,SKU00667,39.4,25,10,2025-11-20
STORE011,SKU00667,126.3,25,10,2025-11-20
STORE003,SKU00667,138.9,25,10,2025-11-20
STORE029,SKU00667,17.4,25,10,2025-11-20
STORE020,SKU00668,40.3,25,10,2025-11-20
STORE027,SKU00668,24.0,25,10,2025-11-20
STORE007,SKU00668,79.7,25,10,2025-11-20
STORE006,SKU00669,31.7,25,10,2025-11-20
STORE021,SKU00669,147.7,25,10,2025-11-20
STORE027,SKU00669,122.0,25,10,2025-11-20
STORE009,SKU00669,45.6,25,10,2025-11-20
STORE023,SKU00670,17.7,25,10,2025-11-20
STORE005,SKU00670,127.3,25,10,2025-11-20
STORE027,SKU00671,168.5,25,10,2025-11-20
STORE014,SKU00671,47.6,25,10,2025-11-20
STORE018,SKU00671,130.0,25,10,2025-11-20
STORE015,SKU00671,63.1,25,10,2025-11-20
STORE016,SKU00671,156.8,25,10,2025-11-20
STORE023,SKU00672,129.0,69,34,2025-11-20
STORE026,SKU00673,131.5,25,10,2025-11-20
STORE009,SKU00673,20.2,25,10,2025-11-20
STORE022,SKU00673,27.3,25,10,2025-11-20
STORE004,SKU00674,111.9,25,10,2025-11-20
STORE018,SKU00674,221.1,25,10,2025-11-20
STORE029,SKU00675,0.0,104,33,2025-10-15
STORE012,SKU00676,69.0,25,10,2025-11-20
STORE006,SKU00677,38.7,25,10,2025-11-20
STORE001,SKU00677,224.2,25,10,2025-11-20
STORE028,SKU00677,1.8,25,10,2025-11-20
STORE012,SKU00677,59.2,25,10,2025-11-20
STORE015,SKU00677,51.1,25,10,2025-11-20
STORE025,SKU00677,2.4,25,10,2025-11-20
STORE022,SKU00677,16.5,25,10,2025-11-20
STORE012,SKU00678,231.5,29,14,2025-11-20
STORE024,SKU00678,294.5,29,14,2025-11-20
STORE014,SKU00679,125.6,25,10,2025-11-20
STORE007,SKU00679,183.6,25,10,2025-11-20
STORE020,SKU00679,219.3,25,10,2025-11-20
STORE018,SKU00679,2.4,25,10,2025-11-20
STORE029,SKU00679,151.3,25,10,2025-11-20
STORE013,SKU00679,802.9,25,10,2025-11-20
STORE012,SKU00679,177.5,25,10,2025-11-20
STORE006,SKU00679,274.5,25,10,2025-11-20
STORE001,SKU00679,90.6,25,10,2025-11-20
STORE026,SKU00679,360.7,25,10,2025-11-20
STORE015,SKU00679,359.5,25,10,2025-11-20
STORE024,SKU00679,178.7,25,10,2025-11-20
STORE017,SKU00679,904.7,25,10,2025-11-20
STORE021,SKU00679,32.5,25,10,2025-11-20
STORE022,SKU00679,4.1,25,10,2025-11-20
STORE010,SKU00679,356.6,25,10,2025-11-20
STORE005,SKU00679,399.2,25,10,2025-11-20
STORE023,SKU00679,31.1,25,10,2025-11-20
STORE002,SKU00679,74.9,25,10,2025-11-20
STORE025,SKU00679,4.3,25,10,2025-11-20
STORE030,SKU00680,30.7,25,10,2025-11-20
STORE009,SKU00680,131.1,25,10,2025-11-20
STORE017,SKU00680,64.5,25,10,2025-11-20
STORE001,SKU00680,37.8,25,10,2025-11-20
STORE020,SKU00681,78.5,25,10,2025-11-20
STORE009,SKU00681,0.2,25,10,2025-11-20
STORE002,SKU00681,60.2,25,10,2025-11-20
STORE021,SKU00682,226.6,25,10,2025-11-20
STORE009,SKU00682,797.1,25,10,2025-11-20
STORE030,SKU00682,409.2,25,10,2025-11-20
STORE016,SKU00682,5.2,25,10,2025-11-20
STORE013,SKU00682,498.7,25,10,2025-11-20
STORE002,SKU00682,333.2,25,10,2025-11-20
STORE023,SKU00682,330.4,25,10,2025-11-20
STORE024,SKU00682,133.5,25,10,2025-11-20
STORE029,SKU00682,110.6,25,10,2025-11-20
STORE022,SKU00682,78.6,25,10,2025-11-20
STORE025,SKU00682,14.8,25,10,2025-11-20
STORE019,SKU00682,56.5,25,10,2025-11-20
STORE001,SKU00682,61.7,25,10,2025-11-20
STORE027,SKU00682,144.2,25,10,2025-11-20
STORE015,SKU00682,299.9,25,10,2025-11-20
STORE008,SKU00682,139.9,25,10,2025-11-20
STORE003,SKU00682,13.0,25,10,2025-11-20
STORE017,SKU00682,689.8,25,10,2025-11-20
STORE012,SKU00682,623.3,25,10,2025-11-20
STORE011,SKU00682,335.2,25,10,2025-11-20
STORE028,SKU00682,1034.7,25,10,2025-11-20
STORE020,SKU00682,171.4,25,10,2025-11-20
STORE018,SKU00682,717.2,25,10,2025-11-20
STORE014,SKU00682,17.1,25,10,2025-11-20
STORE026,SKU00682,99.2,25,10,2025-11-20
STORE005,SKU00682,55.7,25,10,2025-11-20
STORE010,SKU00682,47.5,25,10,2025-11-20
STORE007,SKU00682,33.1,25,10,2025-11-20
STORE006,SKU00682,212.3,25,10,2025-11-20
STORE004,SKU00682,331.3,25,10,2025-11-20
STORE003,SKU00683,78.0,25,10,2025-11-20
STORE014,SKU00684,22.0,25,10,2025-11-20
STORE027,SKU00684,230.4,25,10,2025-11-20
STORE028,SKU00684,139.7,25,10,2025-11-20
STORE004,SKU00685,51.3,28,13,2025-11-20
STORE002,SKU00685,117.1,28,13,2025-11-20
STORE015,SKU00685,31.4,28,13,2025-11-20
STORE021,SKU00685,44.2,28,13,2025-11-20
STORE023,SKU00686,490.6,29,14,2025-11-20
STORE002,SKU00686,67.5,29,14,2025-11-20
STORE011,SKU00686,124.9,29,14,2025-11-20
STORE004,SKU00687,38.5,34,17,2025-11-20
STORE028,SKU00687,21.5,34,17,2025-11-20
STORE018,SKU00688,46.0,25,10,2025-11-20
STORE009,SKU00689,0.0,89,47,2025-10-15
STORE021,SKU00690,115.0,54,27,2025-11-20
STORE020,SKU00691,2.2,25,10,2025-11-20
STORE024,SKU00691,273.8,25,10,2025-11-20
STORE001,SKU00691,163.1,25,10,2025-11-20
STORE011,SKU00691,39.6,25,10,2025-11-20
STORE022,SKU00691,870.4,25,10,2025-11-20
STORE027,SKU00691,207.2,25,10,2025-11-20
STORE023,SKU00691,76.1,25,10,2025-11-20
STORE006,SKU00691,190.7,25,10,2025-11-20
STORE019,SKU00691,312.7,25,10,2025-11-20
STORE012,SKU00691,21.8,25,10,2025-11-20
STORE017,SKU00691,88.2,25,10,2025-11-20
STORE028,SKU00691,451.9,25,10,2025-11-20
STORE013,SKU00691,169.1,25,10,2025-11-20
STORE014,SKU00691,217.3,25,10,2025-11-20
STORE002,SKU00691,155.8,25,10,2025-11-20
STORE016,SKU00691,12.3,25,10,2025-11-20
STORE004,SKU00691,49.8,25,10,2025-11-20
STORE018,SKU00691,162.0,25,10,2025-11-20
STORE009,SKU00691,64.5,25,10,2025-11-20
STORE003,SKU00691,14.1,25,10,2025-11-20
STORE005,SKU00691,509.8,25,10,2025-11-20
STORE015,SKU00691,1091.6,25,10,2025-11-20
STORE025,SKU00691,432.9,25,10,2025-11-20
STORE030,SKU00691,528.2,25,10,2025-11-20
STORE026,SKU00691,76.1,25,10,2025-11-20
STORE009,SKU00692,0.0,76,29,2025-10-15
STORE020,SKU00692,0.0,89,37,2025-10-15
STORE007,SKU00692,0.0,74,23,2025-10-15
STORE023,SKU00692,0.0,100,34,2025-10-15
STORE017,SKU00692,0.0,120,46,2025-10-15
STORE014,SKU00692,0.0,88,22,2025-10-15
STORE006,SKU00692,0.0,108,49,2025-10-15
STORE021,SKU00692,0.0,59,22,2025-10-15
STORE001,SKU00692,0.0,84,49,2025-10-15
STORE006,SKU00693,176.1,25,10,2025-11-20
STORE024,SKU00693,11.9,25,10,2025-11-20
STORE003,SKU00694,0.0,75,25,2025-10-15
STORE019,SKU00695,0.0,71,40,2025-10-15
STORE025,SKU00696,32.0,28,13,2025-11-20
STORE006,SKU00697,130.6,25,10,2025-11-20
STORE026,SKU00697,30.9,25,10,2025-11-20
STORE001,SKU00697,98.5,25,10,2025-11-20
STORE007,SKU00698,134.2,25,10,2025-11-20
STORE021,SKU00698,47.8,25,10,2025-11-20
STORE012,SKU00699,95.0,25,10,2025-11-20
STORE015,SKU00699,148.9,25,10,2025-11-20
STORE003,SKU00699,12.6,25,10,2025-11-20
STORE024,SKU00699,161.1,25,10,2025-11-20
STORE008,SKU00699,657.2,25,10,2025-11-20
STORE010,SKU00699,34.9,25,10,2025-11-20
STORE022,SKU00699,260.2,25,10,2025-11-20
STORE021,SKU00699,394.5,25,10,2025-11-20
STORE007,SKU00699,475.9,25,10,2025-11-20
STORE005,SKU00699,533.0,25,10,2025-11-20
STORE025,SKU00699,121.9,25,10,2025-11-20
STORE002,SKU00699,626.2,25,10,2025-11-20
STORE013,SKU00699,234.2,25,10,2025-11-20
STORE020,SKU00699,29.2,25,10,2025-11-20
STORE006,SKU00699,107.2,25,10,2025-11-20
STORE023,SKU00699,209.6,25,10,2025-11-20
STORE028,SKU00699,47.0,25,10,2025-11-20
STORE017,SKU00699,169.3,25,10,2025-11-20
STORE011,SKU00700,18.0,25,10,2025-11-20
STORE014,SKU00701,179.0,25,10,2025-11-20
STORE008,SKU00702,89.9,25,10,2025-11-20
STORE027,SKU00702,159.5,25,10,2025-11-20
STORE007,SKU00702,74.6,25,10,2025-11-20
STORE009,SKU00703,259.0,25,10,2025-11-20
STORE029,SKU00704,0.6,25,10,2025-11-20
STORE007,SKU00704,30.1,25,10,2025-11-20
STORE006,SKU00704,177.6,25,10,2025-11-20
STORE010,SKU00704,17.7,25,10,2025-11-20
STORE009,SKU00705,86.0,25,10,2025-11-20
STORE023,SKU00706,36.2,25,10,2025-11-20
STORE015,SKU00706,56.0,25,10,2025-11-20
STORE009,SKU00706,271.8,25,10,2025-11-20
STORE003,SKU00707,58.5,25,10,2025-11-20
STORE016,SKU00707,4.5,25,10,2025-11-20
STORE012,SKU00708,136.8,25,10,2025-11-20
STORE019,SKU00708,7.2,25,10,2025-11-20
STORE012,SKU00709,0.0,110,31,2025-10-15
STORE021,SKU00710,122.3,25,10,2025-11-20
STORE017,SKU00710,202.6,25,10,2025-11-20
STORE015,SKU00710,23.5,25,10,2025-11-20
STORE027,SKU00710,63.6,25,10,2025-11-20
STORE021,SKU00711,35.7,25,10,2025-11-20
STORE022,SKU00711,177.3,25,10,2025-11-20
STORE027,SKU00712,320.5,25,10,2025-11-20
STORE006,SKU00712,2.9,25,10,2025-11-20
STORE002,SKU00712,91.8,25,10,2025-11-20
STORE019,SKU00712,29.8,25,10,2025-11-20
STORE013,SKU00712,32.0,25,10,2025-11-20
STORE005,SKU00713,70.1,25,10,2025-11-20
STORE018,SKU00713,125.2,25,10,2025-11-20
STORE019,SKU00713,150.6,25,10,2025-11-20
STORE007,SKU00713,43.0,25,10,2025-11-20
STORE023,SKU00714,9.3,25,10,2025-11-20
STORE014,SKU00714,32.7,25,10,2025-11-20
STORE012,SKU00715,62.3,25,10,2025-11-20
STORE021,SKU00715,179.0,25,10,2025-11-20
STORE026,SKU00715,95.7,25,10,2025-11-20
STORE022,SKU00716,51.0,25,10,2025-11-20
STORE026,SKU00717,43.5,25,10,2025-11-20
STORE010,SKU00717,33.6,25,10,2025-11-20
STORE007,SKU00717,395.9,25,10,2025-11-20
STORE011,SKU00717,17.0,25,10,2025-11-20
STORE023,SKU00718,0.0,112,50,2025-10-15
STORE018,SKU00719,253.7,25,10,2025-11-20
STORE027,SKU00719,89.8,25,10,2025-11-20
STORE024,SKU00719,14.3,25,10,2025-11-20
STORE026,SKU00719,13.2,25,10,2025-11-20
STORE009,SKU00720,95.0,25,10,2025-11-20
STORE003,SKU00721,409.3,25,10,2025-11-20
STORE017,SKU00721,67.4,25,10,2025-11-20
STORE025,SKU00721,610.2,25,10,2025-11-20
STORE007,SKU00721,177.0,25,10,2025-11-20
STORE009,SKU00721,116.5,25,10,2025-11-20
STORE027,SKU00721,176.2,25,10,2025-11-20
STORE015,SKU00721,147.7,25,10,2025-11-20
STORE026,SKU00721,288.8,25,10,2025-11-20
STORE002,SKU00721,67.4,25,10,2025-11-20
STORE004,SKU00721,88.4,25,10,2025-11-20
STORE029,SKU00721,456.0,25,10,2025-11-20
STORE006,SKU00721,594.5,25,10,2025-11-20
STORE016,SKU00721,453.0,25,10,2025-11-20
STORE005,SKU00721,110.4,25,10,2025-11-20
STORE024,SKU00721,307.8,25,10,2025-11-20
STORE010,SKU00721,131.4,25,10,2025-11-20
STORE019,SKU00721,139.8,25,10,2025-11-20
STORE014,SKU00721,46.5,25,10,2025-11-20
STORE018,SKU00721,181.6,25,10,2025-11-20
STORE013,SKU00722,36.5,25,10,2025-11-20
STORE022,SKU00722,71.5,25,10,2025-11-20
STORE019,SKU00723,124.0,25,10,2025-11-20
STORE029,SKU00724,78.0,29,14,2025-11-20
STORE002,SKU00725,0.0,104,30,2025-10-15
STORE004,SKU00726,3.4,25,10,2025-11-20
STORE021,SKU00726,3.3,25,10,2025-11-20
STORE012,SKU00726,129.3,25,10,2025-11-20
STORE028,SKU00727,51.0,25,10,2025-11-20
STORE029,SKU00727,38.0,25,10,2025-11-20
STORE001,SKU00727,120.1,25,10,2025-11-20
STORE006,SKU00728,19.8,25,10,2025-11-20
STORE014,SKU00728,4.4,25,10,2025-11-20
STORE016,SKU00728,13.0,25,10,2025-11-20
STORE011,SKU00728,16.2,25,10,2025-11-20
STORE027,SKU00728,11.7,25,10,2025-11-20
STORE021,SKU00728,1.8,25,10,2025-11-20
STORE004,SKU00728,22.9,25,10,2025-11-20
STORE030,SKU00728,8.5,25,10,2025-11-20
STORE012,SKU00728,3.6,25,10,2025-11-20
STORE010,SKU00728,6.1,25,10,2025-11-20
STORE006,SKU00729,8.6,25,10,2025-11-20
STORE015,SKU00729,30.8,25,10,2025-11-20
STORE018,SKU00729,326.6,25,10,2025-11-20
STORE006,SKU00730,0.0,75,44,2025-10-15
STORE015,SKU00731,0.0,114,45,2025-10-15
STORE015,SKU00732,0.0,25,10,2025-11-20
STORE019,SKU00732,116.1,25,10,2025-11-20
STORE029,SKU00732,159.2,25,10,2025-11-20
STORE023,SKU00732,12.1,25,10,2025-11-20
STORE014,SKU00732,778.7,25,10,2025-11-20
STORE024,SKU00732,55.2,25,10,2025-11-20
STORE013,SKU00732,78.1,25,10,2025-11-20
STORE016,SKU00732,78.0,25,10,2025-11-20
STORE008,SKU00732,56.4,25,10,2025-11-20
STORE009,SKU00732,0.3,25,10,2025-11-20
STORE012,SKU00732,281.5,25,10,2025-11-20
STORE011,SKU00732,733.8,25,10,2025-11-20
STORE027,SKU00732,54.7,25,10,2025-11-20
STORE025,SKU00732,234.3,25,10,2025-11-20
STORE010,SKU00732,291.8,25,10,2025-11-20
STORE001,SKU00732,406.4,25,10,2025-11-20
STORE004,SKU00732,118.3,25,10,2025-11-20
STORE017,SKU00732,77.7,25,10,2025-11-20
STORE021,SKU00732,84.8,25,10,2025-11-20
STORE002,SKU00732,268.6,25,10,2025-11-20
STORE007,SKU00732,365.6,25,10,2025-11-20
STORE018,SKU00732,43.2,25,10,2025-11-20
STORE005,SKU00732,99.9,25,10,2025-11-20
STORE022,SKU00732,500.2,25,10,2025-11-20
STORE026,SKU00732,354.0,25,10,2025-11-20
STORE020,SKU00732,902.6,25,10,2025-11-20
STORE030,SKU00732,302.3,25,10,2025-11-20
STORE006,SKU00733,97.6,25,10,2025-11-20
STORE017,SKU00733,174.4,25,10,2025-11-20
STORE006,SKU00734,287.9,25,10,2025-11-20
STORE010,SKU00734,21.7,25,10,2025-11-20
STORE020,SKU00734,209.2,25,10,2025-11-20
STORE023,SKU00734,328.8,25,10,2025-11-20
STORE017,SKU00734,48.7,25,10,2025-11-20
STORE007,SKU00734,403.7,25,10,2025-11-20
STORE019,SKU00734,233.2,25,10,2025-11-20
STORE005,SKU00734,809.2,25,10,2025-11-20
STORE027,SKU00734,11.5,25,10,2025-11-20
STORE011,SKU00734,82.0,25,10,2025-11-20
STORE002,SKU00734,244.9,25,10,2025-11-20
STORE003,SKU00734,93.6,25,10,2025-11-20
STORE029,SKU00734,333.5,25,10,2025-11-20
STORE022,SKU00734,378.6,25,10,2025-11-20
STORE012,SKU00734,28.8,25,10,2025-11-20
STORE008,SKU00734,191.9,25,10,2025-11-20
STORE025,SKU00734,189.2,25,10,2025-11-20
STORE024,SKU00734,122.6,25,10,2025-11-20
STORE015,SKU00734,719.0,25,10,2025-11-20
STORE001,SKU00734,467.6,25,10,2025-11-20
STORE013,SKU00734,317.9,25,10,2025-11-20
STORE004,SKU00734,333.4,25,10,2025-11-20
STORE018,SKU00734,164.8,25,10,2025-11-20
STORE016,SKU00734,675.4,25,10,2025-11-20
STORE014,SKU00734,315.6,25,10,2025-11-20
STORE003,SKU00735,63.6,25,10,2025-11-20
STORE006,SKU00735,96.4,25,10,2025-11-20
STORE008,SKU00736,13.0,25,10,2025-11-20
STORE028,SKU00736,66.9,25,10,2025-11-20
STORE007,SKU00736,8.8,25,10,2025-11-20
STORE014,SKU00736,17.2,25,10,2025-11-20
STORE003,SKU00737,4.0,70,35,2025-11-20
STORE024,SKU00738,39.9,25,10,2025-11-20
STORE008,SKU00738,20.1,25,10,2025-11-20
STORE005,SKU00739,144.0,25,10,2025-11-20
STORE022,SKU00740,221.3,25,10,2025-11-20
STORE018,SKU00740,140.7,25,10,2025-11-20
STORE028,SKU00741,23.0,25,10,2025-11-20
STORE025,SKU00742,57.7,25,10,2025-11-20
STORE012,SKU00742,40.3,25,10,2025-11-20
STORE001,SKU00742,15.0,25,10,2025-11-20
STORE016,SKU00742,129.8,25,10,2025-11-20
STORE006,SKU00742,111.6,25,10,2025-11-20
STORE029,SKU00742,40.8,25,10,2025-11-20
STORE004,SKU00742,2.1,25,10,2025-11-20
STORE027,SKU00742,153.7,25,10,2025-11-20
STORE018,SKU00743,1.0,28,13,2025-11-20
STORE022,SKU00743,104.0,28,13,2025-11-20
STORE013,SKU00744,60.0,25,10,2025-11-20
STORE023,SKU00745,99.0,25,10,2025-11-20
STORE007,SKU00746,37.0,25,10,2025-11-20
STORE030,SKU00747,74.0,25,10,2025-11-20
STORE016,SKU00748,54.0,25,10,2025-11-20
STORE022,SKU00749,228.8,25,10,2025-11-20
STORE013,SKU00749,987.7,25,10,2025-11-20
STORE027,SKU00749,15.4,25,10,2025-11-20
STORE015,SKU00749,203.4,25,10,2025-11-20
STORE023,SKU00749,366.9,25,10,2025-11-20
STORE008,SKU00749,574.6,25,10,2025-11-20
STORE004,SKU00749,57.2,25,10,2025-11-20
STORE029,SKU00749,465.8,25,10,2025-11-20
STORE005,SKU00749,232.9,25,10,2025-11-20
STORE011,SKU00749,146.2,25,10,2025-11-20
STORE030,SKU00749,40.9,25,10,2025-11-20
STORE026,SKU00749,580.2,25,10,2025-11-20
STORE021,SKU00749,49.5,25,10,2025-11-20
STORE010,SKU00749,107.3,25,10,2025-11-20
STORE014,SKU00749,99.1,25,10,2025-11-20
STORE017,SKU00749,593.7,25,10,2025-11-20
STORE007,SKU00749,323.3,25,10,2025-11-20
STORE009,SKU00749,461.1,25,10,2025-11-20
STORE002,SKU00749,83.4,25,10,2025-11-20
STORE006,SKU00749,283.8,25,10,2025-11-20
STORE025,SKU00749,245.5,25,10,2025-11-20
STORE001,SKU00749,517.7,25,10,2025-11-20
STORE024,SKU00749,684.6,25,10,2025-11-20
STORE020,SKU00749,3.5,25,10,2025-11-20
STORE012,SKU00749,324.4,25,10,2025-11-20
STORE018,SKU00749,15.4,25,10,2025-11-20
STORE003,SKU00749,230.4,25,10,2025-11-20
STORE016,SKU00749,98.2,25,10,2025-11-20
STORE028,SKU00749,106.1,25,10,2025-11-20
STORE019,SKU00749,126.0,25,10,2025-11-20
STORE020,SKU00750,0.0,117,39,2025-10-15
STORE013,SKU00751,146.2,25,10,2025-11-20
STORE030,SKU00751,61.2,25,10,2025-11-20
STORE003,SKU00751,198.6,25,10,2025-11-20
STORE021,SKU00751,78.0,25,10,2025-11-20
STORE008,SKU00752,4.6,25,10,2025-11-20
STORE005,SKU00752,98.4,25,10,2025-11-20
STORE016,SKU00753,0.0,58,26,2025-10-15
STORE007,SKU00754,70.6,25,10,2025-11-20
STORE010,SKU00754,118.9,25,10,2025-11-20
STORE014,SKU00754,242.5,25,10,2025-11-20
STORE003,SKU00755,138.0,27,12,2025-11-20
STORE011,SKU00756,26.7,25,10,2025-11-20
STORE013,SKU00756,214.3,25,10,2025-11-20
STORE021,SKU00757,0.0,82,25,2025-10-15
STORE005,SKU00758,847.7,25,10,2025-11-20
STORE010,SKU00758,301.1,25,10,2025-11-20
STORE029,SKU00758,326.5,25,10,2025-11-20
STORE013,SKU00758,293.4,25,10,2025-11-20
STORE022,SKU00758,65.1,25,10,2025-11-20
STORE016,SKU00758,158.9,25,10,2025-11-20
STORE002,SKU00758,407.7,25,10,2025-11-20
STORE009,SKU00758,31.3,25,10,2025-11-20
STORE014,SKU00758,95.5,25,10,2025-11-20
STORE006,SKU00758,94.9,25,10,2025-11-20
STORE021,SKU00758,165.9,25,10,2025-11-20
STORE027,SKU00758,1152.8,25,10,2025-11-20
STORE017,SKU00758,20.5,25,10,2025-11-20
STORE004,SKU00758,214.5,25,10,2025-11-20
STORE015,SKU00758,58.0,25,10,2025-11-20
STORE019,SKU00758,1035.1,25,10,2025-11-20
STORE024,SKU00758,35.3,25,10,2025-11-20
STORE020,SKU00758,151.6,25,10,2025-11-20
STORE011,SKU00758,392.7,25,10,2025-11-20
STORE026,SKU00758,357.6,25,10,2025-11-20
STORE007,SKU00758,161.1,25,10,2025-11-20
STORE001,SKU00758,124.8,25,10,2025-11-20
STORE003,SKU00758,148.7,25,10,2025-11-20
STORE008,SKU00758,90.0,25,10,2025-11-20
STORE012,SKU00758,67.4,25,10,2025-11-20
STORE019,SKU00759,158.8,25,10,2025-11-20
STORE017,SKU00759,75.2,25,10,2025-11-20
STORE013,SKU00760,48.9,25,10,2025-11-20
STORE022,SKU00760,154.1,25,10,2025-11-20
STORE015,SKU00761,232.4,25,10,2025-11-20
STORE001,SKU00761,62.2,25,10,2025-11-20
STORE016,SKU00761,5.4,25,10,2025-11-20
STORE021,SKU00762,7.3,26,11,2025-11-20
STORE022,SKU00762,282.7,26,11,2025-11-20
STORE013,SKU00763,52.3,25,10,2025-11-20
STORE014,SKU00763,14.3,25,10,2025-11-20
STORE025,SKU00763,135.4,25,10,2025-11-20
STORE002,SKU00764,112.0,25,10,2025-11-20
STORE010,SKU00765,112.2,25,10,2025-11-20
STORE014,SKU00765,33.4,25,10,2025-11-20
STORE009,SKU00765,1.6,25,10,2025-11-20
STORE024,SKU00765,359.8,25,10,2025-11-20
STORE021,SKU00766,61.0,25,10,2025-11-20
STORE004,SKU00767,171.0,25,10,2025-11-20
STORE020,SKU00767,186.1,25,10,2025-11-20
STORE026,SKU00767,142.9,25,10,2025-11-20
STORE030,SKU00767,57.0,25,10,2025-11-20
STORE015,SKU00768,26.1,25,10,2025-11-20
STORE017,SKU00768,75.1,25,10,2025-11-20
STORE012,SKU00768,165.8,25,10,2025-11-20
STORE025,SKU00769,85.7,25,10,2025-11-20
STORE016,SKU00769,3.3,25,10,2025-11-20
STORE023,SKU00770,53.0,36,18,2025-11-20
STORE011,SKU00771,0.0,111,47,2025-10-15
STORE012,SKU00772,125.9,25,10,2025-11-20
STORE004,SKU00772,58.0,25,10,2025-11-20
STORE026,SKU00772,93.3,25,10,2025-11-20
STORE006,SKU00772,9.8,25,10,2025-11-20
STORE014,SKU00772,38.5,25,10,2025-11-20
STORE018,SKU00772,52.5,25,10,2025-11-20
STORE025,SKU00773,92.8,25,10,2025-11-20
STORE013,SKU00773,42.7,25,10,2025-11-20
STORE028,SKU00773,1.3,25,10,2025-11-20
STORE022,SKU00773,71.2,25,10,2025-11-20
STORE003,SKU00774,0.0,58,21,2025-10-15
STORE005,SKU00774,0.0,108,47,2025-10-15
STORE001,SKU00774,0.0,87,34,2025-10-15
STORE011,SKU00774,0.0,89,21,2025-10-15
STORE023,SKU00774,0.0,94,41,2025-10-15
STORE019,SKU00774,0.0,85,28,2025-10-15
STORE009,SKU00774,0.0,103,30,2025-10-15
STORE007,SKU00774,0.0,108,29,2025-10-15
STORE017,SKU00774,0.0,77,46,2025-10-15
STORE020,SKU00774,0.0,84,37,2025-10-15
STORE015,SKU00774,0.0,73,25,2025-10-15
STORE014,SKU00774,0.0,87,31,2025-10-15
STORE002,SKU00774,0.0,78,20,2025-10-15
STORE021,SKU00774,0.0,79,30,2025-10-15
STORE010,SKU00774,0.0,72,40,2025-10-15
STORE020,SKU00775,67.6,25,10,2025-11-20
STORE004,SKU00775,138.6,25,10,2025-11-20
STORE012,SKU00775,732.3,25,10,2025-11-20
STORE024,SKU00775,118.0,25,10,2025-11-20
STORE002,SKU00775,424.4,25,10,2025-11-20
STORE018,SKU00775,48.4,25,10,2025-11-20
STORE027,SKU00775,258.7,25,10,2025-11-20
STORE013,SKU00775,874.2,25,10,2025-11-20
STORE008,SKU00775,24.9,25,10,2025-11-20
STORE006,SKU00775,1.9,25,10,2025-11-20
STORE003,SKU00775,131.7,25,10,2025-11-20
STORE025,SKU00775,22.5,25,10,2025-11-20
STORE029,SKU00775,319.8,25,10,2025-11-20
STORE005,SKU00775,570.0,25,10,2025-11-20
STORE017,SKU00775,131.9,25,10,2025-11-20
STORE011,SKU00775,69.4,25,10,2025-11-20
STORE022,SKU00775,132.1,25,10,2025-11-20
STORE007,SKU00775,297.9,25,10,2025-11-20
STORE016,SKU00775,2.1,25,10,2025-11-20
STORE021,SKU00775,206.3,25,10,2025-11-20
STORE014,SKU00775,220.2,25,10,2025-11-20
STORE023,SKU00776,113.3,25,10,2025-11-20
STORE020,SKU00776,30.9,25,10,2025-11-20
STORE008,SKU00776,139.7,25,10,2025-11-20
STORE030,SKU00777,27.7,25,10,2025-11-20
STORE027,SKU00777,64.3,25,10,2025-11-20
STORE029,SKU00778,356.4,25,10,2025-11-20
STORE027,SKU00778,227.8,25,10,2025-11-20
STORE030,SKU00778,2.3,25,10,2025-11-20
STORE024,SKU00778,48.5,25,10,2025-11-20
STORE027,SKU00779,50.0,31,15,2025-11-20
STORE017,SKU00780,72.1,25,10,2025-11-20
STORE019,SKU00780,64.9,25,10,2025-11-20
STORE015,SKU00781,97.0,30,15,2025-11-20
STORE002,SKU00782,79.1,30,15,2025-11-20
STORE003,SKU00782,169.9,30,15,2025-11-20
STORE011,SKU00783,193.2,25,10,2025-11-20
STORE012,SKU00783,231.3,25,10,2025-11-20
STORE002,SKU00783,17.5,25,10,2025-11-20
STORE005,SKU00784,123.4,25,10,2025-11-20
STORE020,SKU00784,74.3,25,10,2025-11-20
STORE024,SKU00784,66.7,25,10,2025-11-20
STORE021,SKU00784,70.6,25,10,2025-11-20
STORE026,SKU00785,143.8,25,10,2025-11-20
STORE029,SKU00785,41.9,25,10,2025-11-20
STORE004,SKU00785,11.9,25,10,2025-11-20
STORE013,SKU00785,51.1,25,10,2025-11-20
STORE017,SKU00785,72.4,25,10,2025-11-20
STORE024,SKU00786,74.2,25,10,2025-11-20
STORE003,SKU00786,40.8,25,10,2025-11-20
STORE011,SKU00787,7.0,25,10,2025-11-20
STORE030,SKU00787,46.0,25,10,2025-11-20
STORE021,SKU00787,251.3,25,10,2025-11-20
STORE024,SKU00787,87.0,25,10,2025-11-20
STORE010,SKU00787,76.6,25,10,2025-11-20
STORE014,SKU00788,80.7,25,10,2025-11-20
STORE013,SKU00788,118.4,25,10,2025-11-20
STORE001,SKU00788,581.7,25,10,2025-11-20
STORE006,SKU00788,283.0,25,10,2025-11-20
STORE024,SKU00788,399.0,25,10,2025-11-20
STORE009,SKU00788,156.1,25,10,2025-11-20
STORE026,SKU00788,256.4,25,10,2025-11-20
STORE021,SKU00788,73.6,25,10,2025-11-20
STORE003,SKU00788,315.0,25,10,2025-11-20
STORE030,SKU00788,143.8,25,10,2025-11-20
STORE004,SKU00788,150.6,25,10,2025-11-20
STORE007,SKU00788,270.1,25,10,2025-11-20
STORE025,SKU00788,709.6,25,10,2025-11-20
STORE010,SKU00788,17.0,25,10,2025-11-20
STORE008,SKU00788,448.8,25,10,2025-11-20
STORE012,SKU00788,89.1,25,10,2025-11-20
STORE026,SKU00789,117.0,25,10,2025-11-20
STORE002,SKU00790,0.0,97,31,2025-10-15
STORE016,SKU00791,16.1,25,10,2025-11-20
STORE007,SKU00791,260.9,25,10,2025-11-20
STORE025,SKU00792,18.8,25,10,2025-11-20
STORE030,SKU00792,1.6,25,10,2025-11-20
STORE014,SKU00792,18.2,25,10,2025-11-20
STORE009,SKU00792,70.5,25,10,2025-11-20
STORE024,SKU00793,6.8,26,11,2025-11-20
STORE023,SKU00793,88.2,26,11,2025-11-20
STORE025,SKU00794,31.5,25,10,2025-11-20
STORE006,SKU00794,63.5,25,10,2025-11-20
STORE009,SKU00795,71.7,25,10,2025-11-20
STORE017,SKU00795,41.3,25,10,2025-11-20
STORE022,SKU00796,8.5,25,10,2025-11-20
STORE002,SKU00796,3.5,25,10,2025-11-20
STORE020,SKU00797,85.0,25,10,2025-11-20
STORE013,SKU00798,44.0,25,10,2025-11-20
STORE030,SKU00798,86.1,25,10,2025-11-20
STORE006,SKU00798,67.9,25,10,2025-11-20
STORE022,SKU00799,292.1,25,10,2025-11-20
STORE010,SKU00799,29.6,25,10,2025-11-20
STORE009,SKU00799,86.3,25,10,2025-11-20
STORE001,SKU00800,53.7,25,10,2025-11-20
STORE014,SKU00800,41.6,25,10,2025-11-20
STORE007,SKU00800,104.7,25,10,2025-11-20
STORE026,SKU00800,111.0,25,10,2025-11-20
STORE014,SKU00801,95.0,25,10,2025-11-20
STORE022,SKU00801,94.0,25,10,2025-11-20
STORE005,SKU00802,39.0,37,18,2025-11-20
STORE009,SKU00803,157.7,25,10,2025-11-20
STORE015,SKU00803,37.3,25,10,2025-11-20
STORE020,SKU00804,66.8,25,10,2025-11-20
STORE026,SKU00804,83.2,25,10,2025-11-20
STORE021,SKU00804,10.8,25,10,2025-11-20
STORE011,SKU00804,11.9,25,10,2025-11-20
STORE004,SKU00804,19.2,25,10,2025-11-20
STORE008,SKU00804,77.2,25,10,2025-11-20
STORE008,SKU00805,175.9,25,10,2025-11-20
STORE001,SKU00805,9.1,25,10,2025-11-20
STORE023,SKU00806,103.8,25,10,2025-11-20
STORE011,SKU00806,167.8,25,10,2025-11-20
STORE008,SKU00806,145.6,25,10,2025-11-20
STORE003,SKU00806,44.9,25,10,2025-11-20
STORE020,SKU00807,44.0,25,10,2025-11-20
STORE010,SKU00808,10.7,25,10,2025-11-20
STORE024,SKU00808,17.3,25,10,2025-11-20
STORE023,SKU00809,69.2,25,10,2025-11-20
STORE020,SKU00809,48.8,25,10,2025-11-20
STORE027,SKU00810,58.3,25,10,2025-11-20
STORE015,SKU00810,95.1,25,10,2025-11-20
STORE019,SKU00810,17.6,25,10,2025-11-20
STORE014,SKU00810,112.9,25,10,2025-11-20
STORE021,SKU00811,62.4,25,10,2025-11-20
STORE020,SKU00811,374.1,25,10,2025-11-20
STORE011,SKU00811,82.4,25,10,2025-11-20
STORE018,SKU00812,0.0,92,32,2025-10-15
STORE030,SKU00813,103.2,25,10,2025-11-20
STORE018,SKU00813,149.1,25,10,2025-11-20
STORE001,SKU00813,1.6,25,10,2025-11-20
STORE011,SKU00814,0.0,80,30,2025-10-15
STORE012,SKU00815,102.0,25,10,2025-11-20
STORE027,SKU00816,2.0,25,10,2025-11-20
STORE015,SKU00817,0.0,83,24,2025-10-15
STORE028,SKU00818,237.6,25,10,2025-11-20
STORE024,SKU00818,57.8,25,10,2025-11-20
STORE016,SKU00818,28.7,25,10,2025-11-20
STORE007,SKU00819,4.6,25,10,2025-11-20
STORE018,SKU00819,42.8,25,10,2025-11-20
STORE023,SKU00819,522.9,25,10,2025-11-20
STORE006,SKU00819,65.3,25,10,2025-11-20
STORE022,SKU00819,103.2,25,10,2025-11-20
STORE013,SKU00819,26.3,25,10,2025-11-20
STORE009,SKU00820,269.0,25,10,2025-11-20
STORE013,SKU00821,217.6,25,10,2025-11-20
STORE002,SKU00821,278.0,25,10,2025-11-20
STORE022,SKU00821,83.6,25,10,2025-11-20
STORE019,SKU00821,17.7,25,10,2025-11-20
STORE003,SKU00821,147.3,25,10,2025-11-20
STORE021,SKU00821,79.3,25,10,2025-11-20
STORE016,SKU00821,73.6,25,10,2025-11-20
STORE018,SKU00821,955.2,25,10,2025-11-20
STORE012,SKU00821,284.6,25,10,2025-11-20
STORE026,SKU00821,241.8,25,10,2025-11-20
STORE007,SKU00821,159.7,25,10,2025-11-20
STORE017,SKU00821,166.4,25,10,2025-11-20
STORE028,SKU00821,231.3,25,10,2025-11-20
STORE010,SKU00821,354.1,25,10,2025-11-20
STORE027,SKU00821,359.8,25,10,2025-11-20
STORE030,SKU00821,56.0,25,10,2025-11-20
STORE006,SKU00821,206.0,25,10,2025-11-20
STORE008,SKU00821,157.7,25,10,2025-11-20
STORE011,SKU00821,607.3,25,10,2025-11-20
STORE015,SKU00821,296.5,25,10,2025-11-20
STORE001,SKU00821,225.9,25,10,2025-11-20
STORE025,SKU00821,36.4,25,10,2025-11-20
STORE009,SKU00821,276.4,25,10,2025-11-20
STORE005,SKU00821,37.0,25,10,2025-11-20
STORE023,SKU00821,122.2,25,10,2025-11-20
STORE020,SKU00821,45.8,25,10,2025-11-20
STORE004,SKU00821,349.9,25,10,2025-11-20
STORE014,SKU00822,99.6,25,10,2025-11-20
STORE025,SKU00822,214.4,25,10,2025-11-20
STORE001,SKU00823,38.8,25,10,2025-11-20
STORE025,SKU00823,3.9,25,10,2025-11-20
STORE010,SKU00823,12.2,25,10,2025-11-20
STORE018,SKU00823,9.3,25,10,2025-11-20
STORE024,SKU00823,0.3,25,10,2025-11-20
STORE016,SKU00823,27.0,25,10,2025-11-20
STORE008,SKU00823,1.2,25,10,2025-11-20
STORE013,SKU00823,11.0,25,10,2025-11-20
STORE027,SKU00823,14.1,25,10,2025-11-20
STORE005,SKU00823,17.0,25,10,2025-11-20
STORE023,SKU00823,20.0,25,10,2025-11-20
STORE004,SKU00823,5.0,25,10,2025-11-20
STORE019,SKU00823,0.2,25,10,2025-11-20
STORE013,SKU00824,54.9,25,10,2025-11-20
STORE007,SKU00824,32.8,25,10,2025-11-20
STORE004,SKU00824,77.3,25,10,2025-11-20
STORE019,SKU00825,33.0,25,10,2025-11-20
STORE010,SKU00826,0.0,65,25,2025-10-15
STORE025,SKU00827,139.1,25,10,2025-11-20
STORE024,SKU00827,49.8,25,10,2025-11-20
STORE013,SKU00827,30.5,25,10,2025-11-20
STORE018,SKU00827,117.7,25,10,2025-11-20
STORE014,SKU00828,35.1,25,10,2025-11-20
STORE012,SKU00828,11.8,25,10,2025-11-20
STORE025,SKU00828,112.9,25,10,2025-11-20
STORE007,SKU00828,125.2,25,10,2025-11-20
STORE014,SKU00829,76.0,25,10,2025-11-20
STORE029,SKU00829,9.5,25,10,2025-11-20
STORE020,SKU00829,59.4,25,10,2025-11-20
STORE009,SKU00830,0.0,103,44,2025-10-15
STORE011,SKU00830,0.0,87,29,2025-10-15
STORE025,SKU00830,0.0,66,25,2025-10-15
STORE012,SKU00830,0.0,80,32,2025-10-15
STORE021,SKU00830,0.0,84,20,2025-10-15
STORE004,SKU00830,0.0,97,46,2025-10-15
STORE022,SKU00830,0.0,103,44,2025-10-15
STORE024,SKU00830,0.0,81,40,2025-10-15
STORE026,SKU00830,0.0,77,41,2025-10-15
STORE023,SKU00830,0.0,99,32,2025-10-15
STORE029,SKU00830,0.0,96,40,2025-10-15
STORE017,SKU00830,0.0,89,33,2025-10-15
STORE018,SKU00830,0.0,96,26,2025-10-15
STORE013,SKU00830,0.0,89,20,2025-10-15
STORE008,SKU00830,0.0,65,27,2025-10-15
STORE014,SKU00830,0.0,108,39,2025-10-15
STORE007,SKU00830,0.0,71,36,2025-10-15
STORE016,SKU00830,0.0,105,39,2025-10-15
STORE024,SKU00831,11.1,25,10,2025-11-20
STORE014,SKU00831,15.9,25,10,2025-11-20
STORE001,SKU00832,0.0,89,49,2025-10-15
STORE011,SKU00832,0.0,87,34,2025-10-15
STORE020,SKU00832,0.0,88,43,2025-10-15
STORE008,SKU00832,0.0,85,25,2025-10-15
STORE006,SKU00832,0.0,124,49,2025-10-15
STORE019,SKU00832,0.0,91,49,2025-10-15
STORE021,SKU00832,0.0,68,30,2025-10-15
STORE016,SKU00832,0.0,63,29,2025-10-15
STORE022,SKU00832,0.0,79,48,2025-10-15
STORE003,SKU00832,0.0,92,26,2025-10-15
STORE012,SKU00832,0.0,93,34,2025-10-15
STORE030,SKU00832,0.0,100,27,2025-10-15
STORE013,SKU00832,0.0,97,39,2025-10-15
STORE017,SKU00832,0.0,107,27,2025-10-15
STORE007,SKU00832,0.0,84,25,2025-10-15
STORE014,SKU00832,0.0,107,36,2025-10-15
STORE004,SKU00833,125.0,31,15,2025-11-20
STORE026,SKU00834,10.0,25,10,2025-11-20
STORE020,SKU00834,302.4,25,10,2025-11-20
STORE027,SKU00834,71.1,25,10,2025-11-20
STORE011,SKU00834,112.5,25,10,2025-11-20
STORE028,SKU00835,224.6,25,10,2025-11-20
STORE030,SKU00835,4.5,25,10,2025-11-20
STORE006,SKU00835,68.2,25,10,2025-11-20
STORE008,SKU00835,5.0,25,10,2025-11-20
STORE015,SKU00835,30.7,25,10,2025-11-20
STORE024,SKU00836,0.0,84,50,2025-10-15
STORE001,SKU00837,514.3,25,10,2025-11-20
STORE024,SKU00837,179.4,25,10,2025-11-20
STORE002,SKU00837,1854.1,25,10,2025-11-20
STORE022,SKU00837,258.6,25,10,2025-11-20
STORE027,SKU00837,122.3,25,10,2025-11-20
STORE014,SKU00837,78.5,25,10,2025-11-20
STORE017,SKU00837,136.3,25,10,2025-11-20
STORE016,SKU00837,147.2,25,10,2025-11-20
STORE013,SKU00837,22.5,25,10,2025-11-20
STORE003,SKU00837,145.7,25,10,2025-11-20
STORE025,SKU00837,197.1,25,10,2025-11-20
STORE009,SKU00837,405.1,25,10,2025-11-20
STORE018,SKU00837,337.6,25,10,2025-11-20
STORE004,SKU00837,389.5,25,10,2025-11-20
STORE030,SKU00837,2.7,25,10,2025-11-20
STORE008,SKU00837,77.5,25,10,2025-11-20
STORE015,SKU00837,342.2,25,10,2025-11-20
STORE012,SKU00837,208.9,25,10,2025-11-20
STORE023,SKU00837,1.7,25,10,2025-11-20
STORE005,SKU00837,515.4,25,10,2025-11-20
STORE007,SKU00837,467.9,25,10,2025-11-20
STORE026,SKU00837,251.0,25,10,2025-11-20
STORE006,SKU00837,21.7,25,10,2025-11-20
STORE029,SKU00837,459.3,25,10,2025-11-20
STORE020,SKU00837,276.7,25,10,2025-11-20
STORE011,SKU00837,480.9,25,10,2025-11-20
STORE021,SKU00838,23.0,25,10,2025-11-20
STORE021,SKU00839,9.0,25,10,2025-11-20
STORE015,SKU00840,118.3,25,10,2025-11-20
STORE014,SKU00840,24.5,25,10,2025-11-20
STORE026,SKU00840,180.2,25,10,2025-11-20
STORE004,SKU00840,157.0,25,10,2025-11-20
STORE027,SKU00840,219.7,25,10,2025-11-20
STORE005,SKU00840,30.2,25,10,2025-11-20
STORE009,SKU00840,35.1,25,10,2025-11-20
STORE025,SKU00841,83.6,25,10,2025-11-20
STORE027,SKU00841,52.4,25,10,2025-11-20
STORE019,SKU00842,119.1,25,10,2025-11-20
STORE025,SKU00842,70.9,25,10,2025-11-20
STORE026,SKU00843,42.9,25,10,2025-11-20
STORE004,SKU00843,50.1,25,10,2025-11-20
STORE024,SKU00844,180.9,25,10,2025-11-20
STORE006,SKU00844,71.1,25,10,2025-11-20
STORE012,SKU00845,34.6,29,14,2025-11-20
STORE014,SKU00845,5.9,29,14,2025-11-20
STORE022,SKU00845,22.2,29,14,2025-11-20
STORE011,SKU00845,43.6,29,14,2025-11-20
STORE005,SKU00845,10.9,29,14,2025-11-20
STORE008,SKU00845,7.8,29,14,2025-11-20
STORE016,SKU00845,13.0,29,14,2025-11-20
STORE007,SKU00845,9.6,29,14,2025-11-20
STORE009,SKU00845,8.4,29,14,2025-11-20
STORE004,SKU00845,19.1,29,14,2025-11-20
STORE027,SKU00845,82.5,29,14,2025-11-20
STORE003,SKU00845,24.5,29,14,2025-11-20
STORE015,SKU00845,7.2,29,14,2025-11-20
STORE024,SKU00845,2.8,29,14,2025-11-20
STORE025,SKU00846,148.7,25,10,2025-11-20
STORE008,SKU00846,60.3,25,10,2025-11-20
STORE025,SKU00847,0.0,79,28,2025-10-15
STORE010,SKU00848,95.6,25,10,2025-11-20
STORE023,SKU00848,59.7,25,10,2025-11-20
STORE015,SKU00848,88.1,25,10,2025-11-20
STORE011,SKU00848,17.6,25,10,2025-11-20
STORE026,SKU00849,47.6,25,10,2025-11-20
STORE015,SKU00849,12.4,25,10,2025-11-20
STORE023,SKU00850,160.5,25,10,2025-11-20
STORE009,SKU00850,58.0,25,10,2025-11-20
STORE019,SKU00850,22.5,25,10,2025-11-20
STORE009,SKU00851,45.1,25,10,2025-11-20
STORE020,SKU00851,30.4,25,10,2025-11-20
STORE002,SKU00851,170.4,25,10,2025-11-20
STORE025,SKU00852,39.8,25,10,2025-11-20
STORE005,SKU00852,145.7,25,10,2025-11-20
STORE017,SKU00852,49.5,25,10,2025-11-20
STORE010,SKU00853,58.1,25,10,2025-11-20
STORE001,SKU00853,90.4,25,10,2025-11-20
STORE008,SKU00853,80.7,25,10,2025-11-20
STORE029,SKU00853,76.7,25,10,2025-11-20
STORE012,SKU00854,40.5,25,10,2025-11-20
STORE019,SKU00854,18.0,25,10,2025-11-20
STORE023,SKU00854,233.9,25,10,2025-11-20
STORE010,SKU00854,89.5,25,10,2025-11-20
STORE010,SKU00855,121.6,25,10,2025-11-20
STORE023,SKU00855,6.8,25,10,2025-11-20
STORE006,SKU00855,64.5,25,10,2025-11-20
STORE019,SKU00855,7.4,25,10,2025-11-20
STORE021,SKU00855,453.9,25,10,2025-11-20
STORE030,SKU00855,59.9,25,10,2025-11-20
STORE016,SKU00855,175.0,25,10,2025-11-20
STORE029,SKU00855,8.5,25,10,2025-11-20
STORE015,SKU00855,236.1,25,10,2025-11-20
STORE025,SKU00855,83.8,25,10,2025-11-20
STORE005,SKU00855,490.1,25,10,2025-11-20
STORE020,SKU00855,470.4,25,10,2025-11-20
STORE027,SKU00855,84.5,25,10,2025-11-20
STORE026,SKU00855,496.6,25,10,2025-11-20
STORE013,SKU00855,1194.5,25,10,2025-11-20
STORE018,SKU00855,374.9,25,10,2025-11-20
STORE011,SKU00855,400.2,25,10,2025-11-20
STORE004,SKU00855,61.5,25,10,2025-11-20
STORE001,SKU00855,184.6,25,10,2025-11-20
STORE024,SKU00855,15.0,25,10,2025-11-20
STORE019,SKU00856,3.1,25,10,2025-11-20
STORE010,SKU00856,210.9,25,10,2025-11-20
STORE005,SKU00857,16.9,25,10,2025-11-20
STORE019,SKU00857,59.1,25,10,2025-11-20
STORE001,SKU00858,452.7,25,10,2025-11-20
STORE009,SKU00858,537.7,25,10,2025-11-20
STORE012,SKU00858,1664.9,25,10,2025-11-20
STORE024,SKU00858,76.1,25,10,2025-11-20
STORE017,SKU00858,11.3,25,10,2025-11-20
STORE027,SKU00858,145.9,25,10,2025-11-20
STORE026,SKU00858,38.4,25,10,2025-11-20
STORE013,SKU00858,6.2,25,10,2025-11-20
STORE016,SKU00858,123.1,25,10,2025-11-20
STORE020,SKU00858,421.8,25,10,2025-11-20
STORE006,SKU00858,230.0,25,10,2025-11-20
STORE028,SKU00858,103.3,25,10,2025-11-20
STORE005,SKU00858,292.6,25,10,2025-11-20
STORE025,SKU00858,72.7,25,10,2025-11-20
STORE011,SKU00858,4.0,25,10,2025-11-20
STORE029,SKU00858,398.1,25,10,2025-11-20
STORE021,SKU00858,269.3,25,10,2025-11-20
STORE007,SKU00858,395.8,25,10,2025-11-20
STORE028,SKU00859,2.4,25,10,2025-11-20
STORE030,SKU00859,107.6,25,10,2025-11-20
STORE016,SKU00860,122.8,25,10,2025-11-20
STORE021,SKU00860,105.3,25,10,2025-11-20
STORE006,SKU00860,124.5,25,10,2025-11-20
STORE017,SKU00860,254.0,25,10,2025-11-20
STORE030,SKU00860,112.4,25,10,2025-11-20
STORE028,SKU00860,110.6,25,10,2025-11-20
STORE026,SKU00860,594.3,25,10,2025-11-20
STORE013,SKU00860,179.7,25,10,2025-11-20
STORE001,SKU00860,74.2,25,10,2025-11-20
STORE003,SKU00860,156.2,25,10,2025-11-20
STORE011,SKU00860,62.7,25,10,2025-11-20
STORE008,SKU00860,33.0,25,10,2025-11-20
STORE010,SKU00860,115.5,25,10,2025-11-20
STORE007,SKU00860,334.8,25,10,2025-11-20
STORE019,SKU00860,336.5,25,10,2025-11-20
STORE029,SKU00860,53.2,25,10,2025-11-20
STORE005,SKU00860,95.3,25,10,2025-11-20
STORE018,SKU00860,30.2,25,10,2025-11-20
STORE012,SKU00860,690.6,25,10,2025-11-20
STORE026,SKU00861,19.0,34,17,2025-11-20
STORE004,SKU00861,5.0,34,17,2025-11-20
STORE021,SKU00862,0.0,78,26,2025-10-15
STORE016,SKU00863,44.1,25,10,2025-11-20
STORE015,SKU00863,33.9,25,10,2025-11-20
STORE019,SKU00864,319.5,26,11,2025-11-20
STORE030,SKU00864,19.5,26,11,2025-11-20
STORE021,SKU00865,221.0,30,15,2025-11-20
STORE030,SKU00866,201.0,25,10,2025-11-20
STORE001,SKU00866,202.5,25,10,2025-11-20
STORE027,SKU00866,83.6,25,10,2025-11-20
STORE024,SKU00867,46.0,25,10,2025-11-20
STORE028,SKU00867,3.0,25,10,2025-11-20
STORE027,SKU00868,287.0,25,10,2025-11-20
STORE026,SKU00869,126.2,25,10,2025-11-20
STORE017,SKU00869,128.4,25,10,2025-11-20
STORE029,SKU00869,112.4,25,10,2025-11-20
STORE008,SKU00870,63.9,25,10,2025-11-20
STORE024,SKU00870,33.7,25,10,2025-11-20
STORE007,SKU00870,200.6,25,10,2025-11-20
STORE012,SKU00870,181.5,25,10,2025-11-20
STORE022,SKU00870,39.2,25,10,2025-11-20
STORE002,SKU00871,0.0,102,32,2025-10-15
STORE004,SKU00872,57.4,25,10,2025-11-20
STORE011,SKU00872,28.5,25,10,2025-11-20
STORE017,SKU00872,51.8,25,10,2025-11-20
STORE003,SKU00872,85.3,25,10,2025-11-20
STORE009,SKU00873,46.4,25,10,2025-11-20
STORE018,SKU00873,4.8,25,10,2025-11-20
STORE028,SKU00873,376.8,25,10,2025-11-20
STORE024,SKU00874,229.9,25,10,2025-11-20
STORE018,SKU00874,293.9,25,10,2025-11-20
STORE028,SKU00874,445.0,25,10,2025-11-20
STORE003,SKU00874,396.8,25,10,2025-11-20
STORE026,SKU00874,792.3,25,10,2025-11-20
STORE002,SKU00874,187.6,25,10,2025-11-20
STORE015,SKU00874,163.8,25,10,2025-11-20
STORE019,SKU00874,125.6,25,10,2025-11-20
STORE017,SKU00874,40.8,25,10,2025-11-20
STORE008,SKU00874,207.7,25,10,2025-11-20
STORE021,SKU00874,79.3,25,10,2025-11-20
STORE009,SKU00874,621.2,25,10,2025-11-20
STORE006,SKU00874,213.9,25,10,2025-11-20
STORE020,SKU00874,219.6,25,10,2025-11-20
STORE022,SKU00874,107.1,25,10,2025-11-20
STORE012,SKU00874,13.0,25,10,2025-11-20
STORE030,SKU00874,7.9,25,10,2025-11-20
STORE016,SKU00874,134.5,25,10,2025-11-20
STORE006,SKU00875,25.7,25,10,2025-11-20
STORE002,SKU00875,271.3,25,10,2025-11-20
STORE020,SKU00876,105.0,25,10,2025-11-20
STORE009,SKU00877,14.0,27,12,2025-11-20
STORE018,SKU00878,24.0,25,10,2025-11-20
STORE009,SKU00878,5.3,25,10,2025-11-20
STORE003,SKU00878,44.3,25,10,2025-11-20
STORE024,SKU00878,48.4,25,10,2025-11-20
STORE007,SKU00879,14.8,25,10,2025-11-20
STORE024,SKU00879,90.2,25,10,2025-11-20
STORE027,SKU00880,5.9,25,10,2025-11-20
STORE030,SKU00880,28.5,25,10,2025-11-20
STORE003,SKU00880,103.5,25,10,2025-11-20
STORE029,SKU00881,3.8,25,10,2025-11-20
STORE005,SKU00881,282.2,25,10,2025-11-20
STORE017,SKU00882,45.3,25,10,2025-11-20
STORE010,SKU00882,168.7,25,10,2025-11-20
STORE002,SKU00883,56.0,25,10,2025-11-20
STORE007,SKU00883,168.3,25,10,2025-11-20
STORE008,SKU00883,5.8,25,10,2025-11-20
STORE008,SKU00884,8.6,25,10,2025-11-20
STORE019,SKU00884,1.5,25,10,2025-11-20
STORE025,SKU00884,78.1,25,10,2025-11-20
STORE016,SKU00884,35.8,25,10,2025-11-20
STORE015,SKU00885,138.0,31,15,2025-11-20
STORE004,SKU00886,3.0,68,34,2025-11-20
STORE018,SKU00887,28.4,25,10,2025-11-20
STORE029,SKU00887,155.6,25,10,2025-11-20
STORE026,SKU00888,37.9,25,10,2025-11-20
STORE002,SKU00888,121.9,25,10,2025-11-20
STORE011,SKU00888,134.2,25,10,2025-11-20
STORE026,SKU00889,275.0,25,10,2025-11-20
STORE021,SKU00890,104.9,25,10,2025-11-20
STORE003,SKU00890,35.7,25,10,2025-11-20
STORE007,SKU00890,61.5,25,10,2025-11-20
STORE016,SKU00890,53.4,25,10,2025-11-20
STORE004,SKU00890,1212.0,25,10,2025-11-20
STORE015,SKU00890,477.5,25,10,2025-11-20
STORE029,SKU00890,1151.6,25,10,2025-11-20
STORE027,SKU00890,194.3,25,10,2025-11-20
STORE028,SKU00890,109.4,25,10,2025-11-20
STORE026,SKU00890,536.8,25,10,2025-11-20
STORE018,SKU00890,132.4,25,10,2025-11-20
STORE019,SKU00890,119.3,25,10,2025-11-20
STORE022,SKU00890,88.7,25,10,2025-11-20
STORE023,SKU00890,46.6,25,10,2025-11-20
STORE010,SKU00890,99.4,25,10,2025-11-20
STORE017,SKU00890,147.2,25,10,2025-11-20
STORE001,SKU00890,375.8,25,10,2025-11-20
STORE025,SKU00890,21.7,25,10,2025-11-20
STORE020,SKU00890,79.3,25,10,2025-11-20
STORE002,SKU00890,555.1,25,10,2025-11-20
STORE008,SKU00890,53.3,25,10,2025-11-20
STORE030,SKU00890,140.7,25,10,2025-11-20
STORE013,SKU00890,670.6,25,10,2025-11-20
STORE014,SKU00890,56.4,25,10,2025-11-20
STORE024,SKU00890,29.0,25,10,2025-11-20
STORE009,SKU00890,222.2,25,10,2025-11-20
STORE006,SKU00890,120.7,25,10,2025-11-20
STORE011,SKU00890,277.9,25,10,2025-11-20
STORE021,SKU00891,113.0,57,28,2025-11-20
STORE006,SKU00892,11.1,25,10,2025-11-20
STORE011,SKU00892,65.3,25,10,2025-11-20
STORE017,SKU00892,52.9,25,10,2025-11-20
STORE016,SKU00892,11.7,25,10,2025-11-20
STORE017,SKU00893,11.3,25,10,2025-11-20
STORE010,SKU00893,3.7,25,10,2025-11-20
STORE021,SKU00893,7.8,25,10,2025-11-20
STORE029,SKU00893,1.0,25,10,2025-11-20
STORE009,SKU00893,7.1,25,10,2025-11-20
STORE018,SKU00893,4.2,25,10,2025-11-20
STORE008,SKU00893,20.1,25,10,2025-11-20
STORE011,SKU00893,0.7,25,10,2025-11-20
STORE026,SKU00893,6.3,25,10,2025-11-20
STORE025,SKU00893,7.1,25,10,2025-11-20
STORE030,SKU00893,15.0,25,10,2025-11-20
STORE027,SKU00893,9.9,25,10,2025-11-20
STORE015,SKU00893,12.8,25,10,2025-11-20
STORE004,SKU00894,332.2,25,10,2025-11-20
STORE025,SKU00894,438.7,25,10,2025-11-20
STORE006,SKU00894,83.4,25,10,2025-11-20
STORE016,SKU00894,170.9,25,10,2025-11-20
STORE001,SKU00894,405.7,25,10,2025-11-20
STORE011,SKU00894,1007.4,25,10,2025-11-20
STORE017,SKU00894,487.6,25,10,2025-11-20
STORE027,SKU00894,102.8,25,10,2025-11-20
STORE023,SKU00894,48.1,25,10,2025-11-20
STORE028,SKU00894,148.8,25,10,2025-11-20
STORE021,SKU00894,299.5,25,10,2025-11-20
STORE003,SKU00894,150.1,25,10,2025-11-20
STORE014,SKU00894,146.1,25,10,2025-11-20
STORE010,SKU00894,403.2,25,10,2025-11-20
STORE030,SKU00894,99.3,25,10,2025-11-20
STORE015,SKU00894,434.8,25,10,2025-11-20
STORE018,SKU00894,115.6,25,10,2025-11-20
STORE008,SKU00894,88.1,25,10,2025-11-20
STORE020,SKU00894,133.9,25,10,2025-11-20
STORE029,SKU00894,318.1,25,10,2025-11-20
STORE009,SKU00894,29.8,25,10,2025-11-20
STORE027,SKU00895,18.2,25,10,2025-11-20
STORE006,SKU00895,251.2,25,10,2025-11-20
STORE007,SKU00895,16.0,25,10,2025-11-20
STORE025,SKU00895,69.6,25,10,2025-11-20
STORE004,SKU00896,64.7,36,18,2025-11-20
STORE025,SKU00896,50.3,36,18,2025-11-20
STORE008,SKU00897,143.7,25,10,2025-11-20
STORE007,SKU00897,36.3,25,10,2025-11-20
STORE010,SKU00898,97.1,25,10,2025-11-20
STORE017,SKU00898,56.2,25,10,2025-11-20
STORE011,SKU00898,130.8,25,10,2025-11-20
STORE025,SKU00899,44.1,25,10,2025-11-20
STORE017,SKU00899,244.9,25,10,2025-11-20
STORE016,SKU00900,137.9,25,10,2025-11-20
STORE004,SKU00900,219.9,25,10,2025-11-20
STORE022,SKU00900,166.2,25,10,2025-11-20
STORE010,SKU00901,153.0,51,25,2025-11-20
STORE030,SKU00902,305.2,25,10,2025-11-20
STORE020,SKU00902,58.8,25,10,2025-11-20
STORE007,SKU00903,0.0,111,38,2025-10-15
STORE005,SKU00904,207.0,25,10,2025-11-20
STORE011,SKU00905,116.0,25,10,2025-11-20
STORE006,SKU00905,28.0,25,10,2025-11-20
STORE007,SKU00906,47.3,25,10,2025-11-20
STORE025,SKU00906,143.8,25,10,2025-11-20
STORE013,SKU00906,489.6,25,10,2025-11-20
STORE026,SKU00906,140.3,25,10,2025-11-20
STORE006,SKU00906,27.9,25,10,2025-11-20
STORE027,SKU00906,249.3,25,10,2025-11-20
STORE020,SKU00906,571.4,25,10,2025-11-20
STORE022,SKU00906,486.9,25,10,2025-11-20
STORE029,SKU00906,59.0,25,10,2025-11-20
STORE011,SKU00906,342.2,25,10,2025-11-20
STORE017,SKU00906,76.3,25,10,2025-11-20
STORE016,SKU00906,75.4,25,10,2025-11-20
STORE014,SKU00906,634.8,25,10,2025-11-20
STORE009,SKU00906,88.0,25,10,2025-11-20
STORE008,SKU00906,93.6,25,10,2025-11-20
STORE015,SKU00906,0.2,25,10,2025-11-20
STORE005,SKU00906,626.6,25,10,2025-11-20
STORE019,SKU00906,481.9,25,10,2025-11-20
STORE018,SKU00906,302.4,25,10,2025-11-20
STORE023,SKU00906,425.0,25,10,2025-11-20
STORE003,SKU00906,50.5,25,10,2025-11-20
STORE012,SKU00906,187.8,25,10,2025-11-20
STORE021,SKU00906,132.6,25,10,2025-11-20
STORE028,SKU00906,30.2,25,10,2025-11-20
STORE010,SKU00906,204.0,25,10,2025-11-20
STORE027,SKU00907,0.0,93,43,2025-10-15
STORE015,SKU00908,122.0,28,13,2025-11-20
STORE010,SKU00908,2.0,28,13,2025-11-20
STORE014,SKU00909,109.1,25,10,2025-11-20
STORE019,SKU00909,73.7,25,10,2025-11-20
STORE013,SKU00909,86.2,25,10,2025-11-20
STORE025,SKU00910,0.0,63,33,2025-10-15
STORE025,SKU00911,191.4,25,10,2025-11-20
STORE013,SKU00911,50.6,25,10,2025-11-20
STORE002,SKU00912,50.1,25,10,2025-11-20
STORE014,SKU00912,113.9,25,10,2025-11-20
STORE012,SKU00913,117.0,26,11,2025-11-20
STORE021,SKU00914,96.1,25,10,2025-11-20
STORE026,SKU00914,80.9,25,10,2025-11-20
STORE005,SKU00915,18.0,25,10,2025-11-20
STORE015,SKU00915,153.0,25,10,2025-11-20
STORE025,SKU00916,190.9,25,10,2025-11-20
STORE009,SKU00916,66.0,25,10,2025-11-20
STORE001,SKU00916,228.7,25,10,2025-11-20
STORE027,SKU00916,24.4,25,10,2025-11-20
STORE023,SKU00917,172.0,74,37,2025-11-20
STORE007,SKU00918,53.2,25,10,2025-11-20
STORE022,SKU00918,96.8,25,10,2025-11-20
STORE023,SKU00919,103.2,25,10,2025-11-20
STORE009,SKU00919,137.9,25,10,2025-11-20
STORE010,SKU00919,348.8,25,10,2025-11-20
STORE027,SKU00919,103.0,25,10,2025-11-20
STORE012,SKU00920,0.0,101,39,2025-10-15
STORE001,SKU00920,0.0,81,34,2025-10-15
STORE011,SKU00920,0.0,57,23,2025-10-15
STORE014,SKU00920,0.0,67,27,2025-10-15
STORE026,SKU00920,0.0,106,30,2025-10-15
STORE013,SKU00920,0.0,111,35,2025-10-15
STORE028,SKU00920,0.0,98,38,2025-10-15
STORE018,SKU00920,0.0,82,50,2025-10-15
STORE023,SKU00920,0.0,116,44,2025-10-15
STORE007,SKU00920,0.0,106,32,2025-10-15
STORE021,SKU00920,0.0,125,50,2025-10-15
STORE016,SKU00921,86.0,78,39,2025-11-20
STORE008,SKU00922,4.1,25,10,2025-11-20
STORE009,SKU00922,2.9,25,10,2025-11-20
STORE020,SKU00923,62.2,25,10,2025-11-20
STORE019,SKU00923,44.8,25,10,2025-11-20
STORE013,SKU00924,23.0,28,13,2025-11-20
STORE002,SKU00925,200.1,25,10,2025-11-20
STORE004,SKU00925,28.9,25,10,2025-11-20
STORE002,SKU00926,70.5,25,10,2025-11-20
STORE021,SKU00926,32.1,25,10,2025-11-20
STORE011,SKU00926,6.0,25,10,2025-11-20
STORE009,SKU00926,152.5,25,10,2025-11-20
STORE018,SKU00926,14.0,25,10,2025-11-20
STORE012,SKU00927,221.3,25,10,2025-11-20
STORE015,SKU00927,77.9,25,10,2025-11-20
STORE030,SKU00927,45.0,25,10,2025-11-20
STORE010,SKU00927,112.8,25,10,2025-11-20
STORE004,SKU00928,105.7,25,10,2025-11-20
STORE016,SKU00928,32.5,25,10,2025-11-20
STORE005,SKU00928,90.8,25,10,2025-11-20
STORE029,SKU00929,1.2,25,10,2025-11-20
STORE024,SKU00929,13.2,25,10,2025-11-20
STORE003,SKU00929,2.4,25,10,2025-11-20
STORE011,SKU00929,10.1,25,10,2025-11-20
STORE025,SKU00929,7.4,25,10,2025-11-20
STORE030,SKU00929,23.6,25,10,2025-11-20
STORE014,SKU00929,4.4,25,10,2025-11-20
STORE005,SKU00929,0.6,25,10,2025-11-20
STORE023,SKU00929,0.2,25,10,2025-11-20
STORE019,SKU00929,15.6,25,10,2025-11-20
STORE010,SKU00929,6.6,25,10,2025-11-20
STORE021,SKU00929,13.3,25,10,2025-11-20
STORE007,SKU00929,2.4,25,10,2025-11-20
STORE028,SKU00929,3.8,25,10,2025-11-20
STORE015,SKU00929,0.3,25,10,2025-11-20
STORE004,SKU00929,29.1,25,10,2025-11-20
STORE006,SKU00929,9.8,25,10,2025-11-20
STORE020,SKU00929,24.1,25,10,2025-11-20
STORE009,SKU00929,2.8,25,10,2025-11-20
STORE025,SKU00930,70.3,25,10,2025-11-20
STORE022,SKU00930,84.3,25,10,2025-11-20
STORE009,SKU00930,28.4,25,10,2025-11-20
STORE018,SKU00931,112.5,25,10,2025-11-20
STORE017,SKU00931,175.5,25,10,2025-11-20
STORE027,SKU00931,129.0,25,10,2025-11-20
STORE010,SKU00932,246.4,25,10,2025-11-20
STORE023,SKU00932,59.6,25,10,2025-11-20
STORE001,SKU00933,115.0,25,10,2025-11-20
STORE005,SKU00934,191.4,25,10,2025-11-20
STORE025,SKU00934,0.6,25,10,2025-11-20
STORE025,SKU00935,288.2,25,10,2025-11-20
STORE003,SKU00935,280.4,25,10,2025-11-20
STORE028,SKU00935,223.1,25,10,2025-11-20
STORE026,SKU00935,1056.8,25,10,2025-11-20
STORE023,SKU00935,85.6,25,10,2025-11-20
STORE027,SKU00935,95.1,25,10,2025-11-20
STORE024,SKU00935,18.8,25,10,2025-11-20
STORE011,SKU00935,133.9,25,10,2025-11-20
STORE012,SKU00935,69.3,25,10,2025-11-20
STORE015,SKU00935,96.3,25,10,2025-11-20
STORE007,SKU00935,411.9,25,10,2025-11-20
STORE006,SKU00935,627.5,25,10,2025-11-20
STORE030,SKU00935,47.0,25,10,2025-11-20
STORE021,SKU00935,106.7,25,10,2025-11-20
STORE008,SKU00935,604.4,25,10,2025-11-20
STORE016,SKU00935,14.6,25,10,2025-11-20
STORE019,SKU00935,22.2,25,10,2025-11-20
STORE014,SKU00935,40.7,25,10,2025-11-20
STORE004,SKU00935,207.0,25,10,2025-11-20
STORE018,SKU00935,37.3,25,10,2025-11-20
STORE005,SKU00935,788.5,25,10,2025-11-20
STORE010,SKU00935,135.5,25,10,2025-11-20
STORE001,SKU00935,159.4,25,10,2025-11-20
STORE002,SKU00935,64.8,25,10,2025-11-20
STORE017,SKU00935,145.8,25,10,2025-11-20
STORE022,SKU00935,248.3,25,10,2025-11-20
STORE009,SKU00935,318.5,25,10,2025-11-20
STORE020,SKU00935,320.9,25,10,2025-11-20
STORE029,SKU00935,197.5,25,10,2025-11-20
STORE026,SKU00936,0.0,84,21,2025-10-15
STORE002,SKU00937,113.9,25,10,2025-11-20
STORE030,SKU00937,82.5,25,10,2025-11-20
STORE017,SKU00937,68.6,25,10,2025-11-20
STORE012,SKU00938,71.4,25,10,2025-11-20
STORE001,SKU00938,8.6,25,10,2025-11-20
STORE019,SKU00939,47.6,25,10,2025-11-20
STORE014,SKU00939,216.9,25,10,2025-11-20
STORE002,SKU00939,105.5,25,10,2025-11-20
STORE017,SKU00940,44.9,25,10,2025-11-20
STORE028,SKU00940,188.5,25,10,2025-11-20
STORE026,SKU00940,197.2,25,10,2025-11-20
STORE011,SKU00940,209.4,25,10,2025-11-20
STORE026,SKU00941,0.0,98,37,2025-10-15
STORE010,SKU00942,4.1,40,20,2025-11-20
STORE019,SKU00942,12.7,40,20,2025-11-20
STORE011,SKU00942,3.4,40,20,2025-11-20
STORE021,SKU00942,2.3,40,20,2025-11-20
STORE003,SKU00942,2.2,40,20,2025-11-20
STORE024,SKU00942,4.5,40,20,2025-11-20
STORE026,SKU00942,6.1,40,20,2025-11-20
STORE029,SKU00942,19.2,40,20,2025-11-20
STORE025,SKU00942,1.4,40,20,2025-11-20
STORE018,SKU00942,14.3,40,20,2025-11-20
STORE004,SKU00942,8.2,40,20,2025-11-20
STORE027,SKU00942,3.7,40,20,2025-11-20
STORE006,SKU00942,7.3,40,20,2025-11-20
STORE017,SKU00942,3.8,40,20,2025-11-20
STORE022,SKU00942,9.8,40,20,2025-11-20
STORE030,SKU00942,6.1,40,20,2025-11-20
STORE008,SKU00942,1.9,40,20,2025-11-20
STORE020,SKU00943,0.0,82,40,2025-10-15
STORE025,SKU00944,4.7,25,10,2025-11-20
STORE003,SKU00944,29.8,25,10,2025-11-20
STORE022,SKU00944,87.6,25,10,2025-11-20
STORE014,SKU00945,33.0,28,13,2025-11-20
STORE027,SKU00945,103.3,28,13,2025-11-20
STORE009,SKU00945,84.1,28,13,2025-11-20
STORE015,SKU00945,209.7,28,13,2025-11-20
STORE015,SKU00946,96.9,25,10,2025-11-20
STORE029,SKU00946,47.1,25,10,2025-11-20
STORE029,SKU00947,0.0,82,43,2025-10-15
STORE021,SKU00948,31.9,25,10,2025-11-20
STORE011,SKU00948,68.1,25,10,2025-11-20
STORE003,SKU00949,44.0,25,10,2025-11-20
STORE006,SKU00949,34.1,25,10,2025-11-20
STORE021,SKU00949,0.9,25,10,2025-11-20
STORE019,SKU00949,151.0,25,10,2025-11-20
STORE011,SKU00950,221.0,25,10,2025-11-20
STORE015,SKU00951,21.7,25,10,2025-11-20
STORE017,SKU00951,169.3,25,10,2025-11-20
STORE025,SKU00952,0.0,119,42,2025-10-15
STORE027,SKU00953,15.3,100,50,2025-11-20
STORE014,SKU00953,3.1,100,50,2025-11-20
STORE001,SKU00953,96.5,100,50,2025-11-20
STORE013,SKU00953,5.9,100,50,2025-11-20
STORE019,SKU00953,1.7,100,50,2025-11-20
STORE010,SKU00953,22.1,100,50,2025-11-20
STORE028,SKU00953,32.9,100,50,2025-11-20
STORE020,SKU00953,0.8,100,50,2025-11-20
STORE030,SKU00953,26.3,100,50,2025-11-20
STORE024,SKU00953,18.6,100,50,2025-11-20
STORE021,SKU00953,2.7,100,50,2025-11-20
STORE008,SKU00954,49.5,25,10,2025-11-20
STORE011,SKU00954,219.4,25,10,2025-11-20
STORE014,SKU00954,91.9,25,10,2025-11-20
STORE005,SKU00954,728.2,25,10,2025-11-20
STORE009,SKU00954,446.5,25,10,2025-11-20
STORE030,SKU00954,1074.0,25,10,2025-11-20
STORE019,SKU00954,78.6,25,10,2025-11-20
STORE022,SKU00954,914.3,25,10,2025-11-20
STORE029,SKU00954,147.5,25,10,2025-11-20
STORE018,SKU00954,111.6,25,10,2025-11-20
STORE015,SKU00954,13.5,25,10,2025-11-20
STORE007,SKU00954,14.2,25,10,2025-11-20
STORE012,SKU00954,307.9,25,10,2025-11-20
STORE027,SKU00954,160.1,25,10,2025-11-20
STORE024,SKU00954,67.1,25,10,2025-11-20
STORE013,SKU00954,248.8,25,10,2025-11-20
STORE003,SKU00954,76.2,25,10,2025-11-20
STORE004,SKU00954,225.3,25,10,2025-11-20
STORE017,SKU00954,116.3,25,10,2025-11-20
STORE028,SKU00954,453.5,25,10,2025-11-20
STORE002,SKU00954,449.3,25,10,2025-11-20
STORE001,SKU00954,169.6,25,10,2025-11-20
STORE026,SKU00954,112.9,25,10,2025-11-20
STORE016,SKU00954,117.7,25,10,2025-11-20
STORE005,SKU00955,177.5,25,10,2025-11-20
STORE018,SKU00955,43.1,25,10,2025-11-20
STORE012,SKU00955,25.4,25,10,2025-11-20
STORE003,SKU00956,1.6,25,10,2025-11-20
STORE011,SKU00956,11.4,25,10,2025-11-20
STORE028,SKU00957,211.0,25,10,2025-11-20
STORE011,SKU00958,441.4,25,10,2025-11-20
STORE008,SKU00958,60.0,25,10,2025-11-20
STORE022,SKU00958,115.2,25,10,2025-11-20
STORE007,SKU00958,396.8,25,10,2025-11-20
STORE027,SKU00958,416.6,25,10,2025-11-20
STORE010,SKU00958,116.6,25,10,2025-11-20
STORE006,SKU00958,147.6,25,10,2025-11-20
STORE014,SKU00958,86.8,25,10,2025-11-20
STORE009,SKU00958,647.5,25,10,2025-11-20
STORE029,SKU00958,30.3,25,10,2025-11-20
STORE026,SKU00958,651.7,25,10,2025-11-20
STORE012,SKU00958,276.5,25,10,2025-11-20
STORE001,SKU00958,182.1,25,10,2025-11-20
STORE005,SKU00958,8.0,25,10,2025-11-20
STORE015,SKU00958,155.0,25,10,2025-11-20
STORE004,SKU00959,51.0,29,14,2025-11-20
STORE027,SKU00960,49.0,25,10,2025-11-20
STORE013,SKU00960,298.0,25,10,2025-11-20
STORE001,SKU00961,260.4,25,10,2025-11-20
STORE015,SKU00961,60.6,25,10,2025-11-20
STORE028,SKU00962,141.0,25,10,2025-11-20
STORE024,SKU00963,195.0,25,10,2025-11-20
STORE028,SKU00964,70.0,25,10,2025-11-20
STORE024,SKU00964,16.0,25,10,2025-11-20
STORE007,SKU00965,287.3,25,10,2025-11-20
STORE013,SKU00965,844.3,25,10,2025-11-20
STORE002,SKU00965,328.2,25,10,2025-11-20
STORE015,SKU00965,24.2,25,10,2025-11-20
STORE027,SKU00965,132.6,25,10,2025-11-20
STORE029,SKU00965,242.2,25,10,2025-11-20
STORE030,SKU00965,156.3,25,10,2025-11-20
STORE024,SKU00965,543.1,25,10,2025-11-20
STORE025,SKU00965,510.4,25,10,2025-11-20
STORE019,SKU00965,286.5,25,10,2025-11-20
STORE004,SKU00965,141.6,25,10,2025-11-20
STORE003,SKU00965,89.3,25,10,2025-11-20
STORE006,SKU00965,33.9,25,10,2025-11-20
STORE017,SKU00965,132.7,25,10,2025-11-20
STORE020,SKU00965,161.4,25,10,2025-11-20
STORE006,SKU00966,162.0,34,17,2025-11-20
STORE025,SKU00967,119.0,25,10,2025-11-20
STORE007,SKU00968,16.5,25,10,2025-11-20
STORE004,SKU00968,114.0,25,10,2025-11-20
STORE016,SKU00968,45.5,25,10,2025-11-20
STORE024,SKU00969,0.0,91,39,2025-10-15
STORE024,SKU00970,23.1,25,10,2025-11-20
STORE011,SKU00970,238.1,25,10,2025-11-20
STORE014,SKU00970,5.8,25,10,2025-11-20
STORE007,SKU00971,36.9,25,10,2025-11-20
STORE003,SKU00971,12.5,25,10,2025-11-20
STORE026,SKU00971,143.6,25,10,2025-11-20
STORE017,SKU00972,238.1,25,10,2025-11-20
STORE012,SKU00972,76.9,25,10,2025-11-20
STORE016,SKU00973,59.9,25,10,2025-11-20
STORE009,SKU00973,112.7,25,10,2025-11-20
STORE017,SKU00973,272.1,25,10,2025-11-20
STORE004,SKU00973,21.4,25,10,2025-11-20
STORE015,SKU00974,0.0,121,50,2025-10-15
STORE001,SKU00974,0.0,73,29,2025-10-15
STORE029,SKU00974,0.0,77,42,2025-10-15
STORE013,SKU00974,0.0,111,40,2025-10-15
STORE026,SKU00974,0.0,99,45,2025-10-15
STORE014,SKU00974,0.0,108,48,2025-10-15
STORE027,SKU00974,0.0,67,20,2025-10-15
STORE004,SKU00974,0.0,114,43,2025-10-15
STORE012,SKU00974,0.0,98,48,2025-10-15
STORE022,SKU00974,0.0,60,21,2025-10-15
STORE010,SKU00974,0.0,92,47,2025-10-15
STORE003,SKU00974,0.0,91,25,2025-10-15
STORE025,SKU00974,0.0,58,20,2025-10-15
STORE017,SKU00975,183.3,25,10,2025-11-20
STORE005,SKU00975,229.7,25,10,2025-11-20
STORE005,SKU00976,33.1,25,10,2025-11-20
STORE023,SKU00976,13.5,25,10,2025-11-20
STORE016,SKU00976,13.3,25,10,2025-11-20
STORE025,SKU00976,6.9,25,10,2025-11-20
STORE002,SKU00976,18.6,25,10,2025-11-20
STORE026,SKU00976,10.1,25,10,2025-11-20
STORE020,SKU00976,15.1,25,10,2025-11-20
STORE007,SKU00976,7.5,25,10,2025-11-20
STORE022,SKU00976,17.6,25,10,2025-11-20
STORE010,SKU00976,23.2,25,10,2025-11-20
STORE012,SKU00976,2.1,25,10,2025-11-20
STORE014,SKU00976,23.9,25,10,2025-11-20
STORE006,SKU00976,10.4,25,10,2025-11-20
STORE019,SKU00976,24.9,25,10,2025-11-20
STORE018,SKU00976,7.5,25,10,2025-11-20
STORE003,SKU00976,6.4,25,10,2025-11-20
STORE030,SKU00977,186.2,25,10,2025-11-20
STORE017,SKU00977,21.8,25,10,2025-11-20
STORE005,SKU00978,397.0,25,10,2025-11-20
STORE024,SKU00978,141.3,25,10,2025-11-20
STORE026,SKU00978,154.1,25,10,2025-11-20
STORE028,SKU00978,78.8,25,10,2025-11-20
STORE022,SKU00978,181.7,25,10,2025-11-20
STORE006,SKU00978,84.0,25,10,2025-11-20
STORE012,SKU00978,8.6,25,10,2025-11-20
STORE004,SKU00978,67.8,25,10,2025-11-20
STORE025,SKU00978,1.4,25,10,2025-11-20
STORE001,SKU00978,818.4,25,10,2025-11-20
STORE016,SKU00978,720.4,25,10,2025-11-20
STORE007,SKU00978,107.3,25,10,2025-11-20
STORE010,SKU00978,278.3,25,10,2025-11-20
STORE013,SKU00978,90.6,25,10,2025-11-20
STORE029,SKU00978,237.4,25,10,2025-11-20
STORE015,SKU00978,349.5,25,10,2025-11-20
STORE014,SKU00978,626.2,25,10,2025-11-20
STORE030,SKU00978,109.1,25,10,2025-11-20
STORE018,SKU00978,326.5,25,10,2025-11-20
STORE027,SKU00978,66.0,25,10,2025-11-20
STORE021,SKU00978,990.4,25,10,2025-11-20
STORE020,SKU00978,5.6,25,10,2025-11-20
STORE011,SKU00978,197.5,25,10,2025-11-20
STORE009,SKU00978,230.0,25,10,2025-11-20
STORE023,SKU00978,248.7,25,10,2025-11-20
STORE019,SKU00978,27.4,25,10,2025-11-20
STORE002,SKU00978,595.5,25,10,2025-11-20
STORE008,SKU00978,42.7,25,10,2025-11-20
STORE002,SKU00979,26.0,25,10,2025-11-20
STORE018,SKU00980,25.2,39,19,2025-11-20
STORE013,SKU00980,36.8,39,19,2025-11-20
STORE025,SKU00981,140.8,25,10,2025-11-20
STORE020,SKU00981,96.2,25,10,2025-11-20
STORE024,SKU00982,77.6,51,25,2025-11-20
STORE017,SKU00982,83.4,51,25,2025-11-20
STORE006,SKU00983,70.0,25,10,2025-11-20
STORE004,SKU00983,183.0,25,10,2025-11-20
STORE001,SKU00984,119.3,25,10,2025-11-20
STORE012,SKU00984,4.6,25,10,2025-11-20
STORE029,SKU00984,26.1,25,10,2025-11-20
STORE008,SKU00985,0.0,78,22,2025-10-15
STORE003,SKU00986,34.3,25,10,2025-11-20
STORE004,SKU00986,5.4,25,10,2025-11-20
STORE016,SKU00986,352.1,25,10,2025-11-20
STORE015,SKU00986,299.7,25,10,2025-11-20
STORE014,SKU00986,57.8,25,10,2025-11-20
STORE018,SKU00986,86.5,25,10,2025-11-20
STORE027,SKU00986,7.8,25,10,2025-11-20
STORE005,SKU00986,585.3,25,10,2025-11-20
STORE020,SKU00986,1194.5,25,10,2025-11-20
STORE021,SKU00986,47.3,25,10,2025-11-20
STORE001,SKU00986,85.5,25,10,2025-11-20
STORE010,SKU00986,658.9,25,10,2025-11-20
STORE028,SKU00986,848.0,25,10,2025-11-20
STORE025,SKU00986,176.8,25,10,2025-11-20
STORE009,SKU00986,16.9,25,10,2025-11-20
STORE030,SKU00986,13.1,25,10,2025-11-20
STORE006,SKU00986,277.2,25,10,2025-11-20
STORE011,SKU00986,162.1,25,10,2025-11-20
STORE017,SKU00986,9.4,25,10,2025-11-20
STORE026,SKU00986,284.4,25,10,2025-11-20
STORE020,SKU00987,3.6,25,10,2025-11-20
STORE022,SKU00987,488.5,25,10,2025-11-20
STORE023,SKU00987,115.4,25,10,2025-11-20
STORE004,SKU00987,13.0,25,10,2025-11-20
STORE016,SKU00987,280.0,25,10,2025-11-20
STORE026,SKU00987,160.0,25,10,2025-11-20
STORE024,SKU00987,1149.1,25,10,2025-11-20
STORE019,SKU00987,247.9,25,10,2025-11-20
STORE007,SKU00987,101.6,25,10,2025-11-20
STORE005,SKU00987,389.9,25,10,2025-11-20
STORE008,SKU00987,99.9,25,10,2025-11-20
STORE017,SKU00987,740.2,25,10,2025-11-20
STORE021,SKU00987,148.1,25,10,2025-11-20
STORE018,SKU00987,251.8,25,10,2025-11-20
STORE030,SKU00987,16.4,25,10,2025-11-20
STORE011,SKU00987,175.2,25,10,2025-11-20
STORE002,SKU00987,563.5,25,10,2025-11-20
STORE012,SKU00987,516.8,25,10,2025-11-20
STORE014,SKU00987,80.1,25,10,2025-11-20
STORE029,SKU00987,80.9,25,10,2025-11-20
STORE028,SKU00987,536.3,25,10,2025-11-20
STORE013,SKU00987,840.8,25,10,2025-11-20
STORE027,SKU00987,31.6,25,10,2025-11-20
STORE009,SKU00987,188.7,25,10,2025-11-20
STORE003,SKU00987,129.9,25,10,2025-11-20
STORE015,SKU00987,645.4,25,10,2025-11-20
STORE006,SKU00987,27.5,25,10,2025-11-20
STORE010,SKU00987,74.8,25,10,2025-11-20
STORE025,SKU00987,440.5,25,10,2025-11-20
STORE001,SKU00987,16.6,25,10,2025-11-20
STORE025,SKU00988,61.0,36,18,2025-11-20
STORE029,SKU00989,144.9,25,10,2025-11-20
STORE005,SKU00989,101.1,25,10,2025-11-20
STORE011,SKU00990,62.8,25,10,2025-11-20
STORE014,SKU00990,94.4,25,10,2025-11-20
STORE012,SKU00990,22.0,25,10,2025-11-20
STORE022,SKU00990,106.1,25,10,2025-11-20
STORE005,SKU00990,204.7,25,10,2025-11-20
STORE019,SKU00991,495.5,25,10,2025-11-20
STORE024,SKU00991,58.0,25,10,2025-11-20
STORE028,SKU00991,56.1,25,10,2025-11-20
STORE002,SKU00991,108.4,25,10,2025-11-20
STORE029,SKU00991,155.5,25,10,2025-11-20
STORE013,SKU00991,182.2,25,10,2025-11-20
STORE021,SKU00991,395.1,25,10,2025-11-20
STORE027,SKU00991,20.3,25,10,2025-11-20
STORE007,SKU00991,12.2,25,10,2025-11-20
STORE006,SKU00991,172.6,25,10,2025-11-20
STORE001,SKU00991,414.6,25,10,2025-11-20
STORE005,SKU00991,74.6,25,10,2025-11-20
STORE023,SKU00991,356.0,25,10,2025-11-20
STORE008,SKU00991,104.4,25,10,2025-11-20
STORE026,SKU00991,753.9,25,10,2025-11-20
STORE022,SKU00991,784.5,25,10,2025-11-20
STORE016,SKU00991,122.4,25,10,2025-11-20
STORE020,SKU00991,90.7,25,10,2025-11-20
STORE010,SKU00991,183.9,25,10,2025-11-20
STORE017,SKU00991,95.5,25,10,2025-11-20
STORE011,SKU00991,387.3,25,10,2025-11-20
STORE014,SKU00991,607.0,25,10,2025-11-20
STORE004,SKU00991,388.0,25,10,2025-11-20
STORE009,SKU00991,603.6,25,10,2025-11-20
STORE030,SKU00991,175.6,25,10,2025-11-20
STORE012,SKU00991,59.0,25,10,2025-11-20
STORE015,SKU00992,134.2,25,10,2025-11-20
STORE007,SKU00992,44.8,25,10,2025-11-20
STORE015,SKU00993,64.0,28,13,2025-11-20
STORE020,SKU00994,0.0,100,49,2025-10-15
STORE009,SKU00994,0.0,71,30,2025-10-15
STORE018,SKU00994,0.0,79,28,2025-10-15
STORE015,SKU00994,0.0,106,45,2025-10-15
STORE004,SKU00994,0.0,109,44,2025-10-15
STORE024,SKU00994,0.0,106,34,2025-10-15
STORE029,SKU00994,0.0,95,23,2025-10-15
STORE021,SKU00994,0.0,98,47,2025-10-15
STORE017,SKU00994,0.0,107,44,2025-10-15
STORE009,SKU00995,0.0,102,22,2025-10-15
STORE012,SKU00996,1.9,25,10,2025-11-20
STORE014,SKU00996,0.5,25,10,2025-11-20
STORE021,SKU00996,30.2,25,10,2025-11-20
STORE001,SKU00996,1.0,25,10,2025-11-20
STORE018,SKU00996,27.5,25,10,2025-11-20
STORE005,SKU00996,23.3,25,10,2025-11-20
STORE004,SKU00996,9.7,25,10,2025-11-20
STORE008,SKU00996,6.6,25,10,2025-11-20
STORE015,SKU00996,5.3,25,10,2025-11-20
STORE024,SKU00996,12.4,25,10,2025-11-20
STORE028,SKU00996,2.1,25,10,2025-11-20
STORE026,SKU00996,3.9,25,10,2025-11-20
STORE010,SKU00996,6.0,25,10,2025-11-20
STORE025,SKU00996,3.3,25,10,2025-11-20
STORE030,SKU00996,3.4,25,10,2025-11-20
STORE017,SKU00996,2.5,25,10,2025-11-20
STORE023,SKU00996,5.1,25,10,2025-11-20
STORE007,SKU00996,11.7,25,10,2025-11-20
STORE009,SKU00996,1.4,25,10,2025-11-20
STORE003,SKU00997,143.5,25,10,2025-11-20
STORE028,SKU00997,61.5,25,10,2025-11-20
STORE017,SKU00997,91.3,25,10,2025-11-20
STORE006,SKU00997,42.8,25,10,2025-11-20
STORE013,SKU00998,109.0,27,12,2025-11-20
STORE027,SKU00999,0.0,112,50,2025-10-15
STORE007,SKU01000,0.0,97,24,2025-10-15
STORE008,SKU01001,2.6,25,10,2025-11-20
STORE025,SKU01001,271.9,25,10,2025-11-20
STORE001,SKU01001,6.5,25,10,2025-11-20
STORE007,SKU01002,45.2,25,10,2025-11-20
STORE024,SKU01002,98.8,25,10,2025-11-20
STORE024,SKU01003,30.8,25,10,2025-11-20
STORE012,SKU01003,20.9,25,10,2025-11-20
STORE017,SKU01003,128.3,25,10,2025-11-20
STORE020,SKU01004,31.5,25,10,2025-11-20
STORE025,SKU01004,216.5,25,10,2025-11-20
STORE005,SKU01005,4.6,25,10,2025-11-20
STORE019,SKU01005,5.7,25,10,2025-11-20
STORE028,SKU01005,164.2,25,10,2025-11-20
STORE017,SKU01005,47.5,25,10,2025-11-20
STORE017,SKU01006,278.8,25,10,2025-11-20
STORE002,SKU01006,58.2,25,10,2025-11-20
STORE026,SKU01007,83.9,25,10,2025-11-20
STORE018,SKU01007,67.1,25,10,2025-11-20
STORE012,SKU01007,68.7,25,10,2025-11-20
STORE008,SKU01007,85.3,25,10,2025-11-20
STORE023,SKU01008,118.0,25,10,2025-11-20
STORE017,SKU01009,0.0,61,28,2025-10-15
STORE006,SKU01009,0.0,105,50,2025-10-15
STORE012,SKU01009,0.0,83,29,2025-10-15
STORE029,SKU01009,0.0,111,48,2025-10-15
STORE004,SKU01009,0.0,93,33,2025-10-15
STORE022,SKU01009,0.0,84,34,2025-10-15
STORE027,SKU01009,0.0,100,24,2025-10-15
STORE021,SKU01009,0.0,99,50,2025-10-15
STORE023,SKU01009,0.0,54,20,2025-10-15
STORE020,SKU01009,0.0,103,28,2025-10-15
STORE008,SKU01009,0.0,109,37,2025-10-15
STORE005,SKU01009,0.0,72,29,2025-10-15
STORE018,SKU01009,0.0,125,49,2025-10-15
STORE014,SKU01009,0.0,107,39,2025-10-15
STORE007,SKU01009,0.0,84,50,2025-10-15
STORE002,SKU01010,14.4,25,10,2025-11-20
STORE025,SKU01010,8.3,25,10,2025-11-20
STORE014,SKU01010,37.7,25,10,2025-11-20
STORE005,SKU01010,6.6,25,10,2025-11-20
STORE005,SKU01011,19.6,25,10,2025-11-20
STORE016,SKU01011,4.4,25,10,2025-11-20
STORE027,SKU01012,148.8,25,10,2025-11-20
STORE006,SKU01012,208.4,25,10,2025-11-20
STORE025,SKU01012,37.4,25,10,2025-11-20
STORE026,SKU01012,9.4,25,10,2025-11-20
STORE008,SKU01013,0.0,112,32,2025-10-15
STORE006,SKU01014,0.0,96,40,2025-10-15
STORE013,SKU01015,13.6,25,10,2025-11-20
STORE019,SKU01015,90.0,25,10,2025-11-20
STORE007,SKU01015,183.0,25,10,2025-11-20
STORE008,SKU01015,4.4,25,10,2025-11-20
STORE027,SKU01016,0.0,65,31,2025-10-15
STORE008,SKU01017,70.0,25,10,2025-11-20
STORE009,SKU01018,86.3,35,17,2025-11-20
STORE005,SKU01018,134.7,35,17,2025-11-20
STORE029,SKU01019,125.0,25,10,2025-11-20
STORE013,SKU01020,29.4,25,10,2025-11-20
STORE004,SKU01020,45.6,25,10,2025-11-20
STORE024,SKU01020,1.0,25,10,2025-11-20
STORE024,SKU01021,0.0,108,40,2025-10-15
STORE019,SKU01021,0.0,79,35,2025-10-15
STORE022,SKU01021,0.0,99,41,2025-10-15
STORE005,SKU01021,0.0,66,29,2025-10-15
STORE007,SKU01021,0.0,114,37,2025-10-15
STORE015,SKU01021,0.0,98,39,2025-10-15
STORE027,SKU01021,0.0,58,24,2025-10-15
STORE028,SKU01021,0.0,126,48,2025-10-15
STORE009,SKU01021,0.0,125,49,2025-10-15
STORE011,SKU01021,0.0,77,30,2025-10-15
STORE001,SKU01021,0.0,82,50,2025-10-15
STORE004,SKU01021,0.0,78,32,2025-10-15
STORE017,SKU01021,0.0,93,23,2025-10-15
STORE010,SKU01021,0.0,91,34,2025-10-15
STORE029,SKU01021,0.0,78,38,2025-10-15
STORE013,SKU01021,0.0,123,48,2025-10-15
STORE023,SKU01022,13.8,25,10,2025-11-20
STORE028,SKU01022,48.4,25,10,2025-11-20
STORE026,SKU01022,4.6,25,10,2025-11-20
STORE016,SKU01022,161.3,25,10,2025-11-20
STORE025,SKU01023,132.8,25,10,2025-11-20
STORE010,SKU01023,189.8,25,10,2025-11-20
STORE008,SKU01023,45.8,25,10,2025-11-20
STORE017,SKU01023,83.8,25,10,2025-11-20
STORE004,SKU01023,260.4,25,10,2025-11-20
STORE003,SKU01023,802.9,25,10,2025-11-20
STORE024,SKU01023,12.4,25,10,2025-11-20
STORE020,SKU01023,528.1,25,10,2025-11-20
STORE023,SKU01023,205.5,25,10,2025-11-20
STORE012,SKU01023,198.2,25,10,2025-11-20
STORE028,SKU01023,165.7,25,10,2025-11-20
STORE016,SKU01023,17.2,25,10,2025-11-20
STORE014,SKU01023,22.5,25,10,2025-11-20
STORE018,SKU01023,219.4,25,10,2025-11-20
STORE002,SKU01023,99.6,25,10,2025-11-20
STORE011,SKU01023,595.3,25,10,2025-11-20
STORE019,SKU01023,124.7,25,10,2025-11-20
STORE013,SKU01023,36.9,25,10,2025-11-20
STORE005,SKU01023,299.6,25,10,2025-11-20
STORE021,SKU01023,82.9,25,10,2025-11-20
STORE015,SKU01023,178.1,25,10,2025-11-20
STORE009,SKU01023,285.9,25,10,2025-11-20
STORE006,SKU01023,550.6,25,10,2025-11-20
STORE014,SKU01024,64.0,25,10,2025-11-20
STORE022,SKU01025,96.2,25,10,2025-11-20
STORE027,SKU01025,97.1,25,10,2025-11-20
STORE009,SKU01025,248.8,25,10,2025-11-20
STORE012,SKU01025,29.9,25,10,2025-11-20
STORE003,SKU01025,0.1,25,10,2025-11-20
STORE001,SKU01026,0.0,98,23,2025-10-15
STORE026,SKU01027,124.0,105,52,2025-11-20
STORE016,SKU01028,22.7,25,10,2025-11-20
STORE008,SKU01028,100.3,25,10,2025-11-20
STORE019,SKU01029,92.5,25,10,2025-11-20
STORE016,SKU01029,82.9,25,10,2025-11-20
STORE008,SKU01029,1.5,25,10,2025-11-20
STORE014,SKU01029,120.1,25,10,2025-11-20
STORE022,SKU01030,0.0,89,21,2025-10-15
STORE009,SKU01030,0.0,90,23,2025-10-15
STORE004,SKU01030,0.0,126,46,2025-10-15
STORE025,SKU01030,0.0,76,40,2025-10-15
STORE023,SKU01030,0.0,74,38,2025-10-15
STORE016,SKU01030,0.0,101,23,2025-10-15
STORE018,SKU01030,0.0,80,27,2025-10-15
STORE020,SKU01030,0.0,111,38,2025-10-15
STORE019,SKU01030,0.0,110,42,2025-10-15
STORE013,SKU01030,0.0,88,33,2025-10-15
STORE026,SKU01030,0.0,119,42,2025-10-15
STORE017,SKU01030,0.0,73,21,2025-10-15
STORE021,SKU01030,0.0,120,40,2025-10-15
STORE015,SKU01031,101.8,25,10,2025-11-20
STORE028,SKU01031,285.0,25,10,2025-11-20
STORE030,SKU01031,211.9,25,10,2025-11-20
STORE019,SKU01031,109.3,25,10,2025-11-20
STORE017,SKU01031,37.7,25,10,2025-11-20
STORE002,SKU01031,25.8,25,10,2025-11-20
STORE013,SKU01031,464.0,25,10,2025-11-20
STORE021,SKU01031,652.9,25,10,2025-11-20
STORE014,SKU01031,273.4,25,10,2025-11-20
STORE001,SKU01031,28.4,25,10,2025-11-20
STORE007,SKU01031,134.0,25,10,2025-11-20
STORE027,SKU01031,340.1,25,10,2025-11-20
STORE006,SKU01031,394.3,25,10,2025-11-20
STORE023,SKU01031,32.8,25,10,2025-11-20
STORE011,SKU01031,0.0,25,10,2025-11-20
STORE025,SKU01031,324.4,25,10,2025-11-20
STORE005,SKU01031,114.9,25,10,2025-11-20
STORE020,SKU01031,76.5,25,10,2025-11-20
STORE026,SKU01031,3.4,25,10,2025-11-20
STORE008,SKU01031,202.5,25,10,2025-11-20
STORE022,SKU01031,496.3,25,10,2025-11-20
STORE018,SKU01031,823.7,25,10,2025-11-20
STORE027,SKU01032,167.5,25,10,2025-11-20
STORE022,SKU01032,145.1,25,10,2025-11-20
STORE012,SKU01032,17.8,25,10,2025-11-20
STORE028,SKU01032,159.8,25,10,2025-11-20
STORE008,SKU01032,96.0,25,10,2025-11-20
STORE009,SKU01032,187.6,25,10,2025-11-20
STORE015,SKU01032,98.8,25,10,2025-11-20
STORE002,SKU01032,55.2,25,10,2025-11-20
STORE011,SKU01032,20.0,25,10,2025-11-20
STORE024,SKU01032,75.9,25,10,2025-11-20
STORE025,SKU01032,20.4,25,10,2025-11-20
STORE006,SKU01032,39.1,25,10,2025-11-20
STORE007,SKU01032,877.2,25,10,2025-11-20
STORE029,SKU01032,117.9,25,10,2025-11-20
STORE013,SKU01032,152.4,25,10,2025-11-20
STORE016,SKU01032,415.3,25,10,2025-11-20
STORE019,SKU01032,1088.0,25,10,2025-11-20
STORE021,SKU01032,175.5,25,10,2025-11-20
STORE003,SKU01032,336.1,25,10,2025-11-20
STORE026,SKU01032,79.5,25,10,2025-11-20
STORE023,SKU01032,73.3,25,10,2025-11-20
STORE014,SKU01032,103.5,25,10,2025-11-20
STORE020,SKU01032,224.1,25,10,2025-11-20
STORE020,SKU01033,190.2,25,10,2025-11-20
STORE018,SKU01033,62.8,25,10,2025-11-20
STORE024,SKU01034,50.2,25,10,2025-11-20
STORE026,SKU01034,351.4,25,10,2025-11-20
STORE027,SKU01034,48.2,25,10,2025-11-20
STORE008,SKU01034,303.4,25,10,2025-11-20
STORE011,SKU01034,415.2,25,10,2025-11-20
STORE010,SKU01034,423.5,25,10,2025-11-20
STORE004,SKU01034,491.7,25,10,2025-11-20
STORE003,SKU01034,724.2,25,10,2025-11-20
STORE021,SKU01034,243.4,25,10,2025-11-20
STORE013,SKU01034,460.1,25,10,2025-11-20
STORE029,SKU01034,339.0,25,10,2025-11-20
STORE016,SKU01034,72.5,25,10,2025-11-20
STORE006,SKU01034,9.1,25,10,2025-11-20
STORE022,SKU01034,117.6,25,10,2025-11-20
STORE007,SKU01034,205.5,25,10,2025-11-20
STORE005,SKU01034,337.1,25,10,2025-11-20
STORE014,SKU01034,666.1,25,10,2025-11-20
STORE012,SKU01034,76.7,25,10,2025-11-20
STORE016,SKU01035,0.0,82,31,2025-10-15
STORE026,SKU01036,118.0,25,10,2025-11-20
STORE015,SKU01037,0.0,109,44,2025-10-15
STORE029,SKU01037,0.0,78,37,2025-10-15
STORE012,SKU01037,0.0,101,32,2025-10-15
STORE025,SKU01037,0.0,76,42,2025-10-15
STORE006,SKU01037,0.0,61,26,2025-10-15
STORE026,SKU01037,0.0,97,22,2025-10-15
STORE011,SKU01037,0.0,111,39,2025-10-15
STORE001,SKU01037,0.0,78,32,2025-10-15
STORE004,SKU01037,0.0,99,24,2025-10-15
STORE007,SKU01037,0.0,94,30,2025-10-15
STORE019,SKU01037,0.0,86,31,2025-10-15
STORE010,SKU01037,0.0,78,24,2025-10-15
STORE017,SKU01037,0.0,100,23,2025-10-15
STORE020,SKU01037,0.0,94,46,2025-10-15
STORE020,SKU01038,1021.2,25,10,2025-11-20
STORE019,SKU01038,35.3,25,10,2025-11-20
STORE003,SKU01038,200.9,25,10,2025-11-20
STORE011,SKU01038,271.8,25,10,2025-11-20
STORE008,SKU01038,240.5,25,10,2025-11-20
STORE015,SKU01038,27.8,25,10,2025-11-20
STORE002,SKU01038,18.1,25,10,2025-11-20
STORE026,SKU01038,34.4,25,10,2025-11-20
STORE018,SKU01038,271.8,25,10,2025-11-20
STORE005,SKU01038,242.5,25,10,2025-11-20
STORE009,SKU01038,82.1,25,10,2025-11-20
STORE001,SKU01038,313.3,25,10,2025-11-20
STORE016,SKU01038,529.2,25,10,2025-11-20
STORE023,SKU01038,13.1,25,10,2025-11-20
STORE017,SKU01038,212.7,25,10,2025-11-20
STORE004,SKU01038,360.7,25,10,2025-11-20
STORE025,SKU01038,89.7,25,10,2025-11-20
STORE022,SKU01038,113.5,25,10,2025-11-20
STORE027,SKU01038,293.4,25,10,2025-11-20
STORE014,SKU01038,704.1,25,10,2025-11-20
STORE028,SKU01038,512.3,25,10,2025-11-20
STORE029,SKU01038,270.0,25,10,2025-11-20
STORE021,SKU01038,404.2,25,10,2025-11-20
STORE024,SKU01038,140.0,25,10,2025-11-20
STORE030,SKU01038,316.0,25,10,2025-11-20
STORE013,SKU01038,193.7,25,10,2025-11-20
STORE012,SKU01038,65.0,25,10,2025-11-20
STORE027,SKU01039,40.0,25,10,2025-11-20
STORE015,SKU01040,0.0,98,33,2025-10-15
STORE018,SKU01041,28.5,31,15,2025-11-20
STORE019,SKU01041,15.5,31,15,2025-11-20
STORE007,SKU01042,649.5,25,10,2025-11-20
STORE014,SKU01042,5.7,25,10,2025-11-20
STORE006,SKU01042,101.7,25,10,2025-11-20
STORE017,SKU01042,15.7,25,10,2025-11-20
STORE019,SKU01042,390.0,25,10,2025-11-20
STORE013,SKU01042,324.7,25,10,2025-11-20
STORE021,SKU01042,107.9,25,10,2025-11-20
STORE026,SKU01042,301.9,25,10,2025-11-20
STORE025,SKU01042,135.1,25,10,2025-11-20
STORE009,SKU01042,378.4,25,10,2025-11-20
STORE012,SKU01042,162.3,25,10,2025-11-20
STORE024,SKU01042,142.5,25,10,2025-11-20
STORE029,SKU01042,731.7,25,10,2025-11-20
STORE020,SKU01042,77.4,25,10,2025-11-20
STORE027,SKU01042,34.4,25,10,2025-11-20
STORE015,SKU01042,235.5,25,10,2025-11-20
STORE004,SKU01042,934.0,25,10,2025-11-20
STORE028,SKU01042,127.2,25,10,2025-11-20
STORE023,SKU01042,17.2,25,10,2025-11-20
STORE022,SKU01042,111.1,25,10,2025-11-20
STORE002,SKU01042,189.0,25,10,2025-11-20
STORE003,SKU01042,47.4,25,10,2025-11-20
STORE011,SKU01042,287.7,25,10,2025-11-20
STORE028,SKU01043,136.5,25,10,2025-11-20
STORE027,SKU01043,13.5,25,10,2025-11-20
STORE023,SKU01044,33.1,25,10,2025-11-20
STORE008,SKU01044,38.7,25,10,2025-11-20
STORE026,SKU01044,9.2,25,10,2025-11-20
STORE018,SKU01044,162.4,25,10,2025-11-20
STORE019,SKU01044,40.5,25,10,2025-11-20
STORE005,SKU01045,0.0,71,38,2025-10-15
STORE004,SKU01045,0.0,103,34,2025-10-15
STORE026,SKU01045,0.0,95,34,2025-10-15
STORE017,SKU01045,0.0,95,38,2025-10-15
STORE023,SKU01045,0.0,62,22,2025-10-15
STORE016,SKU01045,0.0,85,20,2025-10-15
STORE018,SKU01045,0.0,99,34,2025-10-15
STORE011,SKU01045,0.0,73,40,2025-10-15
STORE029,SKU01045,0.0,100,48,2025-10-15
STORE020,SKU01045,0.0,110,35,2025-10-15
STORE008,SKU01045,0.0,58,24,2025-10-15
STORE012,SKU01045,0.0,93,41,2025-10-15
STORE024,SKU01045,0.0,98,22,2025-10-15
STORE021,SKU01045,0.0,94,28,2025-10-15
STORE015,SKU01045,0.0,104,28,2025-10-15
STORE030,SKU01045,0.0,95,20,2025-10-15
STORE020,SKU01046,134.7,25,10,2025-11-20
STORE016,SKU01046,296.4,25,10,2025-11-20
STORE014,SKU01046,160.5,25,10,2025-11-20
STORE023,SKU01046,287.3,25,10,2025-11-20
STORE025,SKU01046,17.4,25,10,2025-11-20
STORE005,SKU01046,462.2,25,10,2025-11-20
STORE013,SKU01046,776.0,25,10,2025-11-20
STORE007,SKU01046,287.7,25,10,2025-11-20
STORE022,SKU01046,850.2,25,10,2025-11-20
STORE015,SKU01046,45.2,25,10,2025-11-20
STORE010,SKU01046,178.5,25,10,2025-11-20
STORE018,SKU01046,253.2,25,10,2025-11-20
STORE030,SKU01046,239.7,25,10,2025-11-20
STORE011,SKU01046,141.2,25,10,2025-11-20
STORE008,SKU01046,113.5,25,10,2025-11-20
STORE019,SKU01046,37.3,25,10,2025-11-20
STORE024,SKU01046,136.7,25,10,2025-11-20
STORE009,SKU01046,48.8,25,10,2025-11-20
STORE027,SKU01046,364.6,25,10,2025-11-20
STORE003,SKU01046,64.4,25,10,2025-11-20
STORE028,SKU01046,16.6,25,10,2025-11-20
STORE006,SKU01046,221.0,25,10,2025-11-20
STORE001,SKU01046,248.7,25,10,2025-11-20
STORE026,SKU01046,565.2,25,10,2025-11-20
STORE029,SKU01046,236.6,25,10,2025-11-20
STORE017,SKU01046,116.6,25,10,2025-11-20
STORE021,SKU01046,446.8,25,10,2025-11-20
STORE025,SKU01047,72.9,25,10,2025-11-20
STORE003,SKU01047,7.8,25,10,2025-11-20
STORE020,SKU01047,78.3,25,10,2025-11-20
STORE003,SKU01048,16.4,25,10,2025-11-20
STORE017,SKU01048,3.5,25,10,2025-11-20
STORE014,SKU01048,2.4,25,10,2025-11-20
STORE024,SKU01048,1.1,25,10,2025-11-20
STORE006,SKU01048,1.1,25,10,2025-11-20
STORE027,SKU01048,3.9,25,10,2025-11-20
STORE007,SKU01048,6.2,25,10,2025-11-20
STORE008,SKU01048,0.6,25,10,2025-11-20
STORE020,SKU01048,19.2,25,10,2025-11-20
STORE026,SKU01048,9.6,25,10,2025-11-20
STORE021,SKU01048,6.1,25,10,2025-11-20
STORE001,SKU01049,116.5,25,10,2025-11-20
STORE021,SKU01049,5.5,25,10,2025-11-20
STORE030,SKU01050,64.0,25,10,2025-11-20
STORE016,SKU01051,0.0,80,43,2025-10-15
STORE011,SKU01052,18.8,25,10,2025-11-20
STORE003,SKU01052,33.3,25,10,2025-11-20
STORE004,SKU01052,28.9,25,10,2025-11-20
STORE013,SKU01053,18.3,25,10,2025-11-20
STORE019,SKU01053,159.7,25,10,2025-11-20
STORE023,SKU01053,7.5,25,10,2025-11-20
STORE022,SKU01053,117.5,25,10,2025-11-20
STORE013,SKU01054,256.8,25,10,2025-11-20
STORE026,SKU01054,14.2,25,10,2025-11-20
STORE014,SKU01055,21.0,25,10,2025-11-20
STORE013,SKU01056,20.4,25,10,2025-11-20
STORE023,SKU01056,258.6,25,10,2025-11-20
STORE016,SKU01057,38.7,25,10,2025-11-20
STORE005,SKU01057,46.3,25,10,2025-11-20
STORE028,SKU01058,91.0,25,10,2025-11-20
STORE011,SKU01059,102.0,25,10,2025-11-20
STORE006,SKU01059,60.0,25,10,2025-11-20
STORE004,SKU01060,0.0,81,29,2025-10-15
STORE006,SKU01061,98.9,25,10,2025-11-20
STORE023,SKU01061,179.1,25,10,2025-11-20
STORE014,SKU01062,0.0,94,48,2025-10-15
STORE016,SKU01063,6.3,25,10,2025-11-20
STORE003,SKU01063,1146.4,25,10,2025-11-20
STORE006,SKU01063,25.5,25,10,2025-11-20
STORE009,SKU01063,477.1,25,10,2025-11-20
STORE013,SKU01063,93.2,25,10,2025-11-20
STORE007,SKU01063,40.2,25,10,2025-11-20
STORE008,SKU01063,164.2,25,10,2025-11-20
STORE012,SKU01063,292.6,25,10,2025-11-20
STORE021,SKU01063,135.9,25,10,2025-11-20
STORE022,SKU01063,15.9,25,10,2025-11-20
STORE029,SKU01063,259.2,25,10,2025-11-20
STORE011,SKU01063,659.2,25,10,2025-11-20
STORE015,SKU01063,136.9,25,10,2025-11-20
STORE004,SKU01063,69.1,25,10,2025-11-20
STORE027,SKU01063,165.6,25,10,2025-11-20
STORE001,SKU01063,14.0,25,10,2025-11-20
STORE010,SKU01063,486.6,25,10,2025-11-20
STORE018,SKU01063,496.0,25,10,2025-11-20
STORE030,SKU01063,251.2,25,10,2025-11-20
STORE026,SKU01063,123.4,25,10,2025-11-20
STORE028,SKU01063,455.6,25,10,2025-11-20
STORE002,SKU01063,229.2,25,10,2025-11-20
STORE020,SKU01063,495.3,25,10,2025-11-20
STORE019,SKU01063,282.8,25,10,2025-11-20
STORE005,SKU01063,434.7,25,10,2025-11-20
STORE025,SKU01063,258.6,25,10,2025-11-20
STORE014,SKU01063,151.5,25,10,2025-11-20
STORE011,SKU01064,241.1,25,10,2025-11-20
STORE013,SKU01064,59.3,25,10,2025-11-20
STORE010,SKU01064,70.7,25,10,2025-11-20
STORE001,SKU01065,16.4,25,10,2025-11-20
STORE026,SKU01065,64.6,25,10,2025-11-20
STORE029,SKU01066,129.2,25,10,2025-11-20
STORE019,SKU01066,31.1,25,10,2025-11-20
STORE012,SKU01066,9.4,25,10,2025-11-20
STORE028,SKU01066,141.3,25,10,2025-11-20
STORE003,SKU01067,203.4,25,10,2025-11-20
STORE006,SKU01067,104.5,25,10,2025-11-20
STORE007,SKU01067,36.3,25,10,2025-11-20
STORE021,SKU01067,154.8,25,10,2025-11-20
STORE020,SKU01068,30.8,25,10,2025-11-20
STORE016,SKU01068,215.2,25,10,2025-11-20
STORE006,SKU01068,65.8,25,10,2025-11-20
STORE018,SKU01068,75.3,25,10,2025-11-20
STORE007,SKU01068,83.4,25,10,2025-11-20
STORE012,SKU01068,180.5,25,10,2025-11-20
STORE004,SKU01068,19.4,25,10,2025-11-20
STORE022,SKU01068,187.2,25,10,2025-11-20
STORE005,SKU01068,264.6,25,10,2025-11-20
STORE030,SKU01068,243.7,25,10,2025-11-20
STORE025,SKU01068,178.1,25,10,2025-11-20
STORE019,SKU01068,674.5,25,10,2025-11-20
STORE028,SKU01068,58.0,25,10,2025-11-20
STORE015,SKU01068,260.1,25,10,2025-11-20
STORE027,SKU01068,23.6,25,10,2025-11-20
STORE009,SKU01068,27.2,25,10,2025-11-20
STORE003,SKU01068,314.9,25,10,2025-11-20
STORE008,SKU01068,308.1,25,10,2025-11-20
STORE001,SKU01068,776.7,25,10,2025-11-20
STORE010,SKU01068,301.3,25,10,2025-11-20
STORE021,SKU01068,1186.3,25,10,2025-11-20
STORE030,SKU01069,30.0,25,10,2025-11-20
STORE018,SKU01070,34.3,25,10,2025-11-20
STORE029,SKU01070,15.0,25,10,2025-11-20
STORE026,SKU01070,68.2,25,10,2025-11-20
STORE004,SKU01070,259.5,25,10,2025-11-20
STORE028,SKU01070,345.4,25,10,2025-11-20
STORE010,SKU01070,15.5,25,10,2025-11-20
STORE025,SKU01070,971.7,25,10,2025-11-20
STORE027,SKU01070,614.8,25,10,2025-11-20
STORE012,SKU01070,117.2,25,10,2025-11-20
STORE006,SKU01070,26.7,25,10,2025-11-20
STORE019,SKU01070,62.0,25,10,2025-11-20
STORE017,SKU01070,45.2,25,10,2025-11-20
STORE021,SKU01070,43.8,25,10,2025-11-20
STORE023,SKU01070,243.4,25,10,2025-11-20
STORE016,SKU01070,94.0,25,10,2025-11-20
STORE020,SKU01070,147.6,25,10,2025-11-20
STORE024,SKU01070,1517.4,25,10,2025-11-20
STORE003,SKU01070,383.9,25,10,2025-11-20
STORE014,SKU01070,990.8,25,10,2025-11-20
STORE030,SKU01070,51.2,25,10,2025-11-20
STORE008,SKU01070,160.3,25,10,2025-11-20
STORE009,SKU01070,269.4,25,10,2025-11-20
STORE007,SKU01070,26.6,25,10,2025-11-20
STORE022,SKU01070,1.4,25,10,2025-11-20
STORE015,SKU01070,369.6,25,10,2025-11-20
STORE001,SKU01070,341.9,25,10,2025-11-20
STORE022,SKU01071,121.5,25,10,2025-11-20
STORE018,SKU01071,154.5,25,10,2025-11-20
STORE003,SKU01071,123.4,25,10,2025-11-20
STORE011,SKU01071,5.6,25,10,2025-11-20
STORE008,SKU01072,139.3,25,10,2025-11-20
STORE012,SKU01072,66.4,25,10,2025-11-20
STORE005,SKU01072,35.3,25,10,2025-11-20
STORE008,SKU01073,208.3,25,10,2025-11-20
STORE027,SKU01073,60.7,25,10,2025-11-20
STORE016,SKU01074,106.0,25,10,2025-11-20
STORE007,SKU01075,93.1,25,10,2025-11-20
STORE026,SKU01075,122.7,25,10,2025-11-20
STORE013,SKU01075,66.4,25,10,2025-11-20
STORE002,SKU01075,25.1,25,10,2025-11-20
STORE012,SKU01075,48.5,25,10,2025-11-20
STORE027,SKU01075,392.3,25,10,2025-11-20
STORE016,SKU01075,278.0,25,10,2025-11-20
STORE022,SKU01075,194.5,25,10,2025-11-20
STORE019,SKU01075,158.3,25,10,2025-11-20
STORE004,SKU01075,627.9,25,10,2025-11-20
STORE017,SKU01075,18.5,25,10,2025-11-20
STORE003,SKU01075,80.9,25,10,2025-11-20
STORE011,SKU01075,105.8,25,10,2025-11-20
STORE020,SKU01075,374.6,25,10,2025-11-20
STORE028,SKU01075,1202.2,25,10,2025-11-20
STORE024,SKU01075,67.6,25,10,2025-11-20
STORE009,SKU01075,509.4,25,10,2025-11-20
STORE018,SKU01075,436.1,25,10,2025-11-20
STORE021,SKU01075,62.5,25,10,2025-11-20
STORE005,SKU01075,125.2,25,10,2025-11-20
STORE006,SKU01075,129.5,25,10,2025-11-20
STORE023,SKU01075,939.9,25,10,2025-11-20
STORE008,SKU01075,49.0,25,10,2025-11-20
STORE030,SKU01075,394.3,25,10,2025-11-20
STORE025,SKU01075,99.9,25,10,2025-11-20
STORE010,SKU01076,107.7,25,10,2025-11-20
STORE021,SKU01076,44.7,25,10,2025-11-20
STORE014,SKU01076,70.9,25,10,2025-11-20
STORE013,SKU01076,146.7,25,10,2025-11-20
STORE014,SKU01077,11.0,27,12,2025-11-20
STORE013,SKU01078,141.7,25,10,2025-11-20
STORE003,SKU01078,4.3,25,10,2025-11-20
STORE016,SKU01078,82.9,25,10,2025-11-20
STORE001,SKU01079,0.0,71,35,2025-10-15
STORE011,SKU01080,0.0,97,37,2025-10-15
STORE020,SKU01081,38.4,25,10,2025-11-20
STORE013,SKU01081,136.9,25,10,2025-11-20
STORE010,SKU01081,202.6,25,10,2025-11-20
STORE016,SKU01081,131.3,25,10,2025-11-20
STORE026,SKU01081,186.8,25,10,2025-11-20
STORE025,SKU01082,271.2,25,10,2025-11-20
STORE010,SKU01082,7.0,25,10,2025-11-20
STORE022,SKU01082,53.9,25,10,2025-11-20
STORE023,SKU01082,24.1,25,10,2025-11-20
STORE002,SKU01082,6.8,25,10,2025-11-20
STORE017,SKU01083,13.0,30,15,2025-11-20
STORE027,SKU01084,0.0,63,21,2025-10-15
STORE003,SKU01085,143.6,25,10,2025-11-20
STORE010,SKU01085,102.0,25,10,2025-11-20
STORE029,SKU01085,114.4,25,10,2025-11-20
STORE019,SKU01086,306.7,25,10,2025-11-20
STORE024,SKU01086,15.0,25,10,2025-11-20
STORE029,SKU01086,28.2,25,10,2025-11-20
STORE018,SKU01086,71.1,25,10,2025-11-20
STORE006,SKU01087,34.1,25,10,2025-11-20
STORE021,SKU01087,27.9,25,10,2025-11-20
STORE011,SKU01088,61.0,36,18,2025-11-20
STORE024,SKU01088,124.0,36,18,2025-11-20
STORE002,SKU01089,0.0,68,37,2025-10-15
STORE002,SKU01090,16.0,25,10,2025-11-20
STORE010,SKU01091,62.0,25,10,2025-11-20
STORE013,SKU01092,116.0,25,10,2025-11-20
STORE007,SKU01092,146.6,25,10,2025-11-20
STORE012,SKU01092,153.5,25,10,2025-11-20
STORE018,SKU01092,42.9,25,10,2025-11-20
STORE002,SKU01093,19.0,28,13,2025-11-20
STORE027,SKU01094,103.0,25,10,2025-11-20
STORE027,SKU01095,170.0,25,10,2025-11-20
STORE022,SKU01096,118.0,25,10,2025-11-20
STORE028,SKU01097,66.7,25,10,2025-11-20
STORE014,SKU01097,24.3,25,10,2025-11-20
STORE024,SKU01098,0.0,99,36,2025-10-15
STORE028,SKU01099,59.8,25,10,2025-11-20
STORE006,SKU01099,42.2,25,10,2025-11-20
STORE017,SKU01100,165.7,25,10,2025-11-20
STORE012,SKU01100,138.3,25,10,2025-11-20
STORE022,SKU01101,52.6,25,10,2025-11-20
STORE023,SKU01101,37.4,25,10,2025-11-20
STORE002,SKU01102,26.6,25,10,2025-11-20
STORE030,SKU01102,56.4,25,10,2025-11-20
STORE007,SKU01103,34.0,25,10,2025-11-20
STORE004,SKU01104,244.7,25,10,2025-11-20
STORE015,SKU01104,192.9,25,10,2025-11-20
STORE006,SKU01104,91.0,25,10,2025-11-20
STORE008,SKU01104,1.7,25,10,2025-11-20
STORE023,SKU01104,183.5,25,10,2025-11-20
STORE011,SKU01104,90.0,25,10,2025-11-20
STORE003,SKU01104,355.0,25,10,2025-11-20
STORE026,SKU01104,6.5,25,10,2025-11-20
STORE007,SKU01104,235.2,25,10,2025-11-20
STORE016,SKU01104,759.5,25,10,2025-11-20
STORE022,SKU01104,51.3,25,10,2025-11-20
STORE019,SKU01104,170.7,25,10,2025-11-20
STORE001,SKU01104,25.7,25,10,2025-11-20
STORE002,SKU01104,263.0,25,10,2025-11-20
STORE013,SKU01104,214.0,25,10,2025-11-20
STORE030,SKU01104,140.0,25,10,2025-11-20
STORE012,SKU01104,197.2,25,10,2025-11-20
STORE017,SKU01104,607.2,25,10,2025-11-20
STORE005,SKU01104,58.5,25,10,2025-11-20
STORE018,SKU01104,6.1,25,10,2025-11-20
STORE029,SKU01104,529.3,25,10,2025-11-20
STORE028,SKU01104,230.3,25,10,2025-11-20
STORE024,SKU01104,592.3,25,10,2025-11-20
STORE010,SKU01104,243.2,25,10,2025-11-20
STORE021,SKU01104,444.6,25,10,2025-11-20
STORE027,SKU01104,150.3,25,10,2025-11-20
STORE020,SKU01104,370.8,25,10,2025-11-20
STORE025,SKU01104,653.6,25,10,2025-11-20
STORE005,SKU01105,0.0,92,24,2025-10-15
STORE008,SKU01106,71.0,27,12,2025-11-20
STORE020,SKU01107,123.7,25,10,2025-11-20
STORE022,SKU01107,194.3,25,10,2025-11-20
STORE009,SKU01108,111.0,25,10,2025-11-20
STORE029,SKU01108,142.0,25,10,2025-11-20
STORE030,SKU01109,70.1,25,10,2025-11-20
STORE014,SKU01109,155.1,25,10,2025-11-20
STORE022,SKU01109,169.8,25,10,2025-11-20
STORE019,SKU01110,29.1,25,10,2025-11-20
STORE023,SKU01110,49.9,25,10,2025-11-20
STORE028,SKU01111,0.0,118,48,2025-10-15
STORE010,SKU01112,24.2,25,10,2025-11-20
STORE007,SKU01112,26.1,25,10,2025-11-20
STORE021,SKU01112,53.6,25,10,2025-11-20
STORE024,SKU01112,207.4,25,10,2025-11-20
STORE009,SKU01112,68.4,25,10,2025-11-20
STORE014,SKU01112,94.6,25,10,2025-11-20
STORE023,SKU01112,145.3,25,10,2025-11-20
STORE001,SKU01112,474.6,25,10,2025-11-20
STORE025,SKU01112,4.0,25,10,2025-11-20
STORE022,SKU01112,297.7,25,10,2025-11-20
STORE013,SKU01112,314.0,25,10,2025-11-20
STORE026,SKU01112,455.3,25,10,2025-11-20
STORE029,SKU01112,766.9,25,10,2025-11-20
STORE016,SKU01112,5.8,25,10,2025-11-20
STORE019,SKU01112,47.4,25,10,2025-11-20
STORE030,SKU01112,617.4,25,10,2025-11-20
STORE027,SKU01112,174.3,25,10,2025-11-20
STORE011,SKU01112,236.2,25,10,2025-11-20
STORE012,SKU01112,309.0,25,10,2025-11-20
STORE018,SKU01112,322.9,25,10,2025-11-20
STORE002,SKU01113,48.5,25,10,2025-11-20
STORE023,SKU01113,104.5,25,10,2025-11-20
STORE025,SKU01114,98.0,25,10,2025-11-20
STORE015,SKU01114,26.0,25,10,2025-11-20
STORE005,SKU01115,3.0,87,43,2025-11-20
STORE022,SKU01116,71.0,25,10,2025-11-20
STORE023,SKU01117,47.4,25,10,2025-11-20
STORE008,SKU01117,411.1,25,10,2025-11-20
STORE003,SKU01117,53.4,25,10,2025-11-20
STORE021,SKU01117,45.0,25,10,2025-11-20
STORE004,SKU01118,4.9,25,10,2025-11-20
STORE006,SKU01118,65.1,25,10,2025-11-20
STORE029,SKU01119,41.8,25,10,2025-11-20
STORE026,SKU01119,67.7,25,10,2025-11-20
STORE016,SKU01119,16.5,25,10,2025-11-20
STORE003,SKU01120,96.9,25,10,2025-11-20
STORE006,SKU01120,97.5,25,10,2025-11-20
STORE018,SKU01120,25.6,25,10,2025-11-20
STORE011,SKU01121,21.4,25,10,2025-11-20
STORE006,SKU01121,9.5,25,10,2025-11-20
STORE024,SKU01121,152.0,25,10,2025-11-20
STORE009,SKU01121,42.0,25,10,2025-11-20
STORE022,SKU01122,20.0,34,17,2025-11-20
STORE023,SKU01123,22.7,25,10,2025-11-20
STORE030,SKU01123,95.5,25,10,2025-11-20
STORE013,SKU01123,91.0,25,10,2025-11-20
STORE010,SKU01123,73.8,25,10,2025-11-20
STORE018,SKU01124,321.8,25,10,2025-11-20
STORE010,SKU01124,47.7,25,10,2025-11-20
STORE028,SKU01124,13.4,25,10,2025-11-20
STORE019,SKU01124,106.3,25,10,2025-11-20
STORE009,SKU01124,124.8,25,10,2025-11-20
STORE004,SKU01125,136.1,25,10,2025-11-20
STORE025,SKU01125,36.9,25,10,2025-11-20
STORE004,SKU01126,0.0,74,32,2025-10-15
STORE003,SKU01127,51.8,25,10,2025-11-20
STORE018,SKU01127,27.6,25,10,2025-11-20
STORE028,SKU01127,41.1,25,10,2025-11-20
STORE016,SKU01127,76.4,25,10,2025-11-20
STORE007,SKU01128,153.1,25,10,2025-11-20
STORE005,SKU01128,29.6,25,10,2025-11-20
STORE017,SKU01128,58.2,25,10,2025-11-20
STORE002,SKU01128,35.1,25,10,2025-11-20
STORE016,SKU01129,52.0,26,11,2025-11-20
STORE016,SKU01130,96.5,25,10,2025-11-20
STORE004,SKU01130,151.5,25,10,2025-11-20
STORE004,SKU01131,124.0,25,10,2025-11-20
STORE008,SKU01132,107.9,25,10,2025-11-20
STORE002,SKU01132,176.3,25,10,2025-11-20
STORE027,SKU01132,145.2,25,10,2025-11-20
STORE013,SKU01132,15.7,25,10,2025-11-20
STORE006,SKU01133,745.3,25,10,2025-11-20
STORE003,SKU01133,112.5,25,10,2025-11-20
STORE025,SKU01133,98.7,25,10,2025-11-20
STORE023,SKU01133,15.3,25,10,2025-11-20
STORE026,SKU01133,158.5,25,10,2025-11-20
STORE029,SKU01133,27.5,25,10,2025-11-20
STORE008,SKU01133,68.0,25,10,2025-11-20
STORE014,SKU01133,90.8,25,10,2025-11-20
STORE020,SKU01133,393.9,25,10,2025-11-20
STORE012,SKU01133,496.0,25,10,2025-11-20
STORE015,SKU01133,85.8,25,10,2025-11-20
STORE005,SKU01133,465.9,25,10,2025-11-20
STORE022,SKU01133,463.4,25,10,2025-11-20
STORE002,SKU01133,344.4,25,10,2025-11-20
STORE007,SKU01133,37.8,25,10,2025-11-20
STORE013,SKU01133,279.1,25,10,2025-11-20
STORE004,SKU01133,690.6,25,10,2025-11-20
STORE021,SKU01133,273.2,25,10,2025-11-20
STORE030,SKU01133,95.9,25,10,2025-11-20
STORE001,SKU01133,165.3,25,10,2025-11-20
STORE010,SKU01133,247.1,25,10,2025-11-20
STORE001,SKU01134,57.0,26,11,2025-11-20
STORE005,SKU01135,176.0,25,10,2025-11-20
STORE011,SKU01136,45.2,25,10,2025-11-20
STORE028,SKU01136,196.0,25,10,2025-11-20
STORE009,SKU01136,238.9,25,10,2025-11-20
STORE030,SKU01136,17.9,25,10,2025-11-20
STORE006,SKU01137,354.6,28,13,2025-11-20
STORE012,SKU01137,46.4,28,13,2025-11-20
STORE015,SKU01138,0.0,78,20,2025-10-15
STORE007,SKU01138,0.0,67,22,2025-10-15
STORE021,SKU01138,0.0,102,39,2025-10-15
STORE002,SKU01138,0.0,94,29,2025-10-15
STORE013,SKU01138,0.0,64,25,2025-10-15
STORE026,SKU01138,0.0,87,37,2025-10-15
STORE005,SKU01138,0.0,58,21,2025-10-15
STORE010,SKU01138,0.0,75,41,2025-10-15
STORE017,SKU01138,0.0,96,33,2025-10-15
STORE003,SKU01138,0.0,68,37,2025-10-15
STORE008,SKU01138,0.0,115,39,2025-10-15
STORE006,SKU01138,0.0,101,25,2025-10-15
STORE029,SKU01138,0.0,99,49,2025-10-15
STORE011,SKU01138,0.0,63,31,2025-10-15
STORE030,SKU01138,0.0,60,24,2025-10-15
STORE022,SKU01139,0.0,57,27,2025-10-15
STORE013,SKU01140,83.1,25,10,2025-11-20
STORE001,SKU01140,106.7,25,10,2025-11-20
STORE019,SKU01140,128.0,25,10,2025-11-20
STORE002,SKU01140,223.2,25,10,2025-11-20
STORE027,SKU01141,0.0,111,32,2025-10-15
STORE019,SKU01142,41.3,25,10,2025-11-20
STORE004,SKU01142,215.2,25,10,2025-11-20
STORE028,SKU01142,15.5,25,10,2025-11-20
STORE008,SKU01143,3.0,25,10,2025-11-20
STORE025,SKU01144,118.9,25,10,2025-11-20
STORE021,SKU01144,99.4,25,10,2025-11-20
STORE002,SKU01144,25.5,25,10,2025-11-20
STORE019,SKU01144,181.2,25,10,2025-11-20
STORE018,SKU01145,345.9,25,10,2025-11-20
STORE003,SKU01145,103.1,25,10,2025-11-20
STORE001,SKU01146,119.4,25,10,2025-11-20
STORE021,SKU01146,60.9,25,10,2025-11-20
STORE027,SKU01146,178.6,25,10,2025-11-20
STORE030,SKU01146,45.7,25,10,2025-11-20
STORE016,SKU01146,17.4,25,10,2025-11-20
STORE030,SKU01147,69.4,25,10,2025-11-20
STORE019,SKU01147,30.5,25,10,2025-11-20
STORE021,SKU01147,8.0,25,10,2025-11-20
STORE013,SKU01148,64.0,25,10,2025-11-20
STORE010,SKU01149,32.0,25,10,2025-11-20
STORE022,SKU01150,15.1,25,10,2025-11-20
STORE020,SKU01150,10.1,25,10,2025-11-20
STORE013,SKU01150,28.8,25,10,2025-11-20
STORE015,SKU01151,145.3,25,10,2025-11-20
STORE030,SKU01151,101.5,25,10,2025-11-20
STORE024,SKU01151,9.1,25,10,2025-11-20
STORE008,SKU01152,0.0,72,24,2025-10-15
STORE022,SKU01152,0.0,116,40,2025-10-15
STORE016,SKU01152,0.0,79,25,2025-10-15
STORE020,SKU01152,0.0,68,28,2025-10-15
STORE009,SKU01152,0.0,108,31,2025-10-15
STORE012,SKU01152,0.0,77,20,2025-10-15
STORE021,SKU01152,0.0,94,45,2025-10-15
STORE015,SKU01152,0.0,56,24,2025-10-15
STORE028,SKU01152,0.0,90,34,2025-10-15
STORE005,SKU01152,0.0,106,42,2025-10-15
STORE023,SKU01152,0.0,91,47,2025-10-15
STORE018,SKU01152,0.0,70,32,2025-10-15
STORE025,SKU01152,0.0,116,46,2025-10-15
STORE030,SKU01152,0.0,74,31,2025-10-15
STORE013,SKU01153,0.0,92,26,2025-10-15
STORE014,SKU01153,0.0,102,26,2025-10-15
STORE029,SKU01153,0.0,121,41,2025-10-15
STORE015,SKU01153,0.0,92,39,2025-10-15
STORE024,SKU01153,0.0,107,48,2025-10-15
STORE027,SKU01153,0.0,115,37,2025-10-15
STORE025,SKU01153,0.0,101,45,2025-10-15
STORE030,SKU01153,0.0,102,31,2025-10-15
STORE026,SKU01153,0.0,72,29,2025-10-15
STORE012,SKU01153,0.0,71,32,2025-10-15
STORE011,SKU01153,0.0,71,35,2025-10-15
STORE020,SKU01153,0.0,108,37,2025-10-15
STORE023,SKU01153,0.0,83,34,2025-10-15
STORE005,SKU01153,0.0,127,48,2025-10-15
STORE007,SKU01153,0.0,116,47,2025-10-15
STORE004,SKU01153,0.0,66,33,2025-10-15
STORE022,SKU01153,0.0,69,26,2025-10-15
STORE021,SKU01153,0.0,95,30,2025-10-15
STORE029,SKU01154,101.3,25,10,2025-11-20
STORE006,SKU01154,61.7,25,10,2025-11-20
STORE022,SKU01155,90.3,25,10,2025-11-20
STORE013,SKU01155,34.1,25,10,2025-11-20
STORE030,SKU01155,159.9,25,10,2025-11-20
STORE017,SKU01155,97.7,25,10,2025-11-20
STORE014,SKU01156,35.3,25,10,2025-11-20
STORE006,SKU01156,154.7,25,10,2025-11-20
STORE015,SKU01157,180.2,25,10,2025-11-20
STORE001,SKU01157,4.0,25,10,2025-11-20
STORE023,SKU01157,269.8,25,10,2025-11-20
STORE007,SKU01158,148.5,25,10,2025-11-20
STORE013,SKU01158,130.3,25,10,2025-11-20
STORE019,SKU01158,41.2,25,10,2025-11-20
STORE022,SKU01159,64.0,65,32,2025-11-20
STORE006,SKU01160,283.2,25,10,2025-11-20
STORE009,SKU01160,35.2,25,10,2025-11-20
STORE024,SKU01160,148.5,25,10,2025-11-20
STORE022,SKU01161,120.0,25,10,2025-11-20
STORE019,SKU01162,173.5,25,10,2025-11-20
STORE025,SKU01162,12.5,25,10,2025-11-20
STORE005,SKU01163,23.2,25,10,2025-11-20
STORE021,SKU01163,110.1,25,10,2025-11-20
STORE013,SKU01163,13.6,25,10,2025-11-20
STORE019,SKU01163,13.1,25,10,2025-11-20
STORE026,SKU01164,11.5,25,10,2025-11-20
STORE030,SKU01164,20.1,25,10,2025-11-20
STORE007,SKU01164,15.9,25,10,2025-11-20
STORE005,SKU01164,57.8,25,10,2025-11-20
STORE014,SKU01164,19.2,25,10,2025-11-20
STORE011,SKU01164,19.3,25,10,2025-11-20
STORE015,SKU01164,4.1,25,10,2025-11-20
STORE008,SKU01164,110.8,25,10,2025-11-20
STORE027,SKU01164,7.9,25,10,2025-11-20
STORE016,SKU01164,2.1,25,10,2025-11-20
STORE025,SKU01164,29.7,25,10,2025-11-20
STORE017,SKU01164,24.7,25,10,2025-11-20
STORE024,SKU01165,41.5,25,10,2025-11-20
STORE021,SKU01165,42.5,25,10,2025-11-20
STORE029,SKU01165,119.0,25,10,2025-11-20
STORE002,SKU01166,0.0,77,41,2025-10-15
STORE026,SKU01167,40.9,25,10,2025-11-20
STORE003,SKU01167,322.2,25,10,2025-11-20
STORE029,SKU01167,196.4,25,10,2025-11-20
STORE001,SKU01167,101.9,25,10,2025-11-20
STORE027,SKU01167,115.0,25,10,2025-11-20
STORE002,SKU01167,55.7,25,10,2025-11-20
STORE011,SKU01167,261.8,25,10,2025-11-20
STORE028,SKU01167,135.0,25,10,2025-11-20
STORE024,SKU01167,72.6,25,10,2025-11-20
STORE012,SKU01167,170.2,25,10,2025-11-20
STORE007,SKU01167,1024.4,25,10,2025-11-20
STORE005,SKU01167,107.3,25,10,2025-11-20
STORE020,SKU01167,475.7,25,10,2025-11-20
STORE010,SKU01167,79.4,25,10,2025-11-20
STORE023,SKU01167,10.6,25,10,2025-11-20
STORE006,SKU01167,42.9,25,10,2025-11-20
STORE017,SKU01167,101.8,25,10,2025-11-20
STORE015,SKU01167,46.6,25,10,2025-11-20
STORE014,SKU01167,0.0,25,10,2025-11-20
STORE008,SKU01167,462.7,25,10,2025-11-20
STORE016,SKU01168,29.5,25,10,2025-11-20
STORE011,SKU01168,21.5,25,10,2025-11-20
STORE023,SKU01169,62.0,25,10,2025-11-20
STORE006,SKU01169,43.3,25,10,2025-11-20
STORE010,SKU01169,23.6,25,10,2025-11-20
STORE010,SKU01170,8.7,25,10,2025-11-20
STORE004,SKU01170,17.8,25,10,2025-11-20
STORE026,SKU01170,3.8,25,10,2025-11-20
STORE018,SKU01170,0.9,25,10,2025-11-20
STORE006,SKU01170,4.8,25,10,2025-11-20
STORE005,SKU01170,2.9,25,10,2025-11-20
STORE028,SKU01170,3.2,25,10,2025-11-20
STORE014,SKU01170,6.6,25,10,2025-11-20
STORE029,SKU01170,8.6,25,10,2025-11-20
STORE027,SKU01170,0.8,25,10,2025-11-20
STORE020,SKU01170,0.2,25,10,2025-11-20
STORE023,SKU01170,34.9,25,10,2025-11-20
STORE024,SKU01170,1.8,25,10,2025-11-20
STORE016,SKU01170,0.4,25,10,2025-11-20
STORE009,SKU01170,1.4,25,10,2025-11-20
STORE012,SKU01170,0.3,25,10,2025-11-20
STORE028,SKU01171,0.0,93,48,2025-10-15
STORE004,SKU01172,117.0,25,10,2025-11-20
STORE022,SKU01173,0.0,89,50,2025-10-15
STORE030,SKU01174,408.6,25,10,2025-11-20
STORE015,SKU01174,105.2,25,10,2025-11-20
STORE004,SKU01174,148.0,25,10,2025-11-20
STORE025,SKU01174,283.7,25,10,2025-11-20
STORE002,SKU01174,179.2,25,10,2025-11-20
STORE005,SKU01174,498.1,25,10,2025-11-20
STORE013,SKU01174,506.6,25,10,2025-11-20
STORE016,SKU01174,2.5,25,10,2025-11-20
STORE024,SKU01174,379.3,25,10,2025-11-20
STORE023,SKU01174,155.6,25,10,2025-11-20
STORE006,SKU01174,1132.8,25,10,2025-11-20
STORE001,SKU01174,166.4,25,10,2025-11-20
STORE012,SKU01174,1092.4,25,10,2025-11-20
STORE029,SKU01174,354.0,25,10,2025-11-20
STORE020,SKU01174,72.0,25,10,2025-11-20
STORE008,SKU01174,194.8,25,10,2025-11-20
STORE019,SKU01174,1221.0,25,10,2025-11-20
STORE017,SKU01174,491.0,25,10,2025-11-20
STORE011,SKU01174,25.8,25,10,2025-11-20
STORE010,SKU01174,308.8,25,10,2025-11-20
STORE021,SKU01174,106.8,25,10,2025-11-20
STORE018,SKU01174,1.8,25,10,2025-11-20
STORE026,SKU01174,130.2,25,10,2025-11-20
STORE003,SKU01174,67.4,25,10,2025-11-20
STORE014,SKU01174,430.5,25,10,2025-11-20
STORE022,SKU01174,103.7,25,10,2025-11-20
STORE027,SKU01174,442.9,25,10,2025-11-20
STORE007,SKU01174,0.2,25,10,2025-11-20
STORE028,SKU01174,92.7,25,10,2025-11-20
STORE022,SKU01175,132.4,25,10,2025-11-20
STORE013,SKU01175,127.6,25,10,2025-11-20
STORE030,SKU01176,30.4,25,10,2025-11-20
STORE005,SKU01176,89.1,25,10,2025-11-20
STORE004,SKU01176,348.6,25,10,2025-11-20
STORE030,SKU01177,19.1,25,10,2025-11-20
STORE026,SKU01177,29.9,25,10,2025-11-20
STORE022,SKU01178,1.0,25,10,2025-11-20
STORE007,SKU01179,0.0,120,50,2025-10-15
STORE011,SKU01180,0.0,104,29,2025-10-15
STORE026,SKU01181,86.4,25,10,2025-11-20
STORE003,SKU01181,97.6,25,10,2025-11-20
STORE012,SKU01182,85.0,44,22,2025-11-20
STORE020,SKU01183,17.0,25,10,2025-11-20
STORE026,SKU01183,4.8,25,10,2025-11-20
STORE016,SKU01183,130.2,25,10,2025-11-20
STORE001,SKU01184,1.2,25,10,2025-11-20
STORE020,SKU01184,6.8,25,10,2025-11-20
STORE029,SKU01185,48.3,25,10,2025-11-20
STORE019,SKU01185,52.7,25,10,2025-11-20
STORE014,SKU01186,23.9,25,10,2025-11-20
STORE006,SKU01186,203.7,25,10,2025-11-20
STORE012,SKU01186,17.4,25,10,2025-11-20
STORE028,SKU01187,243.4,25,10,2025-11-20
STORE009,SKU01187,31.9,25,10,2025-11-20
STORE007,SKU01187,17.7,25,10,2025-11-20
STORE017,SKU01188,115.3,25,10,2025-11-20
STORE009,SKU01188,10.1,25,10,2025-11-20
STORE029,SKU01188,82.6,25,10,2025-11-20
STORE030,SKU01189,1.0,31,15,2025-11-20
STORE001,SKU01189,0.1,31,15,2025-11-20
STORE016,SKU01189,4.1,31,15,2025-11-20
STORE011,SKU01189,0.4,31,15,2025-11-20
STORE006,SKU01189,2.6,31,15,2025-11-20
STORE002,SKU01189,0.2,31,15,2025-11-20
STORE021,SKU01189,2.6,31,15,2025-11-20
STORE008,SKU01189,0.0,31,15,2025-11-20
STORE010,SKU01189,1.0,31,15,2025-11-20
STORE009,SKU01189,2.0,31,15,2025-11-20
STORE015,SKU01190,30.9,31,15,2025-11-20
STORE014,SKU01190,27.1,31,15,2025-11-20
STORE011,SKU01191,591.2,25,10,2025-11-20
STORE002,SKU01191,756.2,25,10,2025-11-20
STORE009,SKU01191,76.7,25,10,2025-11-20
STORE024,SKU01191,115.4,25,10,2025-11-20
STORE025,SKU01191,117.7,25,10,2025-11-20
STORE022,SKU01191,163.4,25,10,2025-11-20
STORE015,SKU01191,172.5,25,10,2025-11-20
STORE026,SKU01191,271.5,25,10,2025-11-20
STORE003,SKU01191,60.1,25,10,2025-11-20
STORE030,SKU01191,405.6,25,10,2025-11-20
STORE018,SKU01191,63.3,25,10,2025-11-20
STORE029,SKU01191,128.2,25,10,2025-11-20
STORE005,SKU01191,241.6,25,10,2025-11-20
STORE001,SKU01191,549.4,25,10,2025-11-20
STORE017,SKU01191,464.2,25,10,2025-11-20
STORE020,SKU01191,358.0,25,10,2025-11-20
STORE013,SKU01192,0.0,86,26,2025-10-15
STORE013,SKU01193,115.0,31,15,2025-11-20
STORE013,SKU01194,201.9,25,10,2025-11-20
STORE002,SKU01194,23.3,25,10,2025-11-20
STORE023,SKU01194,120.8,25,10,2025-11-20
STORE022,SKU01195,69.3,25,10,2025-11-20
STORE009,SKU01195,5.3,25,10,2025-11-20
STORE023,SKU01195,41.6,25,10,2025-11-20
STORE013,SKU01195,404.8,25,10,2025-11-20
STORE011,SKU01196,149.8,25,10,2025-11-20
STORE012,SKU01196,21.2,25,10,2025-11-20
STORE026,SKU01197,0.0,116,36,2025-10-15
STORE014,SKU01198,0.0,108,33,2025-10-15
STORE011,SKU01199,10.7,25,10,2025-11-20
STORE005,SKU01199,47.8,25,10,2025-11-20
STORE012,SKU01199,120.6,25,10,2025-11-20
STORE024,SKU01200,588.1,25,10,2025-11-20
STORE009,SKU01200,30.3,25,10,2025-11-20
STORE018,SKU01200,287.2,25,10,2025-11-20
STORE007,SKU01200,22.9,25,10,2025-11-20
STORE016,SKU01200,792.2,25,10,2025-11-20
STORE010,SKU01200,95.7,25,10,2025-11-20
STORE029,SKU01200,297.4,25,10,2025-11-20
STORE003,SKU01200,83.6,25,10,2025-11-20
STORE015,SKU01200,196.8,25,10,2025-11-20
STORE023,SKU01200,42.5,25,10,2025-11-20
STORE011,SKU01200,31.4,25,10,2025-11-20
STORE017,SKU01200,554.1,25,10,2025-11-20
STORE004,SKU01200,497.4,25,10,2025-11-20
STORE001,SKU01200,435.2,25,10,2025-11-20
STORE005,SKU01200,195.6,25,10,2025-11-20
STORE013,SKU01200,329.0,25,10,2025-11-20
STORE022,SKU01200,14.3,25,10,2025-11-20
STORE002,SKU01200,81.2,25,10,2025-11-20
STORE008,SKU01201,42.4,25,10,2025-11-20
STORE003,SKU01201,113.6,25,10,2025-11-20
STORE006,SKU01202,100.0,25,10,2025-11-20
STORE012,SKU01203,13.1,25,10,2025-11-20
STORE003,SKU01203,74.1,25,10,2025-11-20
STORE005,SKU01203,137.5,25,10,2025-11-20
STORE019,SKU01203,39.3,25,10,2025-11-20
STORE026,SKU01204,42.0,25,10,2025-11-20
STORE008,SKU01205,82.0,25,10,2025-11-20
STORE025,SKU01205,101.5,25,10,2025-11-20
STORE003,SKU01205,133.5,25,10,2025-11-20
STORE028,SKU01206,151.7,25,10,2025-11-20
STORE003,SKU01206,135.3,25,10,2025-11-20
STORE001,SKU01207,154.6,25,10,2025-11-20
STORE024,SKU01207,58.4,25,10,2025-11-20
STORE001,SKU01208,161.1,25,10,2025-11-20
STORE024,SKU01208,21.2,25,10,2025-11-20
STORE026,SKU01208,58.7,25,10,2025-11-20
STORE011,SKU01209,59.0,35,17,2025-11-20
STORE028,SKU01210,30.4,25,10,2025-11-20
STORE030,SKU01210,17.8,25,10,2025-11-20
STORE020,SKU01210,328.8,25,10,2025-11-20
STORE003,SKU01211,54.2,25,10,2025-11-20
STORE005,SKU01211,148.5,25,10,2025-11-20
STORE019,SKU01211,3.3,25,10,2025-11-20
STORE021,SKU01212,0.0,109,50,2025-10-15
STORE021,SKU01213,149.5,25,10,2025-11-20
STORE028,SKU01213,48.5,25,10,2025-11-20
STORE011,SKU01214,0.0,117,45,2025-10-15
STORE004,SKU01215,21.7,25,10,2025-11-20
STORE020,SKU01215,355.3,25,10,2025-11-20
STORE004,SKU01216,68.3,25,10,2025-11-20
STORE002,SKU01216,121.3,25,10,2025-11-20
STORE023,SKU01216,20.8,25,10,2025-11-20
STORE005,SKU01216,39.5,25,10,2025-11-20
STORE007,SKU01217,103.0,28,13,2025-11-20
STORE030,SKU01218,5.8,25,10,2025-11-20
STORE024,SKU01218,150.2,25,10,2025-11-20
STORE030,SKU01219,0.0,63,22,2025-10-15
STORE003,SKU01220,212.0,27,12,2025-11-20
STORE023,SKU01221,4.0,33,16,2025-11-20
STORE003,SKU01222,13.9,25,10,2025-11-20
STORE001,SKU01222,38.9,25,10,2025-11-20
STORE014,SKU01222,275.2,25,10,2025-11-20
STORE026,SKU01223,61.0,29,14,2025-11-20
STORE022,SKU01224,263.0,25,10,2025-11-20
STORE008,SKU01224,18.0,25,10,2025-11-20
STORE007,SKU01225,53.2,25,10,2025-11-20
STORE002,SKU01225,31.1,25,10,2025-11-20
STORE023,SKU01225,84.9,25,10,2025-11-20
STORE003,SKU01225,31.8,25,10,2025-11-20
STORE013,SKU01226,92.0,32,16,2025-11-20
STORE011,SKU01227,12.5,25,10,2025-11-20
STORE021,SKU01227,10.4,25,10,2025-11-20
STORE017,SKU01227,142.1,25,10,2025-11-20
STORE007,SKU01228,23.8,25,10,2025-11-20
STORE016,SKU01228,27.9,25,10,2025-11-20
STORE027,SKU01228,85.4,25,10,2025-11-20
STORE007,SKU01229,92.2,25,10,2025-11-20
STORE023,SKU01229,676.9,25,10,2025-11-20
STORE016,SKU01229,298.4,25,10,2025-11-20
STORE020,SKU01229,202.7,25,10,2025-11-20
STORE029,SKU01229,474.1,25,10,2025-11-20
STORE006,SKU01229,11.3,25,10,2025-11-20
STORE028,SKU01229,66.2,25,10,2025-11-20
STORE010,SKU01229,139.4,25,10,2025-11-20
STORE022,SKU01229,57.4,25,10,2025-11-20
STORE019,SKU01229,303.5,25,10,2025-11-20
STORE002,SKU01229,560.6,25,10,2025-11-20
STORE015,SKU01229,122.8,25,10,2025-11-20
STORE025,SKU01229,93.3,25,10,2025-11-20
STORE017,SKU01229,726.1,25,10,2025-11-20
STORE001,SKU01229,131.1,25,10,2025-11-20
STORE027,SKU01229,149.6,25,10,2025-11-20
STORE003,SKU01229,96.6,25,10,2025-11-20
STORE004,SKU01229,535.4,25,10,2025-11-20
STORE005,SKU01229,187.5,25,10,2025-11-20
STORE014,SKU01229,320.0,25,10,2025-11-20
STORE009,SKU01229,372.2,25,10,2025-11-20
STORE013,SKU01229,93.2,25,10,2025-11-20
STORE021,SKU01229,126.7,25,10,2025-11-20
STORE018,SKU01229,420.5,25,10,2025-11-20
STORE025,SKU01230,37.3,25,10,2025-11-20
STORE003,SKU01230,130.6,25,10,2025-11-20
STORE007,SKU01230,234.0,25,10,2025-11-20
STORE006,SKU01231,25.0,25,10,2025-11-20
STORE028,SKU01232,20.0,90,45,2025-11-20
STORE011,SKU01233,0.0,88,44,2025-10-15
STORE006,SKU01234,114.0,25,10,2025-11-20
STORE013,SKU01234,130.0,25,10,2025-11-20
STORE021,SKU01235,67.0,25,10,2025-11-20
STORE027,SKU01235,7.0,25,10,2025-11-20
STORE019,SKU01236,73.0,25,10,2025-11-20
STORE010,SKU01236,159.0,25,10,2025-11-20
STORE020,SKU01237,56.3,25,10,2025-11-20
STORE014,SKU01237,130.1,25,10,2025-11-20
STORE017,SKU01237,41.6,25,10,2025-11-20
STORE021,SKU01238,130.7,25,10,2025-11-20
STORE010,SKU01238,26.8,25,10,2025-11-20
STORE007,SKU01238,179.5,25,10,2025-11-20
STORE014,SKU01239,0.0,80,28,2025-10-15
STORE024,SKU01240,0.0,90,27,2025-10-15
STORE001,SKU01241,160.6,25,10,2025-11-20
STORE021,SKU01241,46.4,25,10,2025-11-20
STORE029,SKU01242,50.5,25,10,2025-11-20
STORE022,SKU01242,202.1,25,10,2025-11-20
STORE009,SKU01242,96.4,25,10,2025-11-20
STORE010,SKU01243,202.0,35,17,2025-11-20
STORE025,SKU01244,0.0,59,25,2025-10-15
STORE002,SKU01245,0.0,83,22,2025-10-15
STORE012,SKU01246,65.9,25,10,2025-11-20
STORE029,SKU01246,24.2,25,10,2025-11-20
STORE024,SKU01246,60.7,25,10,2025-11-20
STORE002,SKU01246,10.7,25,10,2025-11-20
STORE020,SKU01246,12.4,25,10,2025-11-20
STORE025,SKU01247,232.5,25,10,2025-11-20
STORE027,SKU01247,75.8,25,10,2025-11-20
STORE014,SKU01247,125.1,25,10,2025-11-20
STORE003,SKU01247,29.6,25,10,2025-11-20
STORE022,SKU01248,82.0,89,44,2025-11-20
STORE025,SKU01249,16.0,25,10,2025-11-20
STORE029,SKU01249,28.0,25,10,2025-11-20
STORE023,SKU01250,22.0,25,10,2025-11-20
STORE015,SKU01251,1.8,25,10,2025-11-20
STORE001,SKU01251,168.4,25,10,2025-11-20
STORE024,SKU01251,12.4,25,10,2025-11-20
STORE022,SKU01251,48.4,25,10,2025-11-20
STORE003,SKU01252,0.0,97,30,2025-10-15
STORE025,SKU01253,115.8,25,10,2025-11-20
STORE030,SKU01253,50.7,25,10,2025-11-20
STORE012,SKU01253,10.5,25,10,2025-11-20
STORE023,SKU01254,105.6,25,10,2025-11-20
STORE022,SKU01254,74.4,25,10,2025-11-20
STORE020,SKU01255,80.3,36,18,2025-11-20
STORE022,SKU01255,89.7,36,18,2025-11-20
STORE003,SKU01256,250.2,25,10,2025-11-20
STORE019,SKU01256,57.6,25,10,2025-11-20
STORE009,SKU01256,28.2,25,10,2025-11-20
STORE024,SKU01257,142.5,25,10,2025-11-20
STORE027,SKU01257,9.7,25,10,2025-11-20
STORE011,SKU01257,310.5,25,10,2025-11-20
STORE015,SKU01257,17.3,25,10,2025-11-20
STORE012,SKU01258,16.5,25,10,2025-11-20
STORE024,SKU01258,70.1,25,10,2025-11-20
STORE026,SKU01258,37.7,25,10,2025-11-20
STORE016,SKU01258,20.7,25,10,2025-11-20
STORE012,SKU01259,36.2,25,10,2025-11-20
STORE016,SKU01259,108.8,25,10,2025-11-20
STORE010,SKU01260,0.0,105,44,2025-10-15
STORE011,SKU01261,18.0,25,10,2025-11-20
STORE018,SKU01261,88.0,25,10,2025-11-20
STORE024,SKU01262,9.8,25,10,2025-11-20
STORE007,SKU01262,159.8,25,10,2025-11-20
STORE008,SKU01262,200.4,25,10,2025-11-20
STORE019,SKU01263,273.0,35,17,2025-11-20
STORE006,SKU01264,165.3,25,10,2025-11-20
STORE002,SKU01264,53.2,25,10,2025-11-20
STORE023,SKU01264,360.2,25,10,2025-11-20
STORE012,SKU01264,225.2,25,10,2025-11-20
STORE014,SKU01264,296.3,25,10,2025-11-20
STORE015,SKU01264,64.3,25,10,2025-11-20
STORE025,SKU01264,69.9,25,10,2025-11-20
STORE011,SKU01264,12.5,25,10,2025-11-20
STORE013,SKU01264,114.2,25,10,2025-11-20
STORE024,SKU01264,241.0,25,10,2025-11-20
STORE021,SKU01264,573.3,25,10,2025-11-20
STORE020,SKU01264,323.0,25,10,2025-11-20
STORE005,SKU01264,167.9,25,10,2025-11-20
STORE018,SKU01264,899.0,25,10,2025-11-20
STORE022,SKU01264,373.2,25,10,2025-11-20
STORE007,SKU01264,781.9,25,10,2025-11-20
STORE001,SKU01264,220.3,25,10,2025-11-20
STORE003,SKU01264,88.0,25,10,2025-11-20
STORE030,SKU01264,15.9,25,10,2025-11-20
STORE019,SKU01264,380.4,25,10,2025-11-20
STORE028,SKU01265,99.0,25,10,2025-11-20
STORE021,SKU01266,37.8,25,10,2025-11-20
STORE005,SKU01266,79.7,25,10,2025-11-20
STORE013,SKU01266,87.2,25,10,2025-11-20
STORE012,SKU01266,96.3,25,10,2025-11-20
STORE001,SKU01267,89.9,25,10,2025-11-20
STORE014,SKU01267,236.1,25,10,2025-11-20
STORE026,SKU01268,59.2,25,10,2025-11-20
STORE027,SKU01268,215.8,25,10,2025-11-20
STORE022,SKU01268,80.2,25,10,2025-11-20
STORE029,SKU01268,157.8,25,10,2025-11-20
STORE006,SKU01269,48.0,25,10,2025-11-20
STORE005,SKU01269,30.0,25,10,2025-11-20
STORE019,SKU01270,29.6,25,10,2025-11-20
STORE006,SKU01270,152.3,25,10,2025-11-20
STORE007,SKU01270,135.3,25,10,2025-11-20
STORE004,SKU01270,127.8,25,10,2025-11-20
STORE001,SKU01271,80.7,25,10,2025-11-20
STORE013,SKU01271,90.3,25,10,2025-11-20
STORE016,SKU01272,38.2,25,10,2025-11-20
STORE005,SKU01272,68.8,25,10,2025-11-20
STORE009,SKU01273,186.0,26,11,2025-11-20
STORE011,SKU01274,0.0,74,41,2025-10-15
STORE007,SKU01274,0.0,67,31,2025-10-15
STORE001,SKU01274,0.0,72,22,2025-10-15
STORE016,SKU01274,0.0,102,42,2025-10-15
STORE013,SKU01274,0.0,87,39,2025-10-15
STORE006,SKU01274,0.0,69,24,2025-10-15
STORE010,SKU01274,0.0,97,36,2025-10-15
STORE018,SKU01274,0.0,88,45,2025-10-15
STORE009,SKU01274,0.0,94,33,2025-10-15
STORE008,SKU01274,0.0,69,20,2025-10-15
STORE029,SKU01274,0.0,80,40,2025-10-15
STORE027,SKU01274,0.0,100,30,2025-10-15
STORE019,SKU01274,0.0,102,29,2025-10-15
STORE014,SKU01274,0.0,96,39,2025-10-15
STORE017,SKU01274,0.0,76,39,2025-10-15
STORE023,SKU01274,0.0,77,39,2025-10-15
STORE003,SKU01274,0.0,84,36,2025-10-15
STORE021,SKU01274,0.0,106,30,2025-10-15
STORE012,SKU01275,215.3,25,10,2025-11-20
STORE026,SKU01275,27.0,25,10,2025-11-20
STORE023,SKU01275,11.7,25,10,2025-11-20
STORE028,SKU01276,29.4,25,10,2025-11-20
STORE005,SKU01276,55.1,25,10,2025-11-20
STORE012,SKU01276,29.5,25,10,2025-11-20
STORE019,SKU01277,62.8,25,10,2025-11-20
STORE016,SKU01277,158.2,25,10,2025-11-20
STORE003,SKU01278,27.5,26,11,2025-11-20
STORE001,SKU01278,174.3,26,11,2025-11-20
STORE015,SKU01278,165.2,26,11,2025-11-20
STORE012,SKU01279,0.0,78,33,2025-10-15
STORE007,SKU01280,102.9,25,10,2025-11-20
STORE011,SKU01280,58.6,25,10,2025-11-20
STORE023,SKU01280,197.0,25,10,2025-11-20
STORE008,SKU01280,5.5,25,10,2025-11-20
STORE030,SKU01281,81.3,28,13,2025-11-20
STORE028,SKU01281,51.7,28,13,2025-11-20
STORE029,SKU01282,337.2,25,10,2025-11-20
STORE011,SKU01282,1.6,25,10,2025-11-20
STORE021,SKU01282,107.2,25,10,2025-11-20
STORE030,SKU01283,95.2,25,10,2025-11-20
STORE029,SKU01283,46.8,25,10,2025-11-20
STORE016,SKU01284,81.0,27,12,2025-11-20
STORE026,SKU01285,0.0,93,28,2025-10-15
STORE011,SKU01286,96.0,25,10,2025-11-20
STORE019,SKU01287,356.6,25,10,2025-11-20
STORE026,SKU01287,465.3,25,10,2025-11-20
STORE011,SKU01287,131.9,25,10,2025-11-20
STORE023,SKU01287,322.8,25,10,2025-11-20
STORE007,SKU01287,273.9,25,10,2025-11-20
STORE005,SKU01287,38.0,25,10,2025-11-20
STORE028,SKU01287,54.8,25,10,2025-11-20
STORE021,SKU01287,887.7,25,10,2025-11-20
STORE030,SKU01287,134.0,25,10,2025-11-20
STORE008,SKU01287,106.0,25,10,2025-11-20
STORE022,SKU01287,343.5,25,10,2025-11-20
STORE027,SKU01287,715.4,25,10,2025-11-20
STORE020,SKU01287,31.2,25,10,2025-11-20
STORE016,SKU01287,420.1,25,10,2025-11-20
STORE017,SKU01287,62.0,25,10,2025-11-20
STORE015,SKU01287,18.1,25,10,2025-11-20
STORE001,SKU01287,26.5,25,10,2025-11-20
STORE006,SKU01287,877.8,25,10,2025-11-20
STORE009,SKU01287,61.3,25,10,2025-11-20
STORE002,SKU01287,22.6,25,10,2025-11-20
STORE029,SKU01287,281.5,25,10,2025-11-20
STORE025,SKU01288,140.0,25,10,2025-11-20
STORE005,SKU01289,58.0,27,12,2025-11-20
STORE020,SKU01290,168.8,25,10,2025-11-20
STORE011,SKU01290,12.6,25,10,2025-11-20
STORE003,SKU01290,183.7,25,10,2025-11-20
STORE017,SKU01291,0.0,94,35,2025-10-15
STORE020,SKU01292,150.0,25,10,2025-11-20
STORE029,SKU01293,60.9,46,23,2025-11-20
STORE024,SKU01293,29.1,46,23,2025-11-20
STORE009,SKU01294,33.9,25,10,2025-11-20
STORE003,SKU01294,10.1,25,10,2025-11-20
STORE015,SKU01295,25.2,25,10,2025-11-20
STORE013,SKU01295,5.8,25,10,2025-11-20
STORE025,SKU01296,46.9,25,10,2025-11-20
STORE007,SKU01296,109.1,25,10,2025-11-20
STORE026,SKU01297,51.6,35,17,2025-11-20
STORE025,SKU01297,29.4,35,17,2025-11-20
STORE009,SKU01298,54.9,25,10,2025-11-20
STORE023,SKU01298,72.1,25,10,2025-11-20
STORE005,SKU01299,72.1,25,10,2025-11-20
STORE012,SKU01299,213.9,25,10,2025-11-20
STORE028,SKU01300,0.0,77,44,2025-10-15
STORE016,SKU01301,38.1,25,10,2025-11-20
STORE008,SKU01301,41.2,25,10,2025-11-20
STORE021,SKU01301,88.8,25,10,2025-11-20
STORE001,SKU01302,36.3,25,10,2025-11-20
STORE011,SKU01302,42.0,25,10,2025-11-20
STORE012,SKU01302,283.4,25,10,2025-11-20
STORE027,SKU01302,6.3,25,10,2025-11-20
STORE020,SKU01303,155.1,25,10,2025-11-20
STORE016,SKU01303,569.0,25,10,2025-11-20
STORE018,SKU01303,219.8,25,10,2025-11-20
STORE005,SKU01303,184.4,25,10,2025-11-20
STORE026,SKU01303,67.0,25,10,2025-11-20
STORE009,SKU01303,98.1,25,10,2025-11-20
STORE011,SKU01303,445.7,25,10,2025-11-20
STORE029,SKU01303,191.1,25,10,2025-11-20
STORE024,SKU01303,168.7,25,10,2025-11-20
STORE030,SKU01303,24.5,25,10,2025-11-20
STORE028,SKU01303,3.8,25,10,2025-11-20
STORE007,SKU01303,773.3,25,10,2025-11-20
STORE019,SKU01303,110.4,25,10,2025-11-20
STORE004,SKU01303,215.6,25,10,2025-11-20
STORE010,SKU01303,19.4,25,10,2025-11-20
STORE012,SKU01303,268.0,25,10,2025-11-20
STORE001,SKU01303,629.0,25,10,2025-11-20
STORE015,SKU01303,199.9,25,10,2025-11-20
STORE017,SKU01303,31.4,25,10,2025-11-20
STORE025,SKU01303,203.3,25,10,2025-11-20
STORE022,SKU01303,339.1,25,10,2025-11-20
STORE027,SKU01303,121.7,25,10,2025-11-20
STORE013,SKU01303,494.2,25,10,2025-11-20
STORE021,SKU01303,244.0,25,10,2025-11-20
STORE008,SKU01303,535.3,25,10,2025-11-20
STORE006,SKU01303,227.8,25,10,2025-11-20
STORE014,SKU01303,32.8,25,10,2025-11-20
STORE002,SKU01303,86.4,25,10,2025-11-20
STORE003,SKU01303,52.6,25,10,2025-11-20
STORE023,SKU01303,558.6,25,10,2025-11-20
STORE005,SKU01304,0.0,60,29,2025-10-15
STORE001,SKU01305,115.9,25,10,2025-11-20
STORE021,SKU01305,91.5,25,10,2025-11-20
STORE025,SKU01305,29.0,25,10,2025-11-20
STORE014,SKU01305,16.5,25,10,2025-11-20
STORE003,SKU01306,26.8,25,10,2025-11-20
STORE012,SKU01306,12.2,25,10,2025-11-20
STORE015,SKU01307,0.0,83,44,2025-10-15
STORE015,SKU01308,8.0,25,10,2025-11-20
STORE021,SKU01309,339.4,25,10,2025-11-20
STORE013,SKU01309,14.6,25,10,2025-11-20
STORE018,SKU01310,106.1,25,10,2025-11-20
STORE006,SKU01310,170.0,25,10,2025-11-20
STORE020,SKU01310,43.0,25,10,2025-11-20
STORE015,SKU01310,1122.9,25,10,2025-11-20
STORE025,SKU01310,63.1,25,10,2025-11-20
STORE011,SKU01310,37.5,25,10,2025-11-20
STORE004,SKU01310,61.2,25,10,2025-11-20
STORE009,SKU01310,394.0,25,10,2025-11-20
STORE027,SKU01310,149.0,25,10,2025-11-20
STORE023,SKU01310,224.0,25,10,2025-11-20
STORE007,SKU01310,5.7,25,10,2025-11-20
STORE022,SKU01310,9.4,25,10,2025-11-20
STORE010,SKU01310,158.7,25,10,2025-11-20
STORE029,SKU01310,456.1,25,10,2025-11-20
STORE005,SKU01310,582.0,25,10,2025-11-20
STORE017,SKU01310,24.4,25,10,2025-11-20
STORE001,SKU01310,207.8,25,10,2025-11-20
STORE002,SKU01310,657.2,25,10,2025-11-20
STORE014,SKU01310,132.0,25,10,2025-11-20
STORE019,SKU01310,475.7,25,10,2025-11-20
STORE021,SKU01310,38.6,25,10,2025-11-20
STORE008,SKU01310,736.5,25,10,2025-11-20
STORE026,SKU01310,374.2,25,10,2025-11-20
STORE013,SKU01310,762.4,25,10,2025-11-20
STORE003,SKU01310,303.5,25,10,2025-11-20
STORE024,SKU01310,121.4,25,10,2025-11-20
STORE012,SKU01310,748.3,25,10,2025-11-20
STORE030,SKU01310,86.7,25,10,2025-11-20
STORE028,SKU01310,108.5,25,10,2025-11-20
STORE021,SKU01311,37.7,25,10,2025-11-20
STORE011,SKU01311,45.3,25,10,2025-11-20
STORE013,SKU01312,371.9,25,10,2025-11-20
STORE006,SKU01312,32.1,25,10,2025-11-20
STORE011,SKU01313,131.3,25,10,2025-11-20
STORE020,SKU01313,110.1,25,10,2025-11-20
STORE027,SKU01313,5.4,25,10,2025-11-20
STORE025,SKU01313,40.2,25,10,2025-11-20
STORE002,SKU01314,14.6,25,10,2025-11-20
STORE021,SKU01314,16.0,25,10,2025-11-20
STORE010,SKU01314,179.4,25,10,2025-11-20
STORE011,SKU01315,93.8,32,16,2025-11-20
STORE019,SKU01315,115.2,32,16,2025-11-20
STORE025,SKU01316,212.6,25,10,2025-11-20
STORE019,SKU01316,26.8,25,10,2025-11-20
STORE002,SKU01316,91.6,25,10,2025-11-20
STORE029,SKU01317,6.2,25,10,2025-11-20
STORE017,SKU01317,22.0,25,10,2025-11-20
STORE002,SKU01317,2.2,25,10,2025-11-20
STORE024,SKU01317,31.9,25,10,2025-11-20
STORE023,SKU01317,2.7,25,10,2025-11-20
STORE026,SKU01317,4.3,25,10,2025-11-20
STORE005,SKU01317,15.3,25,10,2025-11-20
STORE016,SKU01317,5.4,25,10,2025-11-20
STORE003,SKU01317,10.1,25,10,2025-11-20
STORE022,SKU01317,6.4,25,10,2025-11-20
STORE027,SKU01317,14.7,25,10,2025-11-20
STORE020,SKU01317,2.8,25,10,2025-11-20
STORE004,SKU01317,0.7,25,10,2025-11-20
STORE030,SKU01317,3.9,25,10,2025-11-20
STORE006,SKU01317,7.0,25,10,2025-11-20
STORE012,SKU01317,2.0,25,10,2025-11-20
STORE018,SKU01317,4.7,25,10,2025-11-20
STORE003,SKU01318,113.5,25,10,2025-11-20
STORE025,SKU01318,13.1,25,10,2025-11-20
STORE012,SKU01318,194.5,25,10,2025-11-20
STORE028,SKU01318,479.4,25,10,2025-11-20
STORE011,SKU01318,36.6,25,10,2025-11-20
STORE030,SKU01318,202.4,25,10,2025-11-20
STORE014,SKU01318,242.9,25,10,2025-11-20
STORE026,SKU01318,120.8,25,10,2025-11-20
STORE029,SKU01318,268.4,25,10,2025-11-20
STORE016,SKU01318,117.5,25,10,2025-11-20
STORE013,SKU01318,156.1,25,10,2025-11-20
STORE018,SKU01318,1.6,25,10,2025-11-20
STORE002,SKU01318,261.5,25,10,2025-11-20
STORE017,SKU01318,240.6,25,10,2025-11-20
STORE024,SKU01318,8.7,25,10,2025-11-20
STORE023,SKU01318,102.1,25,10,2025-11-20
STORE020,SKU01318,858.9,25,10,2025-11-20
STORE007,SKU01318,121.3,25,10,2025-11-20
STORE027,SKU01318,154.9,25,10,2025-11-20
STORE022,SKU01318,535.0,25,10,2025-11-20
STORE009,SKU01318,280.7,25,10,2025-11-20
STORE019,SKU01318,193.9,25,10,2025-11-20
STORE004,SKU01318,355.2,25,10,2025-11-20
STORE008,SKU01318,444.0,25,10,2025-11-20
STORE010,SKU01318,135.7,25,10,2025-11-20
STORE001,SKU01318,143.2,25,10,2025-11-20
STORE015,SKU01318,108.4,25,10,2025-11-20
STORE005,SKU01318,756.1,25,10,2025-11-20
STORE021,SKU01318,265.5,25,10,2025-11-20
STORE006,SKU01318,19.3,25,10,2025-11-20
STORE021,SKU01319,152.7,25,10,2025-11-20
STORE022,SKU01319,50.3,25,10,2025-11-20
STORE018,SKU01320,12.2,25,10,2025-11-20
STORE001,SKU01320,137.0,25,10,2025-11-20
STORE002,SKU01320,92.7,25,10,2025-11-20
STORE021,SKU01320,360.9,25,10,2025-11-20
STORE027,SKU01320,39.2,25,10,2025-11-20
STORE023,SKU01321,142.1,25,10,2025-11-20
STORE008,SKU01321,66.2,25,10,2025-11-20
STORE016,SKU01321,4.6,25,10,2025-11-20
STORE002,SKU01321,289.8,25,10,2025-11-20
STORE025,SKU01321,58.3,25,10,2025-11-20
STORE008,SKU01322,0.0,89,50,2025-10-15
STORE028,SKU01323,49.7,25,10,2025-11-20
STORE005,SKU01323,91.6,25,10,2025-11-20
STORE017,SKU01323,282.1,25,10,2025-11-20
STORE011,SKU01323,52.6,25,10,2025-11-20
STORE011,SKU01324,80.0,25,10,2025-11-20
STORE013,SKU01325,12.9,25,10,2025-11-20
STORE025,SKU01325,33.1,25,10,2025-11-20
STORE021,SKU01326,163.9,25,10,2025-11-20
STORE022,SKU01326,69.1,25,10,2025-11-20
STORE013,SKU01327,69.0,25,10,2025-11-20
STORE001,SKU01328,36.6,25,10,2025-11-20
STORE017,SKU01328,81.4,25,10,2025-11-20
STORE025,SKU01329,137.5,25,10,2025-11-20
STORE010,SKU01329,20.5,25,10,2025-11-20
STORE016,SKU01330,59.0,31,15,2025-11-20
STORE001,SKU01331,136.5,25,10,2025-11-20
STORE022,SKU01331,40.6,25,10,2025-11-20
STORE023,SKU01331,455.9,25,10,2025-11-20
STORE023,SKU01332,16.3,25,10,2025-11-20
STORE014,SKU01332,32.7,25,10,2025-11-20
STORE018,SKU01332,109.0,25,10,2025-11-20
STORE003,SKU01333,8.8,25,10,2025-11-20
STORE002,SKU01333,17.5,25,10,2025-11-20
STORE007,SKU01333,218.7,25,10,2025-11-20
STORE019,SKU01334,7.0,25,10,2025-11-20
STORE002,SKU01335,132.0,25,10,2025-11-20
STORE007,SKU01336,7.6,25,10,2025-11-20
STORE008,SKU01336,4.2,25,10,2025-11-20
STORE019,SKU01336,281.2,25,10,2025-11-20
STORE016,SKU01337,29.3,25,10,2025-11-20
STORE001,SKU01337,128.0,25,10,2025-11-20
STORE012,SKU01337,189.1,25,10,2025-11-20
STORE023,SKU01337,113.5,25,10,2025-11-20
STORE003,SKU01337,5.6,25,10,2025-11-20
STORE019,SKU01337,310.7,25,10,2025-11-20
STORE028,SKU01337,2.1,25,10,2025-11-20
STORE017,SKU01337,291.4,25,10,2025-11-20
STORE006,SKU01337,454.4,25,10,2025-11-20
STORE013,SKU01337,115.1,25,10,2025-11-20
STORE007,SKU01337,155.7,25,10,2025-11-20
STORE005,SKU01337,131.6,25,10,2025-11-20
STORE018,SKU01337,100.1,25,10,2025-11-20
STORE029,SKU01337,443.5,25,10,2025-11-20
STORE010,SKU01337,455.6,25,10,2025-11-20
STORE025,SKU01337,83.1,25,10,2025-11-20
STORE009,SKU01337,193.8,25,10,2025-11-20
STORE022,SKU01337,531.2,25,10,2025-11-20
STORE014,SKU01337,664.3,25,10,2025-11-20
STORE020,SKU01337,144.4,25,10,2025-11-20
STORE026,SKU01337,122.4,25,10,2025-11-20
STORE004,SKU01337,66.3,25,10,2025-11-20
STORE015,SKU01337,647.9,25,10,2025-11-20
STORE030,SKU01337,31.3,25,10,2025-11-20
STORE002,SKU01337,176.1,25,10,2025-11-20
STORE011,SKU01337,67.4,25,10,2025-11-20
STORE008,SKU01337,66.4,25,10,2025-11-20
STORE021,SKU01337,105.4,25,10,2025-11-20
STORE027,SKU01337,1364.3,25,10,2025-11-20
STORE021,SKU01338,8.8,25,10,2025-11-20
STORE010,SKU01338,135.2,25,10,2025-11-20
STORE015,SKU01339,27.6,25,10,2025-11-20
STORE001,SKU01339,53.8,25,10,2025-11-20
STORE030,SKU01339,185.6,25,10,2025-11-20
STORE020,SKU01339,229.0,25,10,2025-11-20
STORE021,SKU01339,96.0,25,10,2025-11-20
STORE022,SKU01339,122.0,25,10,2025-11-20
STORE017,SKU01339,29.2,25,10,2025-11-20
STORE013,SKU01339,115.8,25,10,2025-11-20
STORE007,SKU01339,1089.4,25,10,2025-11-20
STORE006,SKU01339,928.2,25,10,2025-11-20
STORE004,SKU01339,130.7,25,10,2025-11-20
STORE002,SKU01339,271.2,25,10,2025-11-20
STORE023,SKU01339,770.6,25,10,2025-11-20
STORE027,SKU01339,2.0,25,10,2025-11-20
STORE025,SKU01339,533.6,25,10,2025-11-20
STORE024,SKU01339,950.2,25,10,2025-11-20
STORE025,SKU01340,0.0,115,38,2025-10-15
STORE024,SKU01341,10.6,25,10,2025-11-20
STORE010,SKU01341,19.6,25,10,2025-11-20
STORE027,SKU01341,359.8,25,10,2025-11-20
STORE023,SKU01342,183.0,25,10,2025-11-20
STORE022,SKU01342,3.4,25,10,2025-11-20
STORE007,SKU01342,70.7,25,10,2025-11-20
STORE029,SKU01342,141.9,25,10,2025-11-20
STORE019,SKU01343,40.1,49,24,2025-11-20
STORE027,SKU01343,44.9,49,24,2025-11-20
STORE010,SKU01344,0.0,90,31,2025-10-15
STORE002,SKU01345,0.0,110,40,2025-10-15
STORE008,SKU01346,82.4,25,10,2025-11-20
STORE019,SKU01346,5.2,25,10,2025-11-20
STORE029,SKU01346,11.8,25,10,2025-11-20
STORE027,SKU01346,11.7,25,10,2025-11-20
STORE009,SKU01347,114.3,25,10,2025-11-20
STORE007,SKU01347,40.7,25,10,2025-11-20
STORE017,SKU01348,44.0,25,10,2025-11-20
STORE001,SKU01349,64.0,25,10,2025-11-20
STORE010,SKU01350,55.0,25,10,2025-11-20
STORE001,SKU01351,157.4,25,10,2025-11-20
STORE007,SKU01351,43.9,25,10,2025-11-20
STORE027,SKU01351,133.6,25,10,2025-11-20
STORE006,SKU01351,202.1,25,10,2025-11-20
STORE028,SKU01352,20.1,25,10,2025-11-20
STORE011,SKU01352,128.9,25,10,2025-11-20
STORE007,SKU01353,0.0,111,35,2025-10-15
STORE013,SKU01354,22.0,33,16,2025-11-20
STORE024,SKU01355,79.0,25,10,2025-11-20
STORE011,SKU01355,252.1,25,10,2025-11-20
STORE015,SKU01355,31.9,25,10,2025-11-20
STORE013,SKU01356,128.4,25,10,2025-11-20
STORE020,SKU01356,112.7,25,10,2025-11-20
STORE025,SKU01356,149.6,25,10,2025-11-20
STORE006,SKU01356,402.8,25,10,2025-11-20
STORE016,SKU01356,175.1,25,10,2025-11-20
STORE026,SKU01356,418.0,25,10,2025-11-20
STORE018,SKU01356,227.3,25,10,2025-11-20
STORE029,SKU01356,110.8,25,10,2025-11-20
STORE010,SKU01356,439.4,25,10,2025-11-20
STORE008,SKU01356,72.0,25,10,2025-11-20
STORE003,SKU01356,67.2,25,10,2025-11-20
STORE004,SKU01356,185.8,25,10,2025-11-20
STORE001,SKU01356,80.0,25,10,2025-11-20
STORE024,SKU01356,2.4,25,10,2025-11-20
STORE002,SKU01356,276.5,25,10,2025-11-20
STORE014,SKU01356,189.3,25,10,2025-11-20
STORE017,SKU01356,156.0,25,10,2025-11-20
STORE005,SKU01356,902.3,25,10,2025-11-20
STORE015,SKU01356,224.0,25,10,2025-11-20
STORE030,SKU01356,526.8,25,10,2025-11-20
STORE021,SKU01356,39.7,25,10,2025-11-20
STORE007,SKU01356,222.8,25,10,2025-11-20
STORE024,SKU01357,206.0,32,16,2025-11-20
STORE019,SKU01357,89.0,32,16,2025-11-20
STORE006,SKU01358,127.2,25,10,2025-11-20
STORE004,SKU01358,46.8,25,10,2025-11-20
STORE002,SKU01359,13.8,26,11,2025-11-20
STORE012,SKU01359,87.0,26,11,2025-11-20
STORE007,SKU01359,71.3,26,11,2025-11-20
STORE021,SKU01360,215.9,25,10,2025-11-20
STORE007,SKU01360,29.9,25,10,2025-11-20
STORE014,SKU01360,364.2,25,10,2025-11-20
STORE024,SKU01361,169.9,25,10,2025-11-20
STORE029,SKU01361,15.2,25,10,2025-11-20
STORE012,SKU01361,22.9,25,10,2025-11-20
STORE003,SKU01361,121.0,25,10,2025-11-20
STORE009,SKU01362,289.2,25,10,2025-11-20
STORE014,SKU01362,49.8,25,10,2025-11-20
STORE021,SKU01363,15.8,25,10,2025-11-20
STORE001,SKU01363,30.5,25,10,2025-11-20
STORE010,SKU01363,47.5,25,10,2025-11-20
STORE025,SKU01363,13.0,25,10,2025-11-20
STORE002,SKU01363,54.4,25,10,2025-11-20
STORE004,SKU01363,2.2,25,10,2025-11-20
STORE028,SKU01363,2.1,25,10,2025-11-20
STORE005,SKU01363,19.9,25,10,2025-11-20
STORE009,SKU01363,17.8,25,10,2025-11-20
STORE015,SKU01363,15.5,25,10,2025-11-20
STORE007,SKU01363,27.6,25,10,2025-11-20
STORE027,SKU01363,15.8,25,10,2025-11-20
STORE030,SKU01364,0.0,117,40,2025-10-15
STORE022,SKU01365,52.7,26,11,2025-11-20
STORE026,SKU01365,91.3,26,11,2025-11-20
STORE001,SKU01366,188.9,25,10,2025-11-20
STORE029,SKU01366,27.1,25,10,2025-11-20
STORE030,SKU01367,77.0,25,10,2025-11-20
STORE030,SKU01368,0.0,76,35,2025-10-15
STORE001,SKU01369,141.0,25,10,2025-11-20
STORE004,SKU01370,0.0,95,41,2025-10-15
STORE003,SKU01370,0.0,52,20,2025-10-15
STORE024,SKU01370,0.0,92,35,2025-10-15
STORE008,SKU01370,0.0,105,46,2025-10-15
STORE015,SKU01370,0.0,74,33,2025-10-15
STORE019,SKU01370,0.0,86,20,2025-10-15
STORE023,SKU01370,0.0,80,48,2025-10-15
STORE018,SKU01370,0.0,75,41,2025-10-15
STORE009,SKU01370,0.0,129,50,2025-10-15
STORE022,SKU01370,0.0,95,48,2025-10-15
STORE001,SKU01370,0.0,90,42,2025-10-15
STORE025,SKU01370,0.0,103,43,2025-10-15
STORE016,SKU01370,0.0,73,26,2025-10-15
STORE029,SKU01370,0.0,92,20,2025-10-15
STORE005,SKU01370,0.0,70,28,2025-10-15
STORE030,SKU01370,0.0,101,27,2025-10-15
STORE002,SKU01370,0.0,64,34,2025-10-15
STORE007,SKU01370,0.0,72,40,2025-10-15
STORE028,SKU01371,1.5,52,26,2025-11-20
STORE019,SKU01371,0.1,52,26,2025-11-20
STORE027,SKU01371,0.4,52,26,2025-11-20
STORE014,SKU01371,0.5,52,26,2025-11-20
STORE018,SKU01371,0.3,52,26,2025-11-20
STORE023,SKU01371,0.0,52,26,2025-11-20
STORE016,SKU01371,0.4,52,26,2025-11-20
STORE008,SKU01371,0.0,52,26,2025-11-20
STORE002,SKU01371,0.3,52,26,2025-11-20
STORE010,SKU01371,0.5,52,26,2025-11-20
STORE012,SKU01371,0.1,52,26,2025-11-20
STORE003,SKU01371,0.7,52,26,2025-11-20
STORE020,SKU01371,0.0,52,26,2025-11-20
STORE015,SKU01372,31.0,25,10,2025-11-20
STORE027,SKU01373,28.0,25,10,2025-11-20
STORE016,SKU01374,7.0,25,10,2025-11-20
STORE018,SKU01374,4.1,25,10,2025-11-20
STORE006,SKU01374,87.8,25,10,2025-11-20
STORE012,SKU01375,46.9,25,10,2025-11-20
STORE022,SKU01375,138.1,25,10,2025-11-20
STORE029,SKU01376,154.0,25,10,2025-11-20
STORE012,SKU01377,43.0,73,36,2025-11-20
STORE024,SKU01378,50.0,25,10,2025-11-20
STORE018,SKU01379,264.0,47,23,2025-11-20
STORE018,SKU01380,0.0,74,24,2025-10-15
STORE024,SKU01381,0.0,92,40,2025-10-15
STORE014,SKU01382,144.1,25,10,2025-11-20
STORE006,SKU01382,114.9,25,10,2025-11-20
STORE019,SKU01383,35.3,25,10,2025-11-20
STORE013,SKU01383,77.8,25,10,2025-11-20
STORE012,SKU01383,178.9,25,10,2025-11-20
STORE015,SKU01384,131.0,25,10,2025-11-20
STORE012,SKU01385,67.0,25,10,2025-11-20
STORE025,SKU01386,23.8,25,10,2025-11-20
STORE010,SKU01386,179.8,25,10,2025-11-20
STORE005,SKU01386,148.4,25,10,2025-11-20
STORE027,SKU01387,167.0,25,10,2025-11-20
STORE022,SKU01387,28.7,25,10,2025-11-20
STORE025,SKU01387,7.3,25,10,2025-11-20
STORE029,SKU01388,10.0,27,12,2025-11-20
STORE016,SKU01389,23.2,25,10,2025-11-20
STORE022,SKU01389,52.7,25,10,2025-11-20
STORE018,SKU01389,112.5,25,10,2025-11-20
STORE014,SKU01389,146.2,25,10,2025-11-20
STORE012,SKU01389,139.4,25,10,2025-11-20
STORE014,SKU01390,69.0,25,10,2025-11-20
STORE003,SKU01390,179.9,25,10,2025-11-20
STORE020,SKU01390,58.1,25,10,2025-11-20
STORE009,SKU01391,14.0,25,10,2025-11-20
STORE029,SKU01392,82.0,25,10,2025-11-20
STORE005,SKU01393,4.7,25,10,2025-11-20
STORE011,SKU01393,252.3,25,10,2025-11-20
STORE030,SKU01394,23.7,25,10,2025-11-20
STORE012,SKU01394,70.3,25,10,2025-11-20
STORE021,SKU01395,101.2,25,10,2025-11-20
STORE015,SKU01395,25.3,25,10,2025-11-20
STORE025,SKU01395,116.3,25,10,2025-11-20
STORE018,SKU01395,24.2,25,10,2025-11-20
STORE028,SKU01396,139.6,25,10,2025-11-20
STORE022,SKU01396,306.6,25,10,2025-11-20
STORE006,SKU01396,278.8,25,10,2025-11-20
STORE002,SKU01396,1032.5,25,10,2025-11-20
STORE011,SKU01396,60.2,25,10,2025-11-20
STORE017,SKU01396,256.4,25,10,2025-11-20
STORE021,SKU01396,222.2,25,10,2025-11-20
STORE005,SKU01396,582.5,25,10,2025-11-20
STORE020,SKU01396,40.2,25,10,2025-11-20
STORE026,SKU01396,329.1,25,10,2025-11-20
STORE018,SKU01396,198.4,25,10,2025-11-20
STORE030,SKU01396,75.8,25,10,2025-11-20
STORE023,SKU01396,151.9,25,10,2025-11-20
STORE007,SKU01396,95.9,25,10,2025-11-20
STORE013,SKU01396,204.5,25,10,2025-11-20
STORE027,SKU01396,519.2,25,10,2025-11-20
STORE014,SKU01396,198.9,25,10,2025-11-20
STORE025,SKU01396,235.9,25,10,2025-11-20
STORE015,SKU01396,172.7,25,10,2025-11-20
STORE009,SKU01396,12.4,25,10,2025-11-20
STORE018,SKU01397,54.0,25,10,2025-11-20
STORE002,SKU01398,60.8,25,10,2025-11-20
STORE017,SKU01398,33.3,25,10,2025-11-20
STORE004,SKU01398,18.0,25,10,2025-11-20
STORE019,SKU01398,62.9,25,10,2025-11-20
STORE001,SKU01399,66.6,25,10,2025-11-20
STORE009,SKU01399,51.0,25,10,2025-11-20
STORE030,SKU01399,106.5,25,10,2025-11-20
STORE018,SKU01400,0.0,81,41,2025-10-15
STORE024,SKU01401,20.4,25,10,2025-11-20
STORE008,SKU01401,374.3,25,10,2025-11-20
STORE022,SKU01401,288.1,25,10,2025-11-20
STORE023,SKU01401,175.2,25,10,2025-11-20
STORE026,SKU01401,16.0,25,10,2025-11-20
STORE011,SKU01402,189.6,25,10,2025-11-20
STORE016,SKU01402,209.2,25,10,2025-11-20
STORE004,SKU01402,185.1,25,10,2025-11-20
STORE011,SKU01403,6.4,25,10,2025-11-20
STORE024,SKU01403,54.7,25,10,2025-11-20
STORE027,SKU01403,95.2,25,10,2025-11-20
STORE026,SKU01403,45.6,25,10,2025-11-20
STORE012,SKU01404,29.6,25,10,2025-11-20
STORE018,SKU01404,17.4,25,10,2025-11-20
STORE030,SKU01405,115.0,25,10,2025-11-20
STORE013,SKU01405,5.3,25,10,2025-11-20
STORE017,SKU01405,155.8,25,10,2025-11-20
STORE022,SKU01405,13.0,25,10,2025-11-20
STORE029,SKU01405,87.3,25,10,2025-11-20
STORE008,SKU01405,52.9,25,10,2025-11-20
STORE019,SKU01405,120.6,25,10,2025-11-20
STORE012,SKU01406,13.2,25,10,2025-11-20
STORE024,SKU01406,108.8,25,10,2025-11-20
STORE014,SKU01407,503.9,25,10,2025-11-20
STORE023,SKU01407,56.7,25,10,2025-11-20
STORE025,SKU01407,35.0,25,10,2025-11-20
STORE004,SKU01407,50.0,25,10,2025-11-20
STORE008,SKU01407,666.7,25,10,2025-11-20
STORE021,SKU01407,238.9,25,10,2025-11-20
STORE028,SKU01407,200.2,25,10,2025-11-20
STORE015,SKU01407,35.9,25,10,2025-11-20
STORE005,SKU01407,333.4,25,10,2025-11-20
STORE007,SKU01407,643.9,25,10,2025-11-20
STORE001,SKU01407,560.1,25,10,2025-11-20
STORE017,SKU01407,312.8,25,10,2025-11-20
STORE027,SKU01407,24.9,25,10,2025-11-20
STORE016,SKU01407,37.9,25,10,2025-11-20
STORE022,SKU01407,16.1,25,10,2025-11-20
STORE029,SKU01407,94.7,25,10,2025-11-20
STORE002,SKU01407,46.4,25,10,2025-11-20
STORE012,SKU01407,95.8,25,10,2025-11-20
STORE019,SKU01407,154.6,25,10,2025-11-20
STORE018,SKU01407,910.8,25,10,2025-11-20
STORE024,SKU01407,299.7,25,10,2025-11-20
STORE013,SKU01407,572.9,25,10,2025-11-20
STORE011,SKU01407,394.0,25,10,2025-11-20
STORE018,SKU01408,0.0,76,40,2025-10-15
STORE027,SKU01409,0.0,57,26,2025-10-15
STORE001,SKU01410,0.0,68,20,2025-10-15
STORE004,SKU01411,9.5,25,10,2025-11-20
STORE007,SKU01411,106.5,25,10,2025-11-20
STORE006,SKU01412,158.0,25,10,2025-11-20
STORE027,SKU01413,0.0,117,44,2025-10-15
STORE003,SKU01414,1.0,25,10,2025-11-20
STORE030,SKU01414,0.4,25,10,2025-11-20
STORE009,SKU01414,6.2,25,10,2025-11-20
STORE015,SKU01414,0.3,25,10,2025-11-20
STORE004,SKU01414,0.3,25,10,2025-11-20
STORE014,SKU01414,2.7,25,10,2025-11-20
STORE012,SKU01414,0.0,25,10,2025-11-20
STORE022,SKU01414,1.2,25,10,2025-11-20
STORE013,SKU01414,1.3,25,10,2025-11-20
STORE001,SKU01414,1.8,25,10,2025-11-20
STORE020,SKU01414,3.7,25,10,2025-11-20
STORE010,SKU01414,3.8,25,10,2025-11-20
STORE011,SKU01414,0.1,25,10,2025-11-20
STORE023,SKU01414,1.8,25,10,2025-11-20
STORE024,SKU01414,1.1,25,10,2025-11-20
STORE026,SKU01414,1.1,25,10,2025-11-20
STORE005,SKU01414,0.1,25,10,2025-11-20
STORE014,SKU01415,50.4,25,10,2025-11-20
STORE020,SKU01415,194.1,25,10,2025-11-20
STORE019,SKU01415,116.5,25,10,2025-11-20
STORE030,SKU01416,115.2,25,10,2025-11-20
STORE016,SKU01416,8.1,25,10,2025-11-20
STORE021,SKU01416,89.6,25,10,2025-11-20
STORE020,SKU01417,101.0,25,10,2025-11-20
STORE019,SKU01418,63.0,25,10,2025-11-20
STORE002,SKU01418,32.0,25,10,2025-11-20
STORE022,SKU01419,94.0,30,15,2025-11-20
STORE016,SKU01420,0.0,74,20,2025-10-15
STORE002,SKU01420,0.0,82,21,2025-10-15
STORE030,SKU01420,0.0,79,44,2025-10-15
STORE011,SKU01420,0.0,81,35,2025-10-15
STORE012,SKU01420,0.0,72,37,2025-10-15
STORE001,SKU01420,0.0,67,22,2025-10-15
STORE009,SKU01420,0.0,118,43,2025-10-15
STORE023,SKU01420,0.0,76,40,2025-10-15
STORE028,SKU01420,0.0,88,34,2025-10-15
STORE013,SKU01420,0.0,94,43,2025-10-15
STORE018,SKU01420,0.0,95,27,2025-10-15
STORE004,SKU01420,0.0,67,35,2025-10-15
STORE014,SKU01420,0.0,79,30,2025-10-15
STORE026,SKU01420,0.0,116,37,2025-10-15
STORE022,SKU01420,0.0,100,42,2025-10-15
STORE007,SKU01421,23.0,25,10,2025-11-20
STORE020,SKU01422,24.6,25,10,2025-11-20
STORE014,SKU01422,102.6,25,10,2025-11-20
STORE004,SKU01422,39.8,25,10,2025-11-20
STORE001,SKU01423,102.3,25,10,2025-11-20
STORE022,SKU01423,204.1,25,10,2025-11-20
STORE005,SKU01423,18.7,25,10,2025-11-20
STORE019,SKU01423,985.2,25,10,2025-11-20
STORE029,SKU01423,122.3,25,10,2025-11-20
STORE025,SKU01423,178.0,25,10,2025-11-20
STORE030,SKU01423,120.3,25,10,2025-11-20
STORE017,SKU01423,314.3,25,10,2025-11-20
STORE015,SKU01423,297.4,25,10,2025-11-20
STORE003,SKU01423,344.2,25,10,2025-11-20
STORE023,SKU01423,85.5,25,10,2025-11-20
STORE006,SKU01423,103.9,25,10,2025-11-20
STORE026,SKU01423,36.7,25,10,2025-11-20
STORE009,SKU01423,292.0,25,10,2025-11-20
STORE013,SKU01423,11.1,25,10,2025-11-20
STORE016,SKU01423,249.4,25,10,2025-11-20
STORE020,SKU01423,558.3,25,10,2025-11-20
STORE011,SKU01423,606.8,25,10,2025-11-20
STORE012,SKU01423,163.3,25,10,2025-11-20
STORE024,SKU01423,168.5,25,10,2025-11-20
STORE028,SKU01423,21.9,25,10,2025-11-20
STORE002,SKU01423,304.4,25,10,2025-11-20
STORE008,SKU01423,471.7,25,10,2025-11-20
STORE014,SKU01423,76.9,25,10,2025-11-20
STORE004,SKU01423,149.8,25,10,2025-11-20
STORE010,SKU01424,6.0,25,10,2025-11-20
STORE028,SKU01425,214.7,25,10,2025-11-20
STORE006,SKU01425,28.5,25,10,2025-11-20
STORE002,SKU01425,81.9,25,10,2025-11-20
STORE010,SKU01425,21.9,25,10,2025-11-20
STORE020,SKU01426,0.0,87,30,2025-10-15
STORE004,SKU01427,22.0,25,10,2025-11-20
STORE022,SKU01428,905.6,25,10,2025-11-20
STORE005,SKU01428,642.6,25,10,2025-11-20
STORE027,SKU01428,534.0,25,10,2025-11-20
STORE003,SKU01428,18.7,25,10,2025-11-20
STORE007,SKU01428,694.5,25,10,2025-11-20
STORE016,SKU01428,215.6,25,10,2025-11-20
STORE025,SKU01428,156.8,25,10,2025-11-20
STORE008,SKU01428,295.8,25,10,2025-11-20
STORE001,SKU01428,35.8,25,10,2025-11-20
STORE013,SKU01428,528.8,25,10,2025-11-20
STORE006,SKU01428,326.7,25,10,2025-11-20
STORE021,SKU01428,77.3,25,10,2025-11-20
STORE002,SKU01428,78.0,25,10,2025-11-20
STORE010,SKU01428,76.2,25,10,2025-11-20
STORE020,SKU01428,22.0,25,10,2025-11-20
STORE004,SKU01428,331.6,25,10,2025-11-20
STORE024,SKU01428,686.5,25,10,2025-11-20
STORE011,SKU01428,6.6,25,10,2025-11-20
STORE017,SKU01428,18.8,25,10,2025-11-20
STORE023,SKU01428,318.2,25,10,2025-11-20
STORE015,SKU01428,640.5,25,10,2025-11-20
STORE019,SKU01428,148.0,25,10,2025-11-20
STORE018,SKU01428,161.0,25,10,2025-11-20
STORE030,SKU01428,339.4,25,10,2025-11-20
STORE009,SKU01428,119.9,25,10,2025-11-20
STORE014,SKU01428,10.1,25,10,2025-11-20
STORE005,SKU01429,99.4,25,10,2025-11-20
STORE024,SKU01429,73.5,25,10,2025-11-20
STORE020,SKU01429,65.0,25,10,2025-11-20
STORE019,SKU01429,101.2,25,10,2025-11-20
STORE001,SKU01430,149.6,25,10,2025-11-20
STORE015,SKU01430,30.7,25,10,2025-11-20
STORE016,SKU01430,57.8,25,10,2025-11-20
STORE012,SKU01431,171.0,25,10,2025-11-20
STORE026,SKU01432,0.0,99,42,2025-10-15
STORE001,SKU01433,38.4,25,10,2025-11-20
STORE023,SKU01433,311.3,25,10,2025-11-20
STORE017,SKU01433,540.1,25,10,2025-11-20
STORE029,SKU01433,908.2,25,10,2025-11-20
STORE012,SKU01433,273.3,25,10,2025-11-20
STORE021,SKU01433,56.2,25,10,2025-11-20
STORE018,SKU01433,30.8,25,10,2025-11-20
STORE004,SKU01433,462.7,25,10,2025-11-20
STORE014,SKU01433,238.7,25,10,2025-11-20
STORE016,SKU01433,265.9,25,10,2025-11-20
STORE002,SKU01433,419.9,25,10,2025-11-20
STORE009,SKU01433,335.4,25,10,2025-11-20
STORE022,SKU01433,496.6,25,10,2025-11-20
STORE024,SKU01433,16.0,25,10,2025-11-20
STORE003,SKU01433,380.0,25,10,2025-11-20
STORE020,SKU01433,525.4,25,10,2025-11-20
STORE015,SKU01433,93.1,25,10,2025-11-20
STORE005,SKU01433,282.4,25,10,2025-11-20
STORE011,SKU01433,104.1,25,10,2025-11-20
STORE006,SKU01433,875.1,25,10,2025-11-20
STORE008,SKU01433,9.4,25,10,2025-11-20
STORE007,SKU01433,239.4,25,10,2025-11-20
STORE027,SKU01433,50.3,25,10,2025-11-20
STORE028,SKU01433,343.9,25,10,2025-11-20
STORE030,SKU01433,53.4,25,10,2025-11-20
STORE026,SKU01433,74.1,25,10,2025-11-20
STORE019,SKU01433,188.3,25,10,2025-11-20
STORE013,SKU01433,680.1,25,10,2025-11-20
STORE025,SKU01433,65.7,25,10,2025-11-20
STORE010,SKU01433,43.0,25,10,2025-11-20
STORE015,SKU01434,124.3,25,10,2025-11-20
STORE022,SKU01434,60.7,25,10,2025-11-20
STORE018,SKU01434,212.1,25,10,2025-11-20
STORE012,SKU01435,0.0,83,37,2025-10-15
STORE016,SKU01436,77.0,25,10,2025-11-20
STORE003,SKU01437,146.4,25,10,2025-11-20
STORE026,SKU01437,37.4,25,10,2025-11-20
STORE022,SKU01437,24.0,25,10,2025-11-20
STORE006,SKU01437,162.2,25,10,2025-11-20
STORE019,SKU01438,3.7,25,10,2025-11-20
STORE014,SKU01438,5.8,25,10,2025-11-20
STORE004,SKU01438,1.5,25,10,2025-11-20
STORE018,SKU01438,2.4,25,10,2025-11-20
STORE002,SKU01438,2.1,25,10,2025-11-20
STORE008,SKU01438,17.1,25,10,2025-11-20
STORE007,SKU01438,1.4,25,10,2025-11-20
STORE005,SKU01438,1.4,25,10,2025-11-20
STORE010,SKU01438,1.8,25,10,2025-11-20
STORE023,SKU01438,3.4,25,10,2025-11-20
STORE013,SKU01438,1.2,25,10,2025-11-20
STORE001,SKU01439,138.7,38,19,2025-11-20
STORE012,SKU01439,17.3,38,19,2025-11-20
STORE002,SKU01440,77.3,25,10,2025-11-20
STORE017,SKU01440,3.7,25,10,2025-11-20
STORE026,SKU01441,82.0,25,10,2025-11-20
STORE001,SKU01442,87.2,25,10,2025-11-20
STORE004,SKU01442,6.8,25,10,2025-11-20
STORE017,SKU01443,155.0,45,22,2025-11-20
STORE022,SKU01444,50.0,25,10,2025-11-20
STORE009,SKU01444,241.6,25,10,2025-11-20
STORE019,SKU01444,93.7,25,10,2025-11-20
STORE017,SKU01444,29.8,25,10,2025-11-20
STORE001,SKU01445,118.8,25,10,2025-11-20
STORE010,SKU01445,206.2,25,10,2025-11-20
STORE029,SKU01446,38.4,26,11,2025-11-20
STORE026,SKU01446,61.1,26,11,2025-11-20
STORE005,SKU01446,43.5,26,11,2025-11-20
STORE011,SKU01447,0.0,94,49,2025-10-15
STORE028,SKU01448,0.0,78,35,2025-10-15
STORE007,SKU01449,0.0,101,41,2025-10-15
STORE016,SKU01450,21.9,25,10,2025-11-20
STORE007,SKU01450,63.1,25,10,2025-11-20
STORE004,SKU01450,6.1,25,10,2025-11-20
STORE006,SKU01451,27.2,25,10,2025-11-20
STORE013,SKU01451,201.0,25,10,2025-11-20
STORE018,SKU01451,42.8,25,10,2025-11-20
STORE021,SKU01452,41.4,25,10,2025-11-20
STORE018,SKU01452,73.6,25,10,2025-11-20
STORE028,SKU01453,157.5,25,10,2025-11-20
STORE026,SKU01453,105.5,25,10,2025-11-20
STORE003,SKU01453,26.8,25,10,2025-11-20
STORE005,SKU01453,65.3,25,10,2025-11-20
STORE022,SKU01454,34.4,25,10,2025-11-20
STORE005,SKU01454,50.4,25,10,2025-11-20
STORE028,SKU01454,51.2,25,10,2025-11-20
STORE017,SKU01455,100.6,25,10,2025-11-20
STORE005,SKU01455,31.4,25,10,2025-11-20
STORE028,SKU01455,4.0,25,10,2025-11-20
STORE025,SKU01455,61.8,25,10,2025-11-20
STORE003,SKU01455,225.1,25,10,2025-11-20
STORE016,SKU01456,34.4,25,10,2025-11-20
STORE017,SKU01456,73.0,25,10,2025-11-20
STORE003,SKU01456,195.4,25,10,2025-11-20
STORE019,SKU01456,7.3,25,10,2025-11-20
STORE006,SKU01456,48.1,25,10,2025-11-20
STORE008,SKU01456,45.8,25,10,2025-11-20
STORE021,SKU01457,32.1,25,10,2025-11-20
STORE025,SKU01457,34.9,25,10,2025-11-20
STORE014,SKU01458,212.0,25,10,2025-11-20
STORE027,SKU01459,47.2,25,10,2025-11-20
STORE021,SKU01459,270.7,25,10,2025-11-20
STORE012,SKU01459,19.1,25,10,2025-11-20
STORE008,SKU01460,196.5,25,10,2025-11-20
STORE027,SKU01460,312.1,25,10,2025-11-20
STORE009,SKU01460,62.5,25,10,2025-11-20
STORE014,SKU01461,78.6,25,10,2025-11-20
STORE002,SKU01461,44.4,25,10,2025-11-20
STORE025,SKU01462,168.0,58,29,2025-11-20
STORE014,SKU01463,151.0,26,11,2025-11-20
STORE002,SKU01464,52.0,25,10,2025-11-20
STORE028,SKU01465,114.9,25,10,2025-11-20
STORE011,SKU01465,118.1,25,10,2025-11-20
STORE025,SKU01466,0.0,118,40,2025-10-15
STORE013,SKU01466,0.0,80,40,2025-10-15
STORE001,SKU01466,0.0,95,27,2025-10-15
STORE007,SKU01466,0.0,84,36,2025-10-15
STORE022,SKU01466,0.0,114,35,2025-10-15
STORE024,SKU01466,0.0,79,22,2025-10-15
STORE012,SKU01466,0.0,70,39,2025-10-15
STORE029,SKU01466,0.0,67,33,2025-10-15
STORE015,SKU01466,0.0,72,37,2025-10-15
STORE020,SKU01466,0.0,121,42,2025-10-15
STORE008,SKU01466,0.0,103,24,2025-10-15
STORE005,SKU01466,0.0,72,40,2025-10-15
STORE016,SKU01466,0.0,78,31,2025-10-15
STORE017,SKU01466,0.0,79,32,2025-10-15
STORE014,SKU01466,0.0,105,34,2025-10-15
STORE026,SKU01467,17.4,25,10,2025-11-20
STORE030,SKU01467,187.6,25,10,2025-11-20
STORE011,SKU01468,325.9,25,10,2025-11-20
STORE010,SKU01468,71.0,25,10,2025-11-20
STORE027,SKU01468,17.0,25,10,2025-11-20
STORE018,SKU01468,76.0,25,10,2025-11-20
STORE020,SKU01469,196.2,31,15,2025-11-20
STORE011,SKU01469,80.9,31,15,2025-11-20
STORE030,SKU01469,103.0,31,15,2025-11-20
STORE010,SKU01470,51.9,25,10,2025-11-20
STORE028,SKU01470,222.1,25,10,2025-11-20
STORE016,SKU01471,21.3,25,10,2025-11-20
STORE017,SKU01471,351.7,25,10,2025-11-20
STORE016,SKU01472,191.6,25,10,2025-11-20
STORE013,SKU01472,30.7,25,10,2025-11-20
STORE025,SKU01472,336.6,25,10,2025-11-20
STORE028,SKU01472,52.1,25,10,2025-11-20
STORE027,SKU01473,74.9,25,10,2025-11-20
STORE023,SKU01473,36.8,25,10,2025-11-20
STORE019,SKU01473,64.3,25,10,2025-11-20
STORE023,SKU01474,0.0,110,37,2025-10-15
STORE020,SKU01475,0.0,111,39,2025-10-15
STORE026,SKU01476,121.0,25,10,2025-11-20
STORE019,SKU01477,68.0,25,10,2025-11-20
STORE005,SKU01478,0.0,86,35,2025-10-15
STORE003,SKU01479,179.0,25,10,2025-11-20
STORE023,SKU01479,23.4,25,10,2025-11-20
STORE016,SKU01479,127.6,25,10,2025-11-20
STORE011,SKU01480,48.0,30,15,2025-11-20
STORE018,SKU01481,13.0,25,10,2025-11-20
STORE017,SKU01481,16.8,25,10,2025-11-20
STORE020,SKU01481,59.4,25,10,2025-11-20
STORE021,SKU01481,183.8,25,10,2025-11-20
STORE003,SKU01482,0.0,98,28,2025-10-15
STORE009,SKU01483,231.6,25,10,2025-11-20
STORE030,SKU01483,65.4,25,10,2025-11-20
STORE009,SKU01484,6.0,25,10,2025-11-20
STORE028,SKU01485,1.9,25,10,2025-11-20
STORE010,SKU01485,49.6,25,10,2025-11-20
STORE020,SKU01485,43.7,25,10,2025-11-20
STORE017,SKU01485,2.3,25,10,2025-11-20
STORE008,SKU01485,4.7,25,10,2025-11-20
STORE011,SKU01485,1.4,25,10,2025-11-20
STORE025,SKU01485,4.2,25,10,2025-11-20
STORE026,SKU01485,22.2,25,10,2025-11-20
STORE019,SKU01485,6.2,25,10,2025-11-20
STORE007,SKU01485,1.2,25,10,2025-11-20
STORE012,SKU01485,5.5,25,10,2025-11-20
STORE029,SKU01485,52.2,25,10,2025-11-20
STORE021,SKU01485,13.0,25,10,2025-11-20
STORE027,SKU01486,122.5,25,10,2025-11-20
STORE011,SKU01486,41.5,25,10,2025-11-20
STORE017,SKU01487,76.0,35,17,2025-11-20
STORE022,SKU01488,106.5,25,10,2025-11-20
STORE014,SKU01488,20.5,25,10,2025-11-20
STORE009,SKU01489,56.0,53,26,2025-11-20
STORE009,SKU01490,211.0,67,33,2025-11-20
STORE020,SKU01491,137.0,29,14,2025-11-20
STORE014,SKU01492,72.4,25,10,2025-11-20
STORE022,SKU01492,220.1,25,10,2025-11-20
STORE007,SKU01492,57.2,25,10,2025-11-20
STORE025,SKU01492,154.2,25,10,2025-11-20
STORE020,SKU01493,34.8,25,10,2025-11-20
STORE029,SKU01493,72.7,25,10,2025-11-20
STORE026,SKU01493,77.6,25,10,2025-11-20
STORE005,SKU01494,40.5,25,10,2025-11-20
STORE026,SKU01494,94.9,25,10,2025-11-20
STORE025,SKU01494,214.9,25,10,2025-11-20
STORE023,SKU01494,15.5,25,10,2025-11-20
STORE010,SKU01494,95.1,25,10,2025-11-20
STORE007,SKU01494,162.1,25,10,2025-11-20
STORE022,SKU01495,1128.4,25,10,2025-11-20
STORE030,SKU01495,130.1,25,10,2025-11-20
STORE012,SKU01495,342.4,25,10,2025-11-20
STORE023,SKU01495,114.4,25,10,2025-11-20
STORE018,SKU01495,321.9,25,10,2025-11-20
STORE026,SKU01495,183.0,25,10,2025-11-20
STORE011,SKU01495,440.3,25,10,2025-11-20
STORE007,SKU01495,107.0,25,10,2025-11-20
STORE015,SKU01495,187.5,25,10,2025-11-20
STORE019,SKU01495,201.1,25,10,2025-11-20
STORE017,SKU01495,109.3,25,10,2025-11-20
STORE006,SKU01495,31.5,25,10,2025-11-20
STORE004,SKU01495,19.9,25,10,2025-11-20
STORE010,SKU01495,3.4,25,10,2025-11-20
STORE008,SKU01495,418.2,25,10,2025-11-20
STORE025,SKU01495,54.6,25,10,2025-11-20
STORE020,SKU01495,48.1,25,10,2025-11-20
STORE013,SKU01495,269.4,25,10,2025-11-20
STORE024,SKU01495,78.0,25,10,2025-11-20
STORE021,SKU01495,142.6,25,10,2025-11-20
STORE003,SKU01495,35.9,25,10,2025-11-20
STORE016,SKU01495,649.7,25,10,2025-11-20
STORE028,SKU01495,385.8,25,10,2025-11-20
STORE002,SKU01495,403.2,25,10,2025-11-20
STORE029,SKU01495,105.6,25,10,2025-11-20
STORE009,SKU01495,290.6,25,10,2025-11-20
STORE023,SKU01496,281.0,31,15,2025-11-20
STORE009,SKU01497,0.0,115,49,2025-10-15
STORE015,SKU01498,58.8,25,10,2025-11-20
STORE018,SKU01498,137.2,25,10,2025-11-20
STORE011,SKU01499,0.0,70,24,2025-10-15
STORE020,SKU01500,102.0,25,10,2025-11-20
STORE003,SKU01501,74.5,32,16,2025-11-20
STORE009,SKU01501,89.5,32,16,2025-11-20
STORE004,SKU01502,4.7,25,10,2025-11-20
STORE013,SKU01502,347.3,25,10,2025-11-20
STORE027,SKU01503,61.0,26,11,2025-11-20
STORE018,SKU01504,22.0,27,12,2025-11-20
STORE013,SKU01505,237.0,25,10,2025-11-20
STORE001,SKU01506,23.8,25,10,2025-11-20
STORE003,SKU01506,150.5,25,10,2025-11-20
STORE007,SKU01506,79.7,25,10,2025-11-20
STORE026,SKU01507,1.2,25,10,2025-11-20
STORE009,SKU01507,1.3,25,10,2025-11-20
STORE016,SKU01507,4.9,25,10,2025-11-20
STORE015,SKU01507,8.8,25,10,2025-11-20
STORE018,SKU01507,2.7,25,10,2025-11-20
STORE019,SKU01507,1.5,25,10,2025-11-20
STORE029,SKU01507,10.0,25,10,2025-11-20
STORE017,SKU01507,5.5,25,10,2025-11-20
STORE025,SKU01507,2.9,25,10,2025-11-20
STORE014,SKU01507,3.3,25,10,2025-11-20
STORE007,SKU01507,1.1,25,10,2025-11-20
STORE024,SKU01507,4.9,25,10,2025-11-20
STORE002,SKU01507,2.2,25,10,2025-11-20
STORE021,SKU01507,26.9,25,10,2025-11-20
STORE028,SKU01507,3.2,25,10,2025-11-20
STORE010,SKU01507,3.3,25,10,2025-11-20
STORE030,SKU01507,4.1,25,10,2025-11-20
STORE008,SKU01507,12.3,25,10,2025-11-20
STORE020,SKU01507,8.0,25,10,2025-11-20
STORE013,SKU01508,53.6,25,10,2025-11-20
STORE011,SKU01508,113.4,25,10,2025-11-20
STORE004,SKU01509,95.0,25,10,2025-11-20
STORE005,SKU01509,73.0,25,10,2025-11-20
STORE006,SKU01510,67.0,25,10,2025-11-20
STORE004,SKU01511,0.0,109,31,2025-10-15
STORE026,SKU01512,65.2,25,10,2025-11-20
STORE002,SKU01512,29.5,25,10,2025-11-20
STORE028,SKU01512,257.6,25,10,2025-11-20
STORE003,SKU01512,42.7,25,10,2025-11-20
STORE009,SKU01513,60.8,25,10,2025-11-20
STORE004,SKU01513,15.2,25,10,2025-11-20
STORE018,SKU01513,20.0,25,10,2025-11-20
STORE018,SKU01514,266.2,25,10,2025-11-20
STORE009,SKU01514,47.1,25,10,2025-11-20
STORE005,SKU01514,160.2,25,10,2025-11-20
STORE026,SKU01514,35.5,25,10,2025-11-20
STORE004,SKU01515,75.2,25,10,2025-11-20
STORE030,SKU01515,45.7,25,10,2025-11-20
STORE024,SKU01515,116.1,25,10,2025-11-20
STORE022,SKU01516,27.0,25,10,2025-11-20
STORE014,SKU01516,19.5,25,10,2025-11-20
STORE007,SKU01516,56.5,25,10,2025-11-20
STORE002,SKU01516,283.0,25,10,2025-11-20
STORE029,SKU01517,76.5,25,10,2025-11-20
STORE022,SKU01517,33.5,25,10,2025-11-20
STORE019,SKU01518,65.2,25,10,2025-11-20
STORE002,SKU01518,7.9,25,10,2025-11-20
STORE001,SKU01518,373.5,25,10,2025-11-20
STORE004,SKU01518,98.3,25,10,2025-11-20
STORE011,SKU01518,30.1,25,10,2025-11-20
STORE020,SKU01519,84.2,25,10,2025-11-20
STORE024,SKU01519,11.1,25,10,2025-11-20
STORE009,SKU01519,322.6,25,10,2025-11-20
STORE010,SKU01519,18.4,25,10,2025-11-20
STORE014,SKU01519,99.8,25,10,2025-11-20
STORE008,SKU01520,18.7,25,10,2025-11-20
STORE020,SKU01520,84.1,25,10,2025-11-20
STORE019,SKU01520,99.8,25,10,2025-11-20
STORE025,SKU01520,74.4,25,10,2025-11-20
STORE009,SKU01521,62.9,25,10,2025-11-20
STORE030,SKU01521,147.1,25,10,2025-11-20
STORE018,SKU01522,0.0,76,31,2025-10-15
STORE005,SKU01523,43.0,25,10,2025-11-20
STORE001,SKU01523,211.0,25,10,2025-11-20
STORE018,SKU01524,10.3,25,10,2025-11-20
STORE019,SKU01524,159.9,25,10,2025-11-20
STORE011,SKU01524,17.8,25,10,2025-11-20
STORE025,SKU01525,40.0,26,11,2025-11-20
STORE008,SKU01526,247.8,25,10,2025-11-20
STORE006,SKU01526,51.2,25,10,2025-11-20
STORE026,SKU01527,0.0,104,50,2025-10-15
STORE007,SKU01528,105.0,25,10,2025-11-20
STORE018,SKU01529,35.3,25,10,2025-11-20
STORE020,SKU01529,56.7,25,10,2025-11-20
STORE001,SKU01529,28.6,25,10,2025-11-20
STORE006,SKU01529,2.1,25,10,2025-11-20
STORE003,SKU01529,226.3,25,10,2025-11-20
STORE019,SKU01530,91.0,25,10,2025-11-20
STORE024,SKU01531,46.3,25,10,2025-11-20
STORE020,SKU01531,45.7,25,10,2025-11-20
STORE009,SKU01532,28.0,25,10,2025-11-20
STORE026,SKU01533,65.5,25,10,2025-11-20
STORE016,SKU01533,100.3,25,10,2025-11-20
STORE004,SKU01533,9.1,25,10,2025-11-20
STORE008,SKU01533,10.0,25,10,2025-11-20
STORE028,SKU01534,306.8,26,11,2025-11-20
STORE014,SKU01534,188.2,26,11,2025-11-20
STORE008,SKU01535,154.0,70,35,2025-11-20
STORE008,SKU01536,186.3,25,10,2025-11-20
STORE015,SKU01536,70.7,25,10,2025-11-20
STORE020,SKU01537,13.0,25,10,2025-11-20
STORE006,SKU01538,329.2,25,10,2025-11-20
STORE029,SKU01538,373.4,25,10,2025-11-20
STORE030,SKU01538,114.6,25,10,2025-11-20
STORE008,SKU01538,659.2,25,10,2025-11-20
STORE009,SKU01538,116.9,25,10,2025-11-20
STORE004,SKU01538,331.3,25,10,2025-11-20
STORE001,SKU01538,148.3,25,10,2025-11-20
STORE027,SKU01538,510.7,25,10,2025-11-20
STORE022,SKU01538,534.3,25,10,2025-11-20
STORE010,SKU01538,20.5,25,10,2025-11-20
STORE014,SKU01538,618.0,25,10,2025-11-20
STORE019,SKU01538,391.4,25,10,2025-11-20
STORE013,SKU01538,351.3,25,10,2025-11-20
STORE015,SKU01538,50.3,25,10,2025-11-20
STORE007,SKU01538,366.6,25,10,2025-11-20
STORE025,SKU01538,425.5,25,10,2025-11-20
STORE002,SKU01538,76.5,25,10,2025-11-20
STORE020,SKU01538,681.9,25,10,2025-11-20
STORE016,SKU01538,11.5,25,10,2025-11-20
STORE023,SKU01538,36.4,25,10,2025-11-20
STORE011,SKU01538,172.9,25,10,2025-11-20
STORE003,SKU01538,192.2,25,10,2025-11-20
STORE012,SKU01538,232.3,25,10,2025-11-20
STORE021,SKU01538,3.8,25,10,2025-11-20
STORE020,SKU01539,128.2,25,10,2025-11-20
STORE025,SKU01539,1.8,25,10,2025-11-20
STORE013,SKU01540,184.2,25,10,2025-11-20
STORE001,SKU01540,16.8,25,10,2025-11-20
STORE018,SKU01541,0.0,91,44,2025-10-15
STORE007,SKU01542,298.1,25,10,2025-11-20
STORE029,SKU01542,959.2,25,10,2025-11-20
STORE022,SKU01542,390.6,25,10,2025-11-20
STORE016,SKU01542,616.3,25,10,2025-11-20
STORE014,SKU01542,4.8,25,10,2025-11-20
STORE017,SKU01542,278.2,25,10,2025-11-20
STORE011,SKU01542,219.2,25,10,2025-11-20
STORE024,SKU01542,246.2,25,10,2025-11-20
STORE001,SKU01542,26.7,25,10,2025-11-20
STORE027,SKU01542,410.9,25,10,2025-11-20
STORE025,SKU01542,249.3,25,10,2025-11-20
STORE013,SKU01542,516.2,25,10,2025-11-20
STORE015,SKU01542,236.6,25,10,2025-11-20
STORE030,SKU01542,57.6,25,10,2025-11-20
STORE012,SKU01542,372.3,25,10,2025-11-20
STORE003,SKU01542,67.4,25,10,2025-11-20
STORE021,SKU01542,733.5,25,10,2025-11-20
STORE002,SKU01542,338.3,25,10,2025-11-20
STORE010,SKU01542,60.9,25,10,2025-11-20
STORE023,SKU01542,1168.3,25,10,2025-11-20
STORE020,SKU01542,260.3,25,10,2025-11-20
STORE018,SKU01542,27.0,25,10,2025-11-20
STORE026,SKU01543,77.0,25,10,2025-11-20
STORE013,SKU01543,22.8,25,10,2025-11-20
STORE007,SKU01543,127.2,25,10,2025-11-20
STORE011,SKU01543,133.0,25,10,2025-11-20
STORE012,SKU01544,54.2,25,10,2025-11-20
STORE013,SKU01544,9.8,25,10,2025-11-20
STORE009,SKU01545,115.5,26,11,2025-11-20
STORE008,SKU01545,266.5,26,11,2025-11-20
STORE023,SKU01545,27.0,26,11,2025-11-20
STORE010,SKU01546,17.5,25,10,2025-11-20
STORE029,SKU01546,17.5,25,10,2025-11-20
STORE008,SKU01547,1.8,25,10,2025-11-20
STORE013,SKU01547,10.3,25,10,2025-11-20
STORE020,SKU01547,36.5,25,10,2025-11-20
STORE016,SKU01547,36.9,25,10,2025-11-20
STORE001,SKU01547,2.0,25,10,2025-11-20
STORE022,SKU01547,1.8,25,10,2025-11-20
STORE019,SKU01547,5.8,25,10,2025-11-20
STORE030,SKU01547,39.5,25,10,2025-11-20
STORE021,SKU01547,2.6,25,10,2025-11-20
STORE003,SKU01547,24.2,25,10,2025-11-20
STORE015,SKU01547,2.0,25,10,2025-11-20
STORE026,SKU01547,18.6,25,10,2025-11-20
STORE029,SKU01547,8.4,25,10,2025-11-20
STORE012,SKU01547,29.6,25,10,2025-11-20
STORE017,SKU01547,5.1,25,10,2025-11-20
STORE013,SKU01548,83.9,25,10,2025-11-20
STORE001,SKU01548,22.1,25,10,2025-11-20
STORE016,SKU01549,72.5,25,10,2025-11-20
STORE014,SKU01549,119.9,25,10,2025-11-20
STORE024,SKU01549,7.9,25,10,2025-11-20
STORE015,SKU01549,116.7,25,10,2025-11-20
STORE030,SKU01550,200.5,25,10,2025-11-20
STORE014,SKU01550,30.3,25,10,2025-11-20
STORE003,SKU01550,124.2,25,10,2025-11-20
STORE009,SKU01550,39.1,25,10,2025-11-20
STORE012,SKU01551,126.1,27,12,2025-11-20
STORE008,SKU01551,148.9,27,12,2025-11-20
STORE009,SKU01552,19.2,25,10,2025-11-20
STORE012,SKU01552,120.8,25,10,2025-11-20
STORE030,SKU01553,82.0,25,10,2025-11-20
STORE009,SKU01554,168.3,25,10,2025-11-20
STORE016,SKU01554,44.1,25,10,2025-11-20
STORE006,SKU01554,183.6,25,10,2025-11-20
STORE008,SKU01554,46.9,25,10,2025-11-20
STORE028,SKU01555,11.0,67,33,2025-11-20
STORE019,SKU01556,0.0,103,40,2025-10-15
STORE020,SKU01557,46.0,25,10,2025-11-20
STORE017,SKU01558,95.1,25,10,2025-11-20
STORE026,SKU01558,89.4,25,10,2025-11-20
STORE007,SKU01558,94.4,25,10,2025-11-20
STORE028,SKU01559,0.0,75,21,2025-10-15
STORE012,SKU01560,64.0,25,10,2025-11-20
STORE002,SKU01561,146.5,25,10,2025-11-20
STORE025,SKU01561,42.5,25,10,2025-11-20
STORE008,SKU01562,30.3,25,10,2025-11-20
STORE003,SKU01562,50.7,25,10,2025-11-20
STORE023,SKU01563,0.0,89,49,2025-10-15
STORE003,SKU01564,22.7,25,10,2025-11-20
STORE020,SKU01564,7.3,25,10,2025-11-20
STORE023,SKU01565,37.0,25,10,2025-11-20
STORE018,SKU01566,0.0,67,21,2025-10-15
STORE003,SKU01567,18.6,25,10,2025-11-20
STORE017,SKU01567,11.4,25,10,2025-11-20
STORE030,SKU01568,41.6,25,10,2025-11-20
STORE009,SKU01568,100.4,25,10,2025-11-20
STORE015,SKU01568,1096.8,25,10,2025-11-20
STORE005,SKU01568,133.9,25,10,2025-11-20
STORE010,SKU01568,68.0,25,10,2025-11-20
STORE027,SKU01568,227.1,25,10,2025-11-20
STORE014,SKU01568,135.0,25,10,2025-11-20
STORE029,SKU01568,13.2,25,10,2025-11-20
STORE006,SKU01568,143.6,25,10,2025-11-20
STORE008,SKU01568,289.0,25,10,2025-11-20
STORE024,SKU01568,295.2,25,10,2025-11-20
STORE026,SKU01568,162.2,25,10,2025-11-20
STORE022,SKU01568,218.1,25,10,2025-11-20
STORE017,SKU01568,1238.7,25,10,2025-11-20
STORE003,SKU01568,174.3,25,10,2025-11-20
STORE004,SKU01568,109.9,25,10,2025-11-20
STORE020,SKU01568,102.6,25,10,2025-11-20
STORE002,SKU01568,225.2,25,10,2025-11-20
STORE019,SKU01568,524.3,25,10,2025-11-20
STORE001,SKU01568,84.9,25,10,2025-11-20
STORE012,SKU01568,454.5,25,10,2025-11-20
STORE016,SKU01568,7.9,25,10,2025-11-20
STORE025,SKU01568,199.7,25,10,2025-11-20
STORE021,SKU01568,550.2,25,10,2025-11-20
STORE016,SKU01569,41.0,25,10,2025-11-20
STORE014,SKU01570,135.8,25,10,2025-11-20
STORE029,SKU01570,37.5,25,10,2025-11-20
STORE006,SKU01570,221.7,25,10,2025-11-20
STORE008,SKU01571,4.4,25,10,2025-11-20
STORE001,SKU01571,155.6,25,10,2025-11-20
STORE026,SKU01572,199.0,26,11,2025-11-20
STORE007,SKU01573,153.2,25,10,2025-11-20
STORE020,SKU01573,32.1,25,10,2025-11-20
STORE023,SKU01573,94.7,25,10,2025-11-20
STORE003,SKU01574,0.0,101,22,2025-10-15
STORE004,SKU01575,31.7,25,10,2025-11-20
STORE009,SKU01575,194.9,25,10,2025-11-20
STORE027,SKU01575,11.2,25,10,2025-11-20
STORE026,SKU01575,16.2,25,10,2025-11-20
STORE006,SKU01576,25.0,51,25,2025-11-20
STORE018,SKU01577,35.0,25,10,2025-11-20
STORE004,SKU01578,0.0,77,46,2025-10-15
STORE025,SKU01578,0.0,98,36,2025-10-15
STORE015,SKU01578,0.0,81,48,2025-10-15
STORE018,SKU01578,0.0,70,32,2025-10-15
STORE029,SKU01578,0.0,58,25,2025-10-15
STORE012,SKU01578,0.0,74,35,2025-10-15
STORE024,SKU01578,0.0,85,47,2025-10-15
STORE006,SKU01578,0.0,95,27,2025-10-15
STORE005,SKU01578,0.0,99,46,2025-10-15
STORE027,SKU01578,0.0,118,38,2025-10-15
STORE023,SKU01578,0.0,87,28,2025-10-15
STORE008,SKU01578,0.0,86,27,2025-10-15
STORE001,SKU01578,0.0,100,25,2025-10-15
STORE011,SKU01578,0.0,98,23,2025-10-15
STORE020,SKU01578,0.0,67,27,2025-10-15
STORE013,SKU01578,0.0,108,40,2025-10-15
STORE022,SKU01578,0.0,76,44,2025-10-15
STORE009,SKU01578,0.0,76,22,2025-10-15
STORE005,SKU01579,3.7,25,10,2025-11-20
STORE001,SKU01579,48.3,25,10,2025-11-20
STORE010,SKU01580,695.8,25,10,2025-11-20
STORE015,SKU01580,87.6,25,10,2025-11-20
STORE017,SKU01580,476.4,25,10,2025-11-20
STORE026,SKU01580,146.0,25,10,2025-11-20
STORE016,SKU01580,58.3,25,10,2025-11-20
STORE022,SKU01580,224.9,25,10,2025-11-20
STORE013,SKU01580,199.5,25,10,2025-11-20
STORE018,SKU01580,838.8,25,10,2025-11-20
STORE023,SKU01580,57.1,25,10,2025-11-20
STORE024,SKU01580,206.8,25,10,2025-11-20
STORE028,SKU01580,9.9,25,10,2025-11-20
STORE029,SKU01580,22.4,25,10,2025-11-20
STORE020,SKU01580,0.7,25,10,2025-11-20
STORE012,SKU01580,1396.1,25,10,2025-11-20
STORE021,SKU01580,300.7,25,10,2025-11-20
STORE027,SKU01580,286.7,25,10,2025-11-20
STORE005,SKU01580,132.2,25,10,2025-11-20
STORE017,SKU01581,145.2,25,10,2025-11-20
STORE030,SKU01581,66.8,25,10,2025-11-20
STORE014,SKU01582,47.8,25,10,2025-11-20
STORE006,SKU01582,67.2,25,10,2025-11-20
STORE017,SKU01582,201.3,25,10,2025-11-20
STORE028,SKU01582,110.6,25,10,2025-11-20
STORE016,SKU01583,0.0,56,24,2025-10-15
STORE007,SKU01584,0.0,90,22,2025-10-15
STORE012,SKU01585,213.0,25,10,2025-11-20
STORE027,SKU01585,48.0,25,10,2025-11-20
STORE010,SKU01586,31.7,25,10,2025-11-20
STORE004,SKU01586,155.3,25,10,2025-11-20
STORE020,SKU01587,193.5,25,10,2025-11-20
STORE029,SKU01587,72.5,25,10,2025-11-20
STORE014,SKU01588,0.0,86,32,2025-10-15
STORE010,SKU01589,277.4,25,10,2025-11-20
STORE012,SKU01589,107.6,25,10,2025-11-20
STORE001,SKU01589,76.9,25,10,2025-11-20
STORE011,SKU01590,9.5,25,10,2025-11-20
STORE016,SKU01590,172.5,25,10,2025-11-20
STORE007,SKU01590,126.3,25,10,2025-11-20
STORE025,SKU01590,15.2,25,10,2025-11-20
STORE001,SKU01590,59.3,25,10,2025-11-20
STORE028,SKU01590,55.2,25,10,2025-11-20
STORE014,SKU01591,18.9,25,10,2025-11-20
STORE025,SKU01591,56.1,25,10,2025-11-20
STORE021,SKU01592,441.0,25,10,2025-11-20
STORE025,SKU01592,395.2,25,10,2025-11-20
STORE005,SKU01592,26.3,25,10,2025-11-20
STORE015,SKU01592,33.0,25,10,2025-11-20
STORE019,SKU01592,105.5,25,10,2025-11-20
STORE029,SKU01592,16.8,25,10,2025-11-20
STORE024,SKU01592,691.8,25,10,2025-11-20
STORE028,SKU01592,653.5,25,10,2025-11-20
STORE030,SKU01592,74.4,25,10,2025-11-20
STORE010,SKU01592,919.8,25,10,2025-11-20
STORE013,SKU01592,85.5,25,10,2025-11-20
STORE008,SKU01592,182.3,25,10,2025-11-20
STORE023,SKU01592,145.6,25,10,2025-11-20
STORE001,SKU01592,236.9,25,10,2025-11-20
STORE026,SKU01592,149.5,25,10,2025-11-20
STORE029,SKU01593,230.0,25,10,2025-11-20
STORE015,SKU01594,0.0,89,28,2025-10-15
STORE013,SKU01595,52.9,25,10,2025-11-20
STORE015,SKU01595,435.8,25,10,2025-11-20
STORE023,SKU01595,5.8,25,10,2025-11-20
STORE012,SKU01595,15.5,25,10,2025-11-20
STORE029,SKU01596,4.7,25,10,2025-11-20
STORE007,SKU01596,84.4,25,10,2025-11-20
STORE015,SKU01596,4.8,25,10,2025-11-20
STORE005,SKU01596,155.5,25,10,2025-11-20
STORE014,SKU01596,61.6,25,10,2025-11-20
STORE002,SKU01597,49.0,25,10,2025-11-20
STORE008,SKU01598,0.0,89,50,2025-10-15
STORE029,SKU01599,285.1,25,10,2025-11-20
STORE021,SKU01599,64.8,25,10,2025-11-20
STORE030,SKU01599,76.2,25,10,2025-11-20
STORE004,SKU01600,69.0,25,10,2025-11-20
STORE010,SKU01600,161.7,25,10,2025-11-20
STORE012,SKU01600,42.4,25,10,2025-11-20
STORE002,SKU01601,4.3,43,21,2025-11-20
STORE012,SKU01601,122.7,43,21,2025-11-20
STORE015,SKU01602,3.1,25,10,2025-11-20
STORE030,SKU01602,225.4,25,10,2025-11-20
STORE013,SKU01602,215.5,25,10,2025-11-20
STORE029,SKU01602,49.0,25,10,2025-11-20
STORE021,SKU01603,0.0,104,47,2025-10-15
STORE003,SKU01604,87.0,25,10,2025-11-20
STORE020,SKU01605,48.8,25,10,2025-11-20
STORE010,SKU01605,370.6,25,10,2025-11-20
STORE012,SKU01605,319.2,25,10,2025-11-20
STORE027,SKU01605,473.4,25,10,2025-11-20
STORE017,SKU01605,859.5,25,10,2025-11-20
STORE018,SKU01605,365.1,25,10,2025-11-20
STORE016,SKU01605,52.5,25,10,2025-11-20
STORE002,SKU01605,86.5,25,10,2025-11-20
STORE024,SKU01605,572.5,25,10,2025-11-20
STORE003,SKU01605,72.8,25,10,2025-11-20
STORE028,SKU01605,23.3,25,10,2025-11-20
STORE011,SKU01605,376.7,25,10,2025-11-20
STORE007,SKU01605,159.7,25,10,2025-11-20
STORE029,SKU01605,783.3,25,10,2025-11-20
STORE006,SKU01605,325.7,25,10,2025-11-20
STORE001,SKU01605,29.4,25,10,2025-11-20
STORE023,SKU01605,915.8,25,10,2025-11-20
STORE021,SKU01605,92.8,25,10,2025-11-20
STORE030,SKU01605,127.5,25,10,2025-11-20
STORE009,SKU01605,159.6,25,10,2025-11-20
STORE005,SKU01605,16.3,25,10,2025-11-20
STORE015,SKU01605,212.8,25,10,2025-11-20
STORE019,SKU01605,40.8,25,10,2025-11-20
STORE026,SKU01605,158.9,25,10,2025-11-20
STORE014,SKU01605,133.9,25,10,2025-11-20
STORE025,SKU01605,459.5,25,10,2025-11-20
STORE013,SKU01605,504.0,25,10,2025-11-20
STORE008,SKU01605,51.6,25,10,2025-11-20
STORE022,SKU01605,141.6,25,10,2025-11-20
STORE013,SKU01606,50.8,25,10,2025-11-20
STORE011,SKU01606,17.8,25,10,2025-11-20
STORE026,SKU01606,174.0,25,10,2025-11-20
STORE020,SKU01606,133.4,25,10,2025-11-20
STORE015,SKU01607,113.0,25,10,2025-11-20
STORE012,SKU01608,112.6,25,10,2025-11-20
STORE020,SKU01608,27.6,25,10,2025-11-20
STORE011,SKU01608,243.9,25,10,2025-11-20
STORE010,SKU01608,31.9,25,10,2025-11-20
STORE012,SKU01609,347.9,25,10,2025-11-20
STORE002,SKU01609,123.8,25,10,2025-11-20
STORE026,SKU01609,40.4,25,10,2025-11-20
STORE017,SKU01610,55.7,25,10,2025-11-20
STORE019,SKU01610,156.2,25,10,2025-11-20
STORE004,SKU01610,52.1,25,10,2025-11-20
STORE029,SKU01611,108.0,25,10,2025-11-20
STORE015,SKU01611,268.0,25,10,2025-11-20
STORE025,SKU01612,52.0,25,10,2025-11-20
STORE016,SKU01613,13.5,25,10,2025-11-20
STORE014,SKU01613,13.8,25,10,2025-11-20
STORE025,SKU01613,26.4,25,10,2025-11-20
STORE017,SKU01613,29.4,25,10,2025-11-20
STORE002,SKU01614,107.0,25,10,2025-11-20
STORE022,SKU01615,5.0,25,10,2025-11-20
STORE025,SKU01616,37.5,25,10,2025-11-20
STORE018,SKU01616,64.5,25,10,2025-11-20
STORE024,SKU01617,108.5,25,10,2025-11-20
STORE019,SKU01617,71.6,25,10,2025-11-20
STORE017,SKU01617,14.0,25,10,2025-11-20
STORE003,SKU01618,233.0,25,10,2025-11-20
STORE005,SKU01619,201.9,25,10,2025-11-20
STORE030,SKU01619,14.3,25,10,2025-11-20
STORE027,SKU01619,98.8,25,10,2025-11-20
STORE013,SKU01620,41.9,25,10,2025-11-20
STORE011,SKU01620,90.1,25,10,2025-11-20
STORE022,SKU01621,4.9,25,10,2025-11-20
STORE023,SKU01621,137.1,25,10,2025-11-20
STORE015,SKU01621,214.0,25,10,2025-11-20
STORE024,SKU01622,0.0,113,43,2025-10-15
STORE009,SKU01623,157.5,25,10,2025-11-20
STORE005,SKU01623,177.5,25,10,2025-11-20
STORE005,SKU01624,148.3,25,10,2025-11-20
STORE025,SKU01624,19.9,25,10,2025-11-20
STORE030,SKU01624,10.5,25,10,2025-11-20
STORE007,SKU01624,156.3,25,10,2025-11-20
STORE003,SKU01625,9.2,25,10,2025-11-20
STORE020,SKU01625,199.8,25,10,2025-11-20
STORE013,SKU01626,114.8,25,10,2025-11-20
STORE009,SKU01626,43.2,25,10,2025-11-20
STORE013,SKU01627,5.0,29,14,2025-11-20
STORE008,SKU01628,39.6,26,11,2025-11-20
STORE002,SKU01628,139.4,26,11,2025-11-20
STORE002,SKU01629,168.0,25,10,2025-11-20
STORE010,SKU01629,71.2,25,10,2025-11-20
STORE001,SKU01629,435.6,25,10,2025-11-20
STORE005,SKU01629,11.2,25,10,2025-11-20
STORE007,SKU01630,50.4,25,10,2025-11-20
STORE014,SKU01630,56.6,25,10,2025-11-20
STORE019,SKU01631,184.5,25,10,2025-11-20
STORE007,SKU01631,51.5,25,10,2025-11-20
STORE014,SKU01632,35.7,25,10,2025-11-20
STORE026,SKU01632,146.2,25,10,2025-11-20
STORE027,SKU01632,17.1,25,10,2025-11-20
STORE029,SKU01633,131.4,25,10,2025-11-20
STORE005,SKU01633,62.0,25,10,2025-11-20
STORE014,SKU01633,107.6,25,10,2025-11-20
STORE018,SKU01634,263.9,25,10,2025-11-20
STORE019,SKU01634,49.1,25,10,2025-11-20
STORE009,SKU01635,44.4,25,10,2025-11-20
STORE030,SKU01635,106.6,25,10,2025-11-20
STORE007,SKU01636,77.0,25,10,2025-11-20
STORE001,SKU01637,240.6,25,10,2025-11-20
STORE003,SKU01637,42.6,25,10,2025-11-20
STORE006,SKU01637,10.9,25,10,2025-11-20
STORE028,SKU01637,34.9,25,10,2025-11-20
STORE002,SKU01638,247.5,26,11,2025-11-20
STORE009,SKU01638,31.5,26,11,2025-11-20
STORE024,SKU01639,188.5,25,10,2025-11-20
STORE016,SKU01639,198.3,25,10,2025-11-20
STORE026,SKU01639,40.1,25,10,2025-11-20
STORE003,SKU01640,81.0,25,10,2025-11-20
STORE008,SKU01641,41.0,25,10,2025-11-20
STORE015,SKU01642,24.5,25,10,2025-11-20
STORE030,SKU01642,100.2,25,10,2025-11-20
STORE006,SKU01642,38.3,25,10,2025-11-20
STORE030,SKU01643,184.8,25,10,2025-11-20
STORE022,SKU01643,418.6,25,10,2025-11-20
STORE016,SKU01643,134.1,25,10,2025-11-20
STORE004,SKU01643,162.9,25,10,2025-11-20
STORE003,SKU01643,131.3,25,10,2025-11-20
STORE029,SKU01643,127.4,25,10,2025-11-20
STORE015,SKU01643,207.7,25,10,2025-11-20
STORE011,SKU01643,460.3,25,10,2025-11-20
STORE020,SKU01643,124.9,25,10,2025-11-20
STORE012,SKU01643,206.7,25,10,2025-11-20
STORE028,SKU01643,309.0,25,10,2025-11-20
STORE009,SKU01643,87.3,25,10,2025-11-20
STORE018,SKU01643,90.4,25,10,2025-11-20
STORE023,SKU01643,753.7,25,10,2025-11-20
STORE017,SKU01643,357.7,25,10,2025-11-20
STORE019,SKU01643,239.5,25,10,2025-11-20
STORE026,SKU01643,290.3,25,10,2025-11-20
STORE025,SKU01643,8.3,25,10,2025-11-20
STORE013,SKU01643,267.8,25,10,2025-11-20
STORE010,SKU01643,198.2,25,10,2025-11-20
STORE024,SKU01643,219.5,25,10,2025-11-20
STORE005,SKU01643,123.9,25,10,2025-11-20
STORE026,SKU01644,9.0,25,10,2025-11-20
STORE020,SKU01644,22.9,25,10,2025-11-20
STORE025,SKU01644,320.2,25,10,2025-11-20
STORE029,SKU01644,55.9,25,10,2025-11-20
STORE008,SKU01645,351.3,25,10,2025-11-20
STORE030,SKU01645,30.3,25,10,2025-11-20
STORE027,SKU01645,21.4,25,10,2025-11-20
STORE001,SKU01645,705.8,25,10,2025-11-20
STORE014,SKU01645,431.7,25,10,2025-11-20
STORE016,SKU01645,397.2,25,10,2025-11-20
STORE009,SKU01645,155.7,25,10,2025-11-20
STORE011,SKU01645,763.1,25,10,2025-11-20
STORE017,SKU01645,102.9,25,10,2025-11-20
STORE010,SKU01645,117.7,25,10,2025-11-20
STORE025,SKU01645,345.1,25,10,2025-11-20
STORE013,SKU01645,188.5,25,10,2025-11-20
STORE002,SKU01645,158.9,25,10,2025-11-20
STORE021,SKU01645,579.2,25,10,2025-11-20
STORE024,SKU01645,588.3,25,10,2025-11-20
STORE004,SKU01646,332.3,25,10,2025-11-20
STORE027,SKU01646,103.3,25,10,2025-11-20
STORE005,SKU01646,14.5,25,10,2025-11-20
STORE018,SKU01647,21.2,25,10,2025-11-20
STORE008,SKU01647,258.8,25,10,2025-11-20
STORE028,SKU01648,198.0,25,10,2025-11-20
STORE026,SKU01649,387.8,25,10,2025-11-20
STORE008,SKU01649,2.3,25,10,2025-11-20
STORE029,SKU01649,229.0,25,10,2025-11-20
STORE015,SKU01649,12.0,25,10,2025-11-20
STORE005,SKU01649,264.1,25,10,2025-11-20
STORE004,SKU01649,794.9,25,10,2025-11-20
STORE023,SKU01649,1083.3,25,10,2025-11-20
STORE018,SKU01649,243.8,25,10,2025-11-20
STORE017,SKU01649,192.2,25,10,2025-11-20
STORE012,SKU01649,909.5,25,10,2025-11-20
STORE014,SKU01649,351.1,25,10,2025-11-20
STORE013,SKU01649,21.0,25,10,2025-11-20
STORE020,SKU01649,196.5,25,10,2025-11-20
STORE011,SKU01649,86.1,25,10,2025-11-20
STORE010,SKU01649,198.9,25,10,2025-11-20
STORE002,SKU01649,190.6,25,10,2025-11-20
STORE025,SKU01649,273.6,25,10,2025-11-20
STORE003,SKU01649,138.3,25,10,2025-11-20
STORE016,SKU01649,56.3,25,10,2025-11-20
STORE028,SKU01649,219.7,25,10,2025-11-20
STORE027,SKU01649,555.9,25,10,2025-11-20
STORE025,SKU01650,82.8,25,10,2025-11-20
STORE011,SKU01650,31.4,25,10,2025-11-20
STORE030,SKU01650,208.2,25,10,2025-11-20
STORE029,SKU01650,184.8,25,10,2025-11-20
STORE002,SKU01650,17.8,25,10,2025-11-20
STORE014,SKU01651,9.0,25,10,2025-11-20
STORE013,SKU01651,302.3,25,10,2025-11-20
STORE027,SKU01651,393.0,25,10,2025-11-20
STORE030,SKU01651,768.5,25,10,2025-11-20
STORE005,SKU01651,493.1,25,10,2025-11-20
STORE028,SKU01651,205.1,25,10,2025-11-20
STORE016,SKU01651,168.8,25,10,2025-11-20
STORE001,SKU01651,6.3,25,10,2025-11-20
STORE011,SKU01651,63.3,25,10,2025-11-20
STORE012,SKU01651,137.6,25,10,2025-11-20
STORE004,SKU01651,221.4,25,10,2025-11-20
STORE010,SKU01651,182.1,25,10,2025-11-20
STORE008,SKU01651,303.4,25,10,2025-11-20
STORE024,SKU01651,73.4,25,10,2025-11-20
STORE017,SKU01651,186.1,25,10,2025-11-20
STORE015,SKU01651,20.6,25,10,2025-11-20
STORE007,SKU01651,119.3,25,10,2025-11-20
STORE019,SKU01651,310.1,25,10,2025-11-20
STORE020,SKU01651,264.3,25,10,2025-11-20
STORE025,SKU01651,1044.4,25,10,2025-11-20
STORE022,SKU01651,72.8,25,10,2025-11-20
STORE028,SKU01652,29.8,30,15,2025-11-20
STORE008,SKU01652,17.2,30,15,2025-11-20
STORE010,SKU01653,38.4,25,10,2025-11-20
STORE008,SKU01653,128.6,25,10,2025-11-20
STORE020,SKU01654,0.0,85,45,2025-10-15
STORE011,SKU01655,135.0,39,19,2025-11-20
STORE006,SKU01656,61.0,25,10,2025-11-20
STORE020,SKU01657,27.2,25,10,2025-11-20
STORE011,SKU01657,247.4,25,10,2025-11-20
STORE019,SKU01657,7.4,25,10,2025-11-20
STORE013,SKU01658,0.0,82,47,2025-10-15
STORE004,SKU01659,132.4,25,10,2025-11-20
STORE003,SKU01659,24.1,25,10,2025-11-20
STORE026,SKU01659,22.8,25,10,2025-11-20
STORE024,SKU01659,43.3,25,10,2025-11-20
STORE001,SKU01659,170.4,25,10,2025-11-20
STORE005,SKU01660,23.1,27,12,2025-11-20
STORE018,SKU01660,204.9,27,12,2025-11-20
STORE014,SKU01661,0.0,70,35,2025-10-15
STORE030,SKU01662,0.0,99,46,2025-10-15
STORE026,SKU01662,0.0,114,41,2025-10-15
STORE029,SKU01662,0.0,123,49,2025-10-15
STORE023,SKU01662,0.0,103,31,2025-10-15
STORE021,SKU01662,0.0,73,38,2025-10-15
STORE005,SKU01662,0.0,61,21,2025-10-15
STORE002,SKU01662,0.0,97,48,2025-10-15
STORE001,SKU01662,0.0,66,30,2025-10-15
STORE016,SKU01662,0.0,88,21,2025-10-15
STORE006,SKU01662,0.0,54,22,2025-10-15
STORE024,SKU01662,0.0,69,39,2025-10-15
STORE025,SKU01662,0.0,88,46,2025-10-15
STORE010,SKU01662,0.0,85,45,2025-10-15
STORE029,SKU01663,55.6,25,10,2025-11-20
STORE013,SKU01663,14.4,25,10,2025-11-20
STORE027,SKU01664,0.0,71,35,2025-10-15
STORE009,SKU01665,53.3,25,10,2025-11-20
STORE019,SKU01665,132.7,25,10,2025-11-20
STORE010,SKU01666,39.9,25,10,2025-11-20
STORE020,SKU01666,202.1,25,10,2025-11-20
STORE027,SKU01667,130.6,25,10,2025-11-20
STORE017,SKU01667,64.0,25,10,2025-11-20
STORE003,SKU01667,405.4,25,10,2025-11-20
STORE027,SKU01668,72.9,25,10,2025-11-20
STORE020,SKU01668,7.0,25,10,2025-11-20
STORE010,SKU01668,35.4,25,10,2025-11-20
STORE005,SKU01668,66.7,25,10,2025-11-20
STORE003,SKU01669,12.3,25,10,2025-11-20
STORE015,SKU01669,212.7,25,10,2025-11-20
STORE020,SKU01670,110.0,25,10,2025-11-20
STORE028,SKU01671,15.0,25,10,2025-11-20
STORE009,SKU01671,42.8,25,10,2025-11-20
STORE006,SKU01671,61.3,25,10,2025-11-20
STORE021,SKU01671,135.9,25,10,2025-11-20
STORE025,SKU01672,172.3,25,10,2025-11-20
STORE023,SKU01672,58.4,25,10,2025-11-20
STORE017,SKU01672,120.3,25,10,2025-11-20
STORE004,SKU01673,85.0,32,16,2025-11-20
STORE016,SKU01674,213.2,25,10,2025-11-20
STORE020,SKU01674,32.3,25,10,2025-11-20
STORE008,SKU01674,35.7,25,10,2025-11-20
STORE023,SKU01674,199.9,25,10,2025-11-20
STORE010,SKU01674,83.0,25,10,2025-11-20
STORE002,SKU01674,5.6,25,10,2025-11-20
STORE013,SKU01674,340.1,25,10,2025-11-20
STORE011,SKU01674,8.8,25,10,2025-11-20
STORE022,SKU01674,239.7,25,10,2025-11-20
STORE006,SKU01674,205.4,25,10,2025-11-20
STORE030,SKU01674,919.1,25,10,2025-11-20
STORE015,SKU01674,175.5,25,10,2025-11-20
STORE012,SKU01674,17.4,25,10,2025-11-20
STORE017,SKU01674,212.6,25,10,2025-11-20
STORE026,SKU01674,487.5,25,10,2025-11-20
STORE005,SKU01674,1526.7,25,10,2025-11-20
STORE027,SKU01674,149.1,25,10,2025-11-20
STORE018,SKU01674,102.3,25,10,2025-11-20
STORE007,SKU01674,628.5,25,10,2025-11-20
STORE024,SKU01674,56.3,25,10,2025-11-20
STORE004,SKU01674,253.3,25,10,2025-11-20
STORE019,SKU01674,137.9,25,10,2025-11-20
STORE021,SKU01674,11.1,25,10,2025-11-20
STORE025,SKU01674,113.1,25,10,2025-11-20
STORE014,SKU01674,81.7,25,10,2025-11-20
STORE015,SKU01675,211.4,25,10,2025-11-20
STORE005,SKU01675,542.2,25,10,2025-11-20
STORE023,SKU01675,56.9,25,10,2025-11-20
STORE029,SKU01675,304.4,25,10,2025-11-20
STORE002,SKU01675,10.4,25,10,2025-11-20
STORE003,SKU01675,140.9,25,10,2025-11-20
STORE026,SKU01675,13.3,25,10,2025-11-20
STORE019,SKU01675,496.0,25,10,2025-11-20
STORE004,SKU01675,265.3,25,10,2025-11-20
STORE027,SKU01675,195.7,25,10,2025-11-20
STORE022,SKU01675,316.9,25,10,2025-11-20
STORE030,SKU01675,190.3,25,10,2025-11-20
STORE021,SKU01675,633.5,25,10,2025-11-20
STORE018,SKU01675,228.4,25,10,2025-11-20
STORE025,SKU01675,471.8,25,10,2025-11-20
STORE017,SKU01675,132.8,25,10,2025-11-20
STORE013,SKU01675,22.7,25,10,2025-11-20
STORE006,SKU01675,137.1,25,10,2025-11-20
STORE023,SKU01676,87.0,25,10,2025-11-20
STORE011,SKU01677,15.7,25,10,2025-11-20
STORE019,SKU01677,11.5,25,10,2025-11-20
STORE008,SKU01677,17.1,25,10,2025-11-20
STORE023,SKU01677,0.2,25,10,2025-11-20
STORE016,SKU01677,3.8,25,10,2025-11-20
STORE014,SKU01677,11.8,25,10,2025-11-20
STORE025,SKU01677,52.7,25,10,2025-11-20
STORE004,SKU01677,8.5,25,10,2025-11-20
STORE021,SKU01677,9.7,25,10,2025-11-20
STORE018,SKU01677,22.0,25,10,2025-11-20
STORE029,SKU01677,16.2,25,10,2025-11-20
STORE010,SKU01677,6.2,25,10,2025-11-20
STORE007,SKU01677,9.3,25,10,2025-11-20
STORE026,SKU01677,4.3,25,10,2025-11-20
STORE021,SKU01678,114.0,25,10,2025-11-20
STORE002,SKU01679,61.9,25,10,2025-11-20
STORE012,SKU01679,205.5,25,10,2025-11-20
STORE006,SKU01679,11.6,25,10,2025-11-20
STORE013,SKU01680,0.0,78,26,2025-10-15
STORE003,SKU01681,9.6,25,10,2025-11-20
STORE002,SKU01681,57.9,25,10,2025-11-20
STORE027,SKU01681,8.6,25,10,2025-11-20
STORE028,SKU01682,34.0,25,10,2025-11-20
STORE026,SKU01682,261.9,25,10,2025-11-20
STORE009,SKU01682,4.1,25,10,2025-11-20
STORE013,SKU01682,36.1,25,10,2025-11-20
STORE006,SKU01683,249.0,39,19,2025-11-20
STORE027,SKU01684,262.0,25,10,2025-11-20
STORE016,SKU01684,437.8,25,10,2025-11-20
STORE015,SKU01684,342.2,25,10,2025-11-20
STORE022,SKU01684,204.0,25,10,2025-11-20
STORE013,SKU01684,9.5,25,10,2025-11-20
STORE023,SKU01684,271.1,25,10,2025-11-20
STORE011,SKU01684,331.5,25,10,2025-11-20
STORE028,SKU01684,284.9,25,10,2025-11-20
STORE005,SKU01684,126.1,25,10,2025-11-20
STORE024,SKU01684,47.1,25,10,2025-11-20
STORE014,SKU01684,331.3,25,10,2025-11-20
STORE021,SKU01684,230.5,25,10,2025-11-20
STORE006,SKU01684,701.2,25,10,2025-11-20
STORE001,SKU01684,30.0,25,10,2025-11-20
STORE018,SKU01684,45.4,25,10,2025-11-20
STORE030,SKU01684,42.2,25,10,2025-11-20
STORE007,SKU01684,279.2,25,10,2025-11-20
STORE003,SKU01685,2.6,25,10,2025-11-20
STORE016,SKU01685,0.9,25,10,2025-11-20
STORE011,SKU01685,83.3,25,10,2025-11-20
STORE005,SKU01685,0.3,25,10,2025-11-20
STORE002,SKU01685,22.9,25,10,2025-11-20
STORE027,SKU01685,5.8,25,10,2025-11-20
STORE008,SKU01685,23.4,25,10,2025-11-20
STORE017,SKU01685,10.3,25,10,2025-11-20
STORE020,SKU01685,29.5,25,10,2025-11-20
STORE029,SKU01685,33.2,25,10,2025-11-20
STORE009,SKU01685,0.1,25,10,2025-11-20
STORE007,SKU01685,1.0,25,10,2025-11-20
STORE006,SKU01685,3.7,25,10,2025-11-20
STORE014,SKU01686,38.0,25,10,2025-11-20
STORE002,SKU01687,307.4,25,10,2025-11-20
STORE025,SKU01687,86.4,25,10,2025-11-20
STORE001,SKU01687,131.0,25,10,2025-11-20
STORE021,SKU01687,29.3,25,10,2025-11-20
STORE012,SKU01688,5.5,29,14,2025-11-20
STORE023,SKU01688,11.5,29,14,2025-11-20
STORE011,SKU01689,121.6,25,10,2025-11-20
STORE026,SKU01689,265.4,25,10,2025-11-20
STORE020,SKU01689,35.0,25,10,2025-11-20
STORE012,SKU01690,100.9,25,10,2025-11-20
STORE011,SKU01690,86.1,25,10,2025-11-20
STORE001,SKU01691,50.6,25,10,2025-11-20
STORE004,SKU01691,189.4,25,10,2025-11-20
STORE016,SKU01692,29.1,25,10,2025-11-20
STORE025,SKU01692,52.9,25,10,2025-11-20
STORE027,SKU01693,137.0,25,10,2025-11-20
STORE017,SKU01693,1.3,25,10,2025-11-20
STORE007,SKU01693,222.6,25,10,2025-11-20
STORE007,SKU01694,209.0,25,10,2025-11-20
STORE005,SKU01695,27.4,25,10,2025-11-20
STORE011,SKU01695,3.3,25,10,2025-11-20
STORE022,SKU01695,84.4,25,10,2025-11-20
STORE028,SKU01695,186.4,25,10,2025-11-20
STORE024,SKU01695,16.5,25,10,2025-11-20
STORE024,SKU01696,125.6,25,10,2025-11-20
STORE017,SKU01696,65.3,25,10,2025-11-20
STORE009,SKU01696,276.5,25,10,2025-11-20
STORE029,SKU01696,54.1,25,10,2025-11-20
STORE013,SKU01696,141.5,25,10,2025-11-20
STORE027,SKU01696,383.8,25,10,2025-11-20
STORE019,SKU01696,264.0,25,10,2025-11-20
STORE020,SKU01696,157.0,25,10,2025-11-20
STORE023,SKU01696,175.2,25,10,2025-11-20
STORE007,SKU01696,265.4,25,10,2025-11-20
STORE014,SKU01696,1.9,25,10,2025-11-20
STORE002,SKU01696,26.3,25,10,2025-11-20
STORE015,SKU01696,684.9,25,10,2025-11-20
STORE010,SKU01696,26.1,25,10,2025-11-20
STORE018,SKU01696,394.4,25,10,2025-11-20
STORE001,SKU01696,812.0,25,10,2025-11-20
STORE005,SKU01696,101.5,25,10,2025-11-20
STORE006,SKU01696,148.8,25,10,2025-11-20
STORE016,SKU01696,270.5,25,10,2025-11-20
STORE021,SKU01696,686.1,25,10,2025-11-20
STORE025,SKU01696,914.7,25,10,2025-11-20
STORE030,SKU01696,432.4,25,10,2025-11-20
STORE008,SKU01696,29.1,25,10,2025-11-20
STORE011,SKU01696,355.5,25,10,2025-11-20
STORE004,SKU01696,169.8,25,10,2025-11-20
STORE026,SKU01696,204.5,25,10,2025-11-20
STORE028,SKU01696,16.2,25,10,2025-11-20
STORE022,SKU01696,68.2,25,10,2025-11-20
STORE012,SKU01696,502.4,25,10,2025-11-20
STORE003,SKU01696,194.5,25,10,2025-11-20
STORE009,SKU01697,24.0,25,10,2025-11-20
STORE010,SKU01697,32.4,25,10,2025-11-20
STORE029,SKU01697,128.7,25,10,2025-11-20
STORE021,SKU01698,67.5,25,10,2025-11-20
STORE028,SKU01698,15.5,25,10,2025-11-20
STORE002,SKU01699,48.8,25,10,2025-11-20
STORE027,SKU01699,113.2,25,10,2025-11-20
STORE008,SKU01700,92.0,34,17,2025-11-20
STORE022,SKU01701,70.4,34,17,2025-11-20
STORE029,SKU01701,61.6,34,17,2025-11-20
STORE019,SKU01702,60.9,25,10,2025-11-20
STORE009,SKU01702,30.6,25,10,2025-11-20
STORE013,SKU01702,110.5,25,10,2025-11-20
STORE009,SKU01703,0.0,83,20,2025-10-15
STORE008,SKU01704,398.3,25,10,2025-11-20
STORE002,SKU01704,66.7,25,10,2025-11-20
STORE008,SKU01705,89.0,25,10,2025-11-20
STORE027,SKU01706,156.0,28,13,2025-11-20
STORE015,SKU01707,71.0,37,18,2025-11-20
STORE008,SKU01708,36.0,25,10,2025-11-20
STORE013,SKU01708,198.9,25,10,2025-11-20
STORE001,SKU01708,141.1,25,10,2025-11-20
STORE014,SKU01709,0.0,55,21,2025-10-15
STORE026,SKU01710,56.0,25,10,2025-11-20
STORE026,SKU01711,0.0,92,28,2025-10-15
STORE027,SKU01712,8.4,25,10,2025-11-20
STORE029,SKU01712,24.4,25,10,2025-11-20
STORE018,SKU01712,296.2,25,10,2025-11-20
STORE014,SKU01713,27.0,25,10,2025-11-20
STORE001,SKU01713,56.4,25,10,2025-11-20
STORE017,SKU01713,84.6,25,10,2025-11-20
STORE028,SKU01714,90.6,48,24,2025-11-20
STORE024,SKU01714,8.4,48,24,2025-11-20
STORE026,SKU01715,146.5,25,10,2025-11-20
STORE025,SKU01715,186.5,25,10,2025-11-20
STORE021,SKU01716,101.6,25,10,2025-11-20
STORE026,SKU01716,222.8,25,10,2025-11-20
STORE010,SKU01716,24.6,25,10,2025-11-20
STORE025,SKU01717,433.4,25,10,2025-11-20
STORE020,SKU01717,310.2,25,10,2025-11-20
STORE022,SKU01717,213.3,25,10,2025-11-20
STORE002,SKU01717,315.9,25,10,2025-11-20
STORE016,SKU01717,139.5,25,10,2025-11-20
STORE019,SKU01717,39.1,25,10,2025-11-20
STORE007,SKU01717,288.0,25,10,2025-11-20
STORE018,SKU01717,195.4,25,10,2025-11-20
STORE028,SKU01717,268.0,25,10,2025-11-20
STORE023,SKU01717,108.4,25,10,2025-11-20
STORE010,SKU01717,623.7,25,10,2025-11-20
STORE004,SKU01717,232.6,25,10,2025-11-20
STORE008,SKU01717,23.5,25,10,2025-11-20
STORE013,SKU01717,157.0,25,10,2025-11-20
STORE011,SKU01717,371.0,25,10,2025-11-20
STORE003,SKU01717,415.3,25,10,2025-11-20
STORE009,SKU01717,179.3,25,10,2025-11-20
STORE026,SKU01717,591.6,25,10,2025-11-20
STORE030,SKU01717,81.9,25,10,2025-11-20
STORE001,SKU01717,138.9,25,10,2025-11-20
STORE022,SKU01718,33.7,25,10,2025-11-20
STORE014,SKU01718,33.3,25,10,2025-11-20
STORE003,SKU01719,287.0,25,10,2025-11-20
STORE011,SKU01720,179.5,25,10,2025-11-20
STORE021,SKU01720,8.5,25,10,2025-11-20
STORE008,SKU01721,82.0,25,10,2025-11-20
STORE016,SKU01722,72.0,25,10,2025-11-20
STORE001,SKU01723,106.1,25,10,2025-11-20
STORE004,SKU01723,147.9,25,10,2025-11-20
STORE005,SKU01724,91.0,34,17,2025-11-20
STORE030,SKU01725,52.2,25,10,2025-11-20
STORE024,SKU01725,69.7,25,10,2025-11-20
STORE009,SKU01725,26.1,25,10,2025-11-20
STORE006,SKU01726,44.2,25,10,2025-11-20
STORE022,SKU01726,106.8,25,10,2025-11-20
STORE010,SKU01727,132.0,25,10,2025-11-20
STORE022,SKU01728,21.5,25,10,2025-11-20
STORE009,SKU01728,69.5,25,10,2025-11-20
STORE014,SKU01729,200.8,25,10,2025-11-20
STORE006,SKU01729,126.7,25,10,2025-11-20
STORE029,SKU01729,36.2,25,10,2025-11-20
STORE007,SKU01729,122.3,25,10,2025-11-20
STORE024,SKU01730,70.9,48,24,2025-11-20
STORE006,SKU01730,60.1,48,24,2025-11-20
STORE012,SKU01731,102.0,39,19,2025-11-20
STORE004,SKU01732,178.3,25,10,2025-11-20
STORE025,SKU01732,30.6,25,10,2025-11-20
STORE030,SKU01732,7.1,25,10,2025-11-20
STORE010,SKU01733,10.0,25,10,2025-11-20
STORE018,SKU01733,139.0,25,10,2025-11-20
STORE023,SKU01734,162.5,25,10,2025-11-20
STORE018,SKU01734,47.2,25,10,2025-11-20
STORE021,SKU01734,131.1,25,10,2025-11-20
STORE003,SKU01734,121.3,25,10,2025-11-20
STORE003,SKU01735,265.0,25,10,2025-11-20
STORE005,SKU01735,66.0,25,10,2025-11-20
STORE028,SKU01736,5.1,25,10,2025-11-20
STORE004,SKU01736,0.9,25,10,2025-11-20
STORE028,SKU01737,0.0,79,49,2025-10-15
STORE008,SKU01738,96.0,27,12,2025-11-20
STORE003,SKU01739,158.0,25,10,2025-11-20
STORE025,SKU01740,75.7,25,10,2025-11-20
STORE026,SKU01740,70.3,25,10,2025-11-20
STORE025,SKU01741,200.7,25,10,2025-11-20
STORE009,SKU01741,19.3,25,10,2025-11-20
STORE006,SKU01742,110.6,25,10,2025-11-20
STORE004,SKU01742,17.4,25,10,2025-11-20
STORE025,SKU01743,221.0,65,32,2025-11-20
STORE015,SKU01744,100.8,25,10,2025-11-20
STORE011,SKU01744,51.2,25,10,2025-11-20
STORE004,SKU01745,86.0,25,10,2025-11-20
STORE017,SKU01745,69.0,25,10,2025-11-20
STORE025,SKU01745,28.0,25,10,2025-11-20
STORE027,SKU01746,214.2,25,10,2025-11-20
STORE025,SKU01746,45.2,25,10,2025-11-20
STORE018,SKU01746,109.6,25,10,2025-11-20
STORE015,SKU01747,194.3,25,10,2025-11-20
STORE017,SKU01747,67.7,25,10,2025-11-20
STORE004,SKU01748,48.6,25,10,2025-11-20
STORE016,SKU01748,82.9,25,10,2025-11-20
STORE022,SKU01748,229.5,25,10,2025-11-20
STORE020,SKU01749,0.0,108,28,2025-10-15
STORE003,SKU01750,115.0,25,10,2025-11-20
STORE012,SKU01751,8.3,25,10,2025-11-20
STORE026,SKU01751,11.4,25,10,2025-11-20
STORE003,SKU01751,24.5,25,10,2025-11-20
STORE030,SKU01751,1.1,25,10,2025-11-20
STORE006,SKU01751,2.8,25,10,2025-11-20
STORE013,SKU01751,13.0,25,10,2025-11-20
STORE007,SKU01751,18.2,25,10,2025-11-20
STORE018,SKU01751,20.4,25,10,2025-11-20
STORE009,SKU01751,5.6,25,10,2025-11-20
STORE001,SKU01751,1.0,25,10,2025-11-20
STORE020,SKU01751,6.1,25,10,2025-11-20
STORE028,SKU01751,2.8,25,10,2025-11-20
STORE019,SKU01751,3.6,25,10,2025-11-20
STORE029,SKU01751,15.5,25,10,2025-11-20
STORE005,SKU01751,0.8,25,10,2025-11-20
STORE017,SKU01751,18.5,25,10,2025-11-20
STORE023,SKU01751,5.9,25,10,2025-11-20
STORE022,SKU01751,9.5,25,10,2025-11-20
STORE027,SKU01751,1.0,25,10,2025-11-20
STORE018,SKU01752,87.1,25,10,2025-11-20
STORE007,SKU01752,19.9,25,10,2025-11-20
STORE016,SKU01753,96.0,25,10,2025-11-20
STORE030,SKU01754,381.7,25,10,2025-11-20
STORE025,SKU01754,142.7,25,10,2025-11-20
STORE021,SKU01754,58.7,25,10,2025-11-20
STORE012,SKU01754,628.3,25,10,2025-11-20
STORE001,SKU01754,98.0,25,10,2025-11-20
STORE011,SKU01754,40.7,25,10,2025-11-20
STORE013,SKU01754,192.0,25,10,2025-11-20
STORE014,SKU01754,667.3,25,10,2025-11-20
STORE004,SKU01754,0.9,25,10,2025-11-20
STORE017,SKU01754,63.1,25,10,2025-11-20
STORE024,SKU01754,646.4,25,10,2025-11-20
STORE007,SKU01754,43.5,25,10,2025-11-20
STORE006,SKU01754,27.9,25,10,2025-11-20
STORE019,SKU01754,195.8,25,10,2025-11-20
STORE016,SKU01754,458.9,25,10,2025-11-20
STORE020,SKU01754,150.3,25,10,2025-11-20
STORE010,SKU01754,1209.0,25,10,2025-11-20
STORE027,SKU01754,263.6,25,10,2025-11-20
STORE015,SKU01754,17.8,25,10,2025-11-20
STORE002,SKU01754,1144.9,25,10,2025-11-20
STORE022,SKU01754,121.5,25,10,2025-11-20
STORE008,SKU01754,78.6,25,10,2025-11-20
STORE009,SKU01754,189.2,25,10,2025-11-20
STORE023,SKU01754,84.1,25,10,2025-11-20
STORE003,SKU01754,21.0,25,10,2025-11-20
STORE018,SKU01754,0.3,25,10,2025-11-20
STORE029,SKU01754,138.4,25,10,2025-11-20
STORE026,SKU01754,420.4,25,10,2025-11-20
STORE002,SKU01755,187.0,29,14,2025-11-20
STORE015,SKU01756,732.8,25,10,2025-11-20
STORE007,SKU01756,34.7,25,10,2025-11-20
STORE001,SKU01756,33.8,25,10,2025-11-20
STORE019,SKU01756,17.9,25,10,2025-11-20
STORE012,SKU01756,18.4,25,10,2025-11-20
STORE028,SKU01756,34.5,25,10,2025-11-20
STORE022,SKU01757,46.6,25,10,2025-11-20
STORE030,SKU01757,70.0,25,10,2025-11-20
STORE012,SKU01757,109.4,25,10,2025-11-20
STORE021,SKU01758,112.0,25,10,2025-11-20
STORE011,SKU01759,1.0,25,10,2025-11-20
STORE014,SKU01760,89.9,25,10,2025-11-20
STORE024,SKU01760,27.1,25,10,2025-11-20
STORE027,SKU01761,67.0,31,15,2025-11-20
STORE001,SKU01762,216.6,25,10,2025-11-20
STORE011,SKU01762,38.6,25,10,2025-11-20
STORE028,SKU01762,120.4,25,10,2025-11-20
STORE015,SKU01762,72.6,25,10,2025-11-20
STORE003,SKU01762,286.0,25,10,2025-11-20
STORE005,SKU01762,129.4,25,10,2025-11-20
STORE004,SKU01762,971.9,25,10,2025-11-20
STORE020,SKU01762,12.1,25,10,2025-11-20
STORE017,SKU01762,94.0,25,10,2025-11-20
STORE018,SKU01762,140.9,25,10,2025-11-20
STORE024,SKU01762,149.9,25,10,2025-11-20
STORE019,SKU01762,81.4,25,10,2025-11-20
STORE025,SKU01762,280.0,25,10,2025-11-20
STORE016,SKU01762,445.1,25,10,2025-11-20
STORE022,SKU01762,598.3,25,10,2025-11-20
STORE018,SKU01763,0.0,113,37,2025-10-15
STORE025,SKU01764,148.9,25,10,2025-11-20
STORE011,SKU01764,173.1,25,10,2025-11-20
STORE004,SKU01765,0.0,71,39,2025-10-15
STORE026,SKU01766,310.0,25,10,2025-11-20
STORE027,SKU01766,677.6,25,10,2025-11-20
STORE021,SKU01766,140.2,25,10,2025-11-20
STORE011,SKU01766,197.0,25,10,2025-11-20
STORE008,SKU01766,147.7,25,10,2025-11-20
STORE010,SKU01766,244.2,25,10,2025-11-20
STORE018,SKU01766,130.4,25,10,2025-11-20
STORE014,SKU01766,1263.7,25,10,2025-11-20
STORE025,SKU01766,145.4,25,10,2025-11-20
STORE002,SKU01766,40.0,25,10,2025-11-20
STORE004,SKU01766,290.1,25,10,2025-11-20
STORE028,SKU01766,22.8,25,10,2025-11-20
STORE022,SKU01766,45.4,25,10,2025-11-20
STORE005,SKU01766,96.0,25,10,2025-11-20
STORE009,SKU01766,242.0,25,10,2025-11-20
STORE023,SKU01766,220.1,25,10,2025-11-20
STORE007,SKU01766,623.3,25,10,2025-11-20
STORE003,SKU01766,521.4,25,10,2025-11-20
STORE017,SKU01766,215.4,25,10,2025-11-20
STORE006,SKU01766,157.4,25,10,2025-11-20
STORE015,SKU01766,147.5,25,10,2025-11-20
STORE019,SKU01766,576.5,25,10,2025-11-20
STORE029,SKU01766,20.7,25,10,2025-11-20
STORE001,SKU01766,5.0,25,10,2025-11-20
STORE020,SKU01766,615.3,25,10,2025-11-20
STORE010,SKU01767,109.0,25,10,2025-11-20
STORE024,SKU01768,53.9,25,10,2025-11-20
STORE010,SKU01768,103.1,25,10,2025-11-20
STORE014,SKU01769,142.4,25,10,2025-11-20
STORE001,SKU01769,103.6,25,10,2025-11-20
STORE001,SKU01770,244.2,25,10,2025-11-20
STORE010,SKU01770,129.9,25,10,2025-11-20
STORE011,SKU01770,145.0,25,10,2025-11-20
STORE006,SKU01770,730.0,25,10,2025-11-20
STORE023,SKU01770,666.0,25,10,2025-11-20
STORE003,SKU01770,47.8,25,10,2025-11-20
STORE005,SKU01770,328.9,25,10,2025-11-20
STORE017,SKU01770,43.4,25,10,2025-11-20
STORE020,SKU01770,47.4,25,10,2025-11-20
STORE022,SKU01770,222.5,25,10,2025-11-20
STORE004,SKU01770,102.5,25,10,2025-11-20
STORE012,SKU01770,529.2,25,10,2025-11-20
STORE021,SKU01770,18.4,25,10,2025-11-20
STORE018,SKU01770,141.4,25,10,2025-11-20
STORE009,SKU01770,494.8,25,10,2025-11-20
STORE013,SKU01770,462.7,25,10,2025-11-20
STORE011,SKU01771,24.7,25,10,2025-11-20
STORE029,SKU01771,66.3,25,10,2025-11-20
STORE004,SKU01772,225.4,25,10,2025-11-20
STORE006,SKU01772,40.6,25,10,2025-11-20
STORE019,SKU01773,22.7,25,10,2025-11-20
STORE007,SKU01773,16.3,25,10,2025-11-20
STORE019,SKU01774,109.3,27,12,2025-11-20
STORE026,SKU01774,77.3,27,12,2025-11-20
STORE003,SKU01774,53.4,27,12,2025-11-20
STORE008,SKU01775,71.6,55,27,2025-11-20
STORE002,SKU01775,6.4,55,27,2025-11-20
STORE009,SKU01775,16.1,55,27,2025-11-20
STORE010,SKU01775,17.8,55,27,2025-11-20
STORE025,SKU01775,27.2,55,27,2025-11-20
STORE018,SKU01775,2.2,55,27,2025-11-20
STORE026,SKU01775,7.7,55,27,2025-11-20
STORE003,SKU01775,79.9,55,27,2025-11-20
STORE024,SKU01775,71.3,55,27,2025-11-20
STORE019,SKU01775,45.3,55,27,2025-11-20
STORE022,SKU01775,0.6,55,27,2025-11-20
STORE027,SKU01775,11.8,55,27,2025-11-20
STORE020,SKU01775,29.5,55,27,2025-11-20
STORE021,SKU01775,9.6,55,27,2025-11-20
STORE004,SKU01776,255.3,25,10,2025-11-20
STORE029,SKU01776,106.7,25,10,2025-11-20
STORE013,SKU01777,2.3,25,10,2025-11-20
STORE025,SKU01777,73.4,25,10,2025-11-20
STORE030,SKU01777,96.9,25,10,2025-11-20
STORE002,SKU01777,2.5,25,10,2025-11-20
STORE010,SKU01778,136.2,26,11,2025-11-20
STORE030,SKU01778,64.8,26,11,2025-11-20
STORE029,SKU01779,216.0,25,10,2025-11-20
STORE014,SKU01780,0.0,94,22,2025-10-15
STORE011,SKU01781,15.3,25,10,2025-11-20
STORE009,SKU01781,66.7,25,10,2025-11-20
STORE024,SKU01782,169.0,25,10,2025-11-20
STORE002,SKU01783,127.3,25,10,2025-11-20
STORE005,SKU01783,15.7,25,10,2025-11-20
STORE003,SKU01784,0.0,92,25,2025-10-15
STORE004,SKU01784,0.0,115,50,2025-10-15
STORE019,SKU01784,0.0,128,48,2025-10-15
STORE001,SKU01784,0.0,62,27,2025-10-15
STORE029,SKU01784,0.0,70,30,2025-10-15
STORE016,SKU01784,0.0,96,25,2025-10-15
STORE002,SKU01784,0.0,115,49,2025-10-15
STORE025,SKU01784,0.0,78,42,2025-10-15
STORE012,SKU01784,0.0,71,40,2025-10-15
STORE013,SKU01784,0.0,78,35,2025-10-15
STORE018,SKU01784,0.0,118,43,2025-10-15
STORE026,SKU01784,0.0,64,24,2025-10-15
STORE009,SKU01784,0.0,116,43,2025-10-15
STORE017,SKU01785,87.0,26,11,2025-11-20
STORE008,SKU01786,21.2,25,10,2025-11-20
STORE014,SKU01786,98.8,25,10,2025-11-20
STORE001,SKU01786,29.1,25,10,2025-11-20
STORE022,SKU01786,10.9,25,10,2025-11-20
STORE017,SKU01787,0.0,95,48,2025-10-15
STORE019,SKU01788,20.9,25,10,2025-11-20
STORE026,SKU01788,144.1,25,10,2025-11-20
STORE024,SKU01789,0.0,86,44,2025-10-15
STORE016,SKU01790,36.9,25,10,2025-11-20
STORE018,SKU01790,174.5,25,10,2025-11-20
STORE008,SKU01790,27.6,25,10,2025-11-20
STORE002,SKU01791,37.5,25,10,2025-11-20
STORE014,SKU01791,60.5,25,10,2025-11-20
STORE007,SKU01792,737.4,25,10,2025-11-20
STORE020,SKU01792,690.1,25,10,2025-11-20
STORE022,SKU01792,59.6,25,10,2025-11-20
STORE013,SKU01792,114.0,25,10,2025-11-20
STORE030,SKU01792,41.6,25,10,2025-11-20
STORE017,SKU01792,183.4,25,10,2025-11-20
STORE010,SKU01792,158.7,25,10,2025-11-20
STORE012,SKU01792,594.0,25,10,2025-11-20
STORE005,SKU01792,683.7,25,10,2025-11-20
STORE027,SKU01792,124.4,25,10,2025-11-20
STORE019,SKU01792,174.0,25,10,2025-11-20
STORE014,SKU01792,582.5,25,10,2025-11-20
STORE024,SKU01792,422.6,25,10,2025-11-20
STORE009,SKU01792,0.9,25,10,2025-11-20
STORE008,SKU01792,99.2,25,10,2025-11-20
STORE018,SKU01792,140.8,25,10,2025-11-20
STORE029,SKU01792,67.1,25,10,2025-11-20
STORE002,SKU01792,57.2,25,10,2025-11-20
STORE023,SKU01792,9.9,25,10,2025-11-20
STORE026,SKU01792,265.1,25,10,2025-11-20
STORE028,SKU01792,78.3,25,10,2025-11-20
STORE016,SKU01792,13.8,25,10,2025-11-20
STORE001,SKU01792,67.5,25,10,2025-11-20
STORE025,SKU01792,416.3,25,10,2025-11-20
STORE004,SKU01792,490.3,25,10,2025-11-20
STORE015,SKU01792,169.6,25,10,2025-11-20
STORE021,SKU01792,138.3,25,10,2025-11-20
STORE003,SKU01792,979.6,25,10,2025-11-20
STORE009,SKU01793,75.3,25,10,2025-11-20
STORE023,SKU01793,81.6,25,10,2025-11-20
STORE005,SKU01793,116.2,25,10,2025-11-20
STORE019,SKU01793,63.8,25,10,2025-11-20
STORE006,SKU01794,74.0,40,20,2025-11-20
STORE027,SKU01795,14.0,25,10,2025-11-20
STORE021,SKU01796,73.0,25,10,2025-11-20
STORE019,SKU01797,31.6,25,10,2025-11-20
STORE004,SKU01797,162.4,25,10,2025-11-20
STORE022,SKU01798,38.4,25,10,2025-11-20
STORE008,SKU01798,182.6,25,10,2025-11-20
STORE005,SKU01799,19.1,25,10,2025-11-20
STORE023,SKU01799,21.9,25,10,2025-11-20
STORE002,SKU01800,45.0,25,10,2025-11-20
STORE008,SKU01801,37.0,25,10,2025-11-20
STORE024,SKU01801,75.0,25,10,2025-11-20
STORE002,SKU01802,120.2,25,10,2025-11-20
STORE024,SKU01802,102.0,25,10,2025-11-20
STORE003,SKU01802,38.8,25,10,2025-11-20
STORE022,SKU01803,30.1,25,10,2025-11-20
STORE013,SKU01803,170.6,25,10,2025-11-20
STORE005,SKU01803,42.2,25,10,2025-11-20
STORE007,SKU01803,903.2,25,10,2025-11-20
STORE009,SKU01803,197.4,25,10,2025-11-20
STORE004,SKU01803,116.9,25,10,2025-11-20
STORE019,SKU01803,445.2,25,10,2025-11-20
STORE001,SKU01803,211.0,25,10,2025-11-20
STORE021,SKU01803,113.7,25,10,2025-11-20
STORE027,SKU01803,511.8,25,10,2025-11-20
STORE025,SKU01803,618.2,25,10,2025-11-20
STORE023,SKU01803,342.3,25,10,2025-11-20
STORE014,SKU01803,14.7,25,10,2025-11-20
STORE020,SKU01803,255.9,25,10,2025-11-20
STORE011,SKU01803,441.3,25,10,2025-11-20
STORE017,SKU01803,44.9,25,10,2025-11-20
STORE008,SKU01803,79.5,25,10,2025-11-20
STORE003,SKU01803,655.8,25,10,2025-11-20
STORE029,SKU01803,6.2,25,10,2025-11-20
STORE016,SKU01803,427.9,25,10,2025-11-20
STORE002,SKU01803,196.6,25,10,2025-11-20
STORE006,SKU01803,181.3,25,10,2025-11-20
STORE026,SKU01803,2.2,25,10,2025-11-20
STORE014,SKU01804,98.1,25,10,2025-11-20
STORE013,SKU01804,25.6,25,10,2025-11-20
STORE022,SKU01804,44.6,25,10,2025-11-20
STORE017,SKU01804,64.8,25,10,2025-11-20
STORE022,SKU01805,371.1,25,10,2025-11-20
STORE009,SKU01805,955.6,25,10,2025-11-20
STORE015,SKU01805,231.9,25,10,2025-11-20
STORE030,SKU01805,156.2,25,10,2025-11-20
STORE007,SKU01805,940.1,25,10,2025-11-20
STORE021,SKU01805,314.4,25,10,2025-11-20
STORE005,SKU01805,108.3,25,10,2025-11-20
STORE026,SKU01805,41.4,25,10,2025-11-20
STORE013,SKU01805,565.6,25,10,2025-11-20
STORE012,SKU01805,137.6,25,10,2025-11-20
STORE023,SKU01805,330.5,25,10,2025-11-20
STORE008,SKU01805,194.7,25,10,2025-11-20
STORE016,SKU01805,67.9,25,10,2025-11-20
STORE018,SKU01805,281.6,25,10,2025-11-20
STORE029,SKU01805,19.2,25,10,2025-11-20
STORE020,SKU01805,163.2,25,10,2025-11-20
STORE001,SKU01805,242.0,25,10,2025-11-20
STORE024,SKU01805,175.3,25,10,2025-11-20
STORE014,SKU01805,422.5,25,10,2025-11-20
STORE028,SKU01805,538.4,25,10,2025-11-20
STORE019,SKU01805,451.3,25,10,2025-11-20
STORE003,SKU01805,12.1,25,10,2025-11-20
STORE025,SKU01805,66.0,25,10,2025-11-20
STORE011,SKU01805,235.3,25,10,2025-11-20
STORE010,SKU01805,835.5,25,10,2025-11-20
STORE004,SKU01805,551.2,25,10,2025-11-20
STORE017,SKU01806,0.0,72,29,2025-10-15
STORE014,SKU01807,86.0,25,10,2025-11-20
STORE004,SKU01808,83.3,25,10,2025-11-20
STORE029,SKU01808,129.4,25,10,2025-11-20
STORE010,SKU01808,146.7,25,10,2025-11-20
STORE005,SKU01808,39.5,25,10,2025-11-20
STORE010,SKU01809,1.0,25,10,2025-11-20
STORE009,SKU01810,201.1,25,10,2025-11-20
STORE006,SKU01810,18.9,25,10,2025-11-20
STORE014,SKU01811,65.0,31,15,2025-11-20
STORE025,SKU01812,2.0,25,10,2025-11-20
STORE001,SKU01812,61.0,25,10,2025-11-20
STORE016,SKU01813,0.0,123,45,2025-10-15
STORE017,SKU01814,26.9,25,10,2025-11-20
STORE003,SKU01814,34.1,25,10,2025-11-20
STORE019,SKU01815,37.5,25,10,2025-11-20
STORE015,SKU01815,6.5,25,10,2025-11-20
STORE012,SKU01816,54.0,26,11,2025-11-20
STORE010,SKU01817,8.5,25,10,2025-11-20
STORE021,SKU01817,44.5,25,10,2025-11-20
STORE008,SKU01817,383.0,25,10,2025-11-20
STORE015,SKU01818,380.5,25,10,2025-11-20
STORE007,SKU01818,112.9,25,10,2025-11-20
STORE023,SKU01818,123.6,25,10,2025-11-20
STORE009,SKU01818,199.3,25,10,2025-11-20
STORE016,SKU01818,0.1,25,10,2025-11-20
STORE013,SKU01818,72.2,25,10,2025-11-20
STORE027,SKU01818,61.0,25,10,2025-11-20
STORE006,SKU01818,75.4,25,10,2025-11-20
STORE026,SKU01818,428.5,25,10,2025-11-20
STORE008,SKU01818,85.7,25,10,2025-11-20
STORE030,SKU01818,55.6,25,10,2025-11-20
STORE005,SKU01818,183.4,25,10,2025-11-20
STORE001,SKU01818,524.6,25,10,2025-11-20
STORE021,SKU01818,72.2,25,10,2025-11-20
STORE022,SKU01818,21.4,25,10,2025-11-20
STORE029,SKU01818,115.2,25,10,2025-11-20
STORE004,SKU01818,359.9,25,10,2025-11-20
STORE024,SKU01818,209.1,25,10,2025-11-20
STORE025,SKU01818,443.6,25,10,2025-11-20
STORE011,SKU01818,838.7,25,10,2025-11-20
STORE003,SKU01818,411.2,25,10,2025-11-20
STORE002,SKU01818,242.0,25,10,2025-11-20
STORE019,SKU01818,177.7,25,10,2025-11-20
STORE028,SKU01818,10.7,25,10,2025-11-20
STORE010,SKU01818,1086.1,25,10,2025-11-20
STORE017,SKU01818,126.4,25,10,2025-11-20
STORE009,SKU01819,25.3,25,10,2025-11-20
STORE023,SKU01819,168.4,25,10,2025-11-20
STORE004,SKU01819,51.3,25,10,2025-11-20
STORE009,SKU01820,167.3,25,10,2025-11-20
STORE028,SKU01820,167.7,25,10,2025-11-20
STORE022,SKU01821,87.0,25,10,2025-11-20
STORE017,SKU01822,482.9,25,10,2025-11-20
STORE026,SKU01822,82.2,25,10,2025-11-20
STORE010,SKU01822,159.0,25,10,2025-11-20
STORE024,SKU01822,206.0,25,10,2025-11-20
STORE013,SKU01822,290.9,25,10,2025-11-20
STORE001,SKU01822,409.2,25,10,2025-11-20
STORE003,SKU01822,134.1,25,10,2025-11-20
STORE019,SKU01822,277.3,25,10,2025-11-20
STORE004,SKU01822,43.6,25,10,2025-11-20
STORE008,SKU01822,720.4,25,10,2025-11-20
STORE028,SKU01822,129.0,25,10,2025-11-20
STORE009,SKU01822,349.1,25,10,2025-11-20
STORE021,SKU01822,5.5,25,10,2025-11-20
STORE030,SKU01822,61.3,25,10,2025-11-20
STORE006,SKU01822,178.3,25,10,2025-11-20
STORE011,SKU01822,562.3,25,10,2025-11-20
STORE018,SKU01822,200.1,25,10,2025-11-20
STORE023,SKU01822,709.6,25,10,2025-11-20
STORE025,SKU01822,176.6,25,10,2025-11-20
STORE027,SKU01822,180.0,25,10,2025-11-20
STORE012,SKU01822,34.1,25,10,2025-11-20
STORE016,SKU01822,433.3,25,10,2025-11-20
STORE007,SKU01822,75.7,25,10,2025-11-20
STORE005,SKU01822,613.8,25,10,2025-11-20
STORE015,SKU01822,645.4,25,10,2025-11-20
STORE020,SKU01822,766.4,25,10,2025-11-20
STORE022,SKU01822,196.1,25,10,2025-11-20
STORE014,SKU01822,301.8,25,10,2025-11-20
STORE006,SKU01823,197.6,33,16,2025-11-20
STORE004,SKU01823,18.4,33,16,2025-11-20
STORE024,SKU01824,164.0,25,10,2025-11-20
STORE010,SKU01825,7.3,25,10,2025-11-20
STORE024,SKU01825,144.4,25,10,2025-11-20
STORE025,SKU01825,35.3,25,10,2025-11-20
STORE014,SKU01826,43.0,25,10,2025-11-20
STORE009,SKU01827,184.2,25,10,2025-11-20
STORE023,SKU01827,229.6,25,10,2025-11-20
STORE026,SKU01827,395.7,25,10,2025-11-20
STORE030,SKU01827,31.4,25,10,2025-11-20
STORE019,SKU01827,284.0,25,10,2025-11-20
STORE007,SKU01827,81.8,25,10,2025-11-20
STORE021,SKU01827,346.0,25,10,2025-11-20
STORE013,SKU01827,411.3,25,10,2025-11-20
STORE022,SKU01827,329.8,25,10,2025-11-20
STORE020,SKU01827,543.5,25,10,2025-11-20
STORE028,SKU01827,165.8,25,10,2025-11-20
STORE024,SKU01827,587.3,25,10,2025-11-20
STORE012,SKU01827,229.9,25,10,2025-11-20
STORE004,SKU01827,268.4,25,10,2025-11-20
STORE029,SKU01827,423.5,25,10,2025-11-20
STORE008,SKU01827,7.5,25,10,2025-11-20
STORE010,SKU01827,430.3,25,10,2025-11-20
STORE007,SKU01828,76.0,25,10,2025-11-20
STORE029,SKU01829,116.8,35,17,2025-11-20
STORE008,SKU01829,28.2,35,17,2025-11-20
STORE011,SKU01830,28.8,25,10,2025-11-20
STORE002,SKU01830,775.0,25,10,2025-11-20
STORE028,SKU01830,352.9,25,10,2025-11-20
STORE030,SKU01830,41.0,25,10,2025-11-20
STORE012,SKU01830,133.2,25,10,2025-11-20
STORE016,SKU01830,271.0,25,10,2025-11-20
STORE008,SKU01830,545.0,25,10,2025-11-20
STORE018,SKU01830,13.5,25,10,2025-11-20
STORE027,SKU01830,81.5,25,10,2025-11-20
STORE025,SKU01830,665.7,25,10,2025-11-20
STORE024,SKU01830,2.8,25,10,2025-11-20
STORE014,SKU01830,67.9,25,10,2025-11-20
STORE023,SKU01830,964.5,25,10,2025-11-20
STORE001,SKU01830,286.9,25,10,2025-11-20
STORE003,SKU01830,91.6,25,10,2025-11-20
STORE029,SKU01830,20.9,25,10,2025-11-20
STORE010,SKU01830,8.6,25,10,2025-11-20
STORE021,SKU01830,84.7,25,10,2025-11-20
STORE004,SKU01830,643.9,25,10,2025-11-20
STORE007,SKU01830,162.3,25,10,2025-11-20
STORE017,SKU01830,384.7,25,10,2025-11-20
STORE026,SKU01830,756.2,25,10,2025-11-20
STORE020,SKU01830,158.3,25,10,2025-11-20
STORE009,SKU01830,64.1,25,10,2025-11-20
STORE005,SKU01830,219.8,25,10,2025-11-20
STORE024,SKU01831,2.0,25,10,2025-11-20
STORE003,SKU01832,300.5,25,10,2025-11-20
STORE004,SKU01832,12.5,25,10,2025-11-20
STORE022,SKU01833,59.1,25,10,2025-11-20
STORE018,SKU01833,42.5,25,10,2025-11-20
STORE015,SKU01833,119.3,25,10,2025-11-20
STORE023,SKU01834,9.3,25,10,2025-11-20
STORE005,SKU01834,54.5,25,10,2025-11-20
STORE008,SKU01834,151.1,25,10,2025-11-20
STORE024,SKU01835,102.3,25,10,2025-11-20
STORE007,SKU01835,127.5,25,10,2025-11-20
STORE012,SKU01835,14.2,25,10,2025-11-20
STORE004,SKU01836,57.2,52,26,2025-11-20
STORE002,SKU01836,68.8,52,26,2025-11-20
STORE009,SKU01837,107.7,25,10,2025-11-20
STORE001,SKU01837,12.3,25,10,2025-11-20
STORE030,SKU01838,133.5,25,10,2025-11-20
STORE019,SKU01838,240.5,25,10,2025-11-20
STORE014,SKU01839,34.0,25,10,2025-11-20
STORE004,SKU01840,114.2,25,10,2025-11-20
STORE009,SKU01840,229.8,25,10,2025-11-20
STORE021,SKU01841,169.2,25,10,2025-11-20
STORE019,SKU01841,82.6,25,10,2025-11-20
STORE029,SKU01841,92.8,25,10,2025-11-20
STORE015,SKU01841,11.3,25,10,2025-11-20
STORE029,SKU01842,68.7,25,10,2025-11-20
STORE007,SKU01842,3.3,25,10,2025-11-20
STORE003,SKU01843,0.0,75,30,2025-10-15
STORE020,SKU01844,75.7,25,10,2025-11-20
STORE004,SKU01844,15.6,25,10,2025-11-20
STORE003,SKU01844,137.7,25,10,2025-11-20
STORE026,SKU01845,94.2,25,10,2025-11-20
STORE009,SKU01845,103.8,25,10,2025-11-20
STORE026,SKU01846,22.0,25,10,2025-11-20
STORE020,SKU01846,52.0,25,10,2025-11-20
STORE018,SKU01846,85.5,25,10,2025-11-20
STORE024,SKU01846,130.6,25,10,2025-11-20
STORE021,SKU01847,92.0,25,10,2025-11-20
STORE025,SKU01848,59.0,25,10,2025-11-20
STORE008,SKU01849,104.4,25,10,2025-11-20
STORE002,SKU01849,14.9,25,10,2025-11-20
STORE016,SKU01849,81.7,25,10,2025-11-20
STORE023,SKU01850,41.0,25,10,2025-11-20
STORE009,SKU01851,0.0,77,37,2025-10-15
STORE022,SKU01852,0.0,118,44,2025-10-15
STORE024,SKU01853,27.0,25,10,2025-11-20
STORE001,SKU01854,104.7,25,10,2025-11-20
STORE027,SKU01854,241.2,25,10,2025-11-20
STORE016,SKU01854,363.0,25,10,2025-11-20
STORE029,SKU01854,146.8,25,10,2025-11-20
STORE007,SKU01854,275.1,25,10,2025-11-20
STORE014,SKU01854,333.2,25,10,2025-11-20
STORE011,SKU01854,344.3,25,10,2025-11-20
STORE004,SKU01854,14.8,25,10,2025-11-20
STORE003,SKU01854,544.7,25,10,2025-11-20
STORE017,SKU01854,170.0,25,10,2025-11-20
STORE019,SKU01854,84.4,25,10,2025-11-20
STORE008,SKU01854,76.7,25,10,2025-11-20
STORE009,SKU01854,183.0,25,10,2025-11-20
STORE030,SKU01854,604.2,25,10,2025-11-20
STORE025,SKU01854,131.8,25,10,2025-11-20
STORE012,SKU01854,384.1,25,10,2025-11-20
STORE006,SKU01854,28.2,25,10,2025-11-20
STORE028,SKU01854,179.2,25,10,2025-11-20
STORE020,SKU01854,1328.3,25,10,2025-11-20
STORE018,SKU01854,408.1,25,10,2025-11-20
STORE022,SKU01854,65.6,25,10,2025-11-20
STORE021,SKU01854,193.0,25,10,2025-11-20
STORE002,SKU01854,73.8,25,10,2025-11-20
STORE013,SKU01854,146.1,25,10,2025-11-20
STORE005,SKU01854,420.0,25,10,2025-11-20
STORE024,SKU01854,409.0,25,10,2025-11-20
STORE010,SKU01854,71.8,25,10,2025-11-20
STORE026,SKU01854,708.2,25,10,2025-11-20
STORE023,SKU01854,249.0,25,10,2025-11-20
STORE015,SKU01854,132.5,25,10,2025-11-20
STORE008,SKU01855,26.0,25,10,2025-11-20
STORE024,SKU01856,113.4,25,10,2025-11-20
STORE002,SKU01856,100.2,25,10,2025-11-20
STORE006,SKU01856,81.4,25,10,2025-11-20
STORE007,SKU01857,285.3,25,10,2025-11-20
STORE027,SKU01857,78.7,25,10,2025-11-20
STORE007,SKU01858,66.9,25,10,2025-11-20
STORE005,SKU01858,31.1,25,10,2025-11-20
STORE010,SKU01859,13.8,25,10,2025-11-20
STORE015,SKU01859,142.7,25,10,2025-11-20
STORE002,SKU01859,264.6,25,10,2025-11-20
STORE022,SKU01860,28.0,66,33,2025-11-20
STORE015,SKU01861,131.9,25,10,2025-11-20
STORE008,SKU01861,41.7,25,10,2025-11-20
STORE020,SKU01861,209.2,25,10,2025-11-20
STORE005,SKU01861,34.2,25,10,2025-11-20
STORE002,SKU01862,259.1,25,10,2025-11-20
STORE004,SKU01862,19.3,25,10,2025-11-20
STORE024,SKU01862,27.8,25,10,2025-11-20
STORE030,SKU01862,49.8,25,10,2025-11-20
STORE007,SKU01862,46.1,25,10,2025-11-20
STORE012,SKU01863,307.9,25,10,2025-11-20
STORE021,SKU01863,118.5,25,10,2025-11-20
STORE025,SKU01863,36.4,25,10,2025-11-20
STORE028,SKU01863,60.5,25,10,2025-11-20
STORE010,SKU01863,138.4,25,10,2025-11-20
STORE022,SKU01863,31.0,25,10,2025-11-20
STORE014,SKU01863,183.9,25,10,2025-11-20
STORE005,SKU01863,162.2,25,10,2025-11-20
STORE003,SKU01863,243.9,25,10,2025-11-20
STORE006,SKU01863,539.8,25,10,2025-11-20
STORE016,SKU01863,473.2,25,10,2025-11-20
STORE013,SKU01863,567.9,25,10,2025-11-20
STORE001,SKU01863,54.6,25,10,2025-11-20
STORE029,SKU01863,27.4,25,10,2025-11-20
STORE030,SKU01863,70.0,25,10,2025-11-20
STORE018,SKU01863,438.4,25,10,2025-11-20
STORE009,SKU01863,695.7,25,10,2025-11-20
STORE027,SKU01863,381.4,25,10,2025-11-20
STORE022,SKU01864,130.0,25,10,2025-11-20
STORE027,SKU01865,258.6,25,10,2025-11-20
STORE029,SKU01865,48.3,25,10,2025-11-20
STORE014,SKU01865,0.8,25,10,2025-11-20
STORE004,SKU01865,51.3,25,10,2025-11-20
STORE003,SKU01866,0.0,84,44,2025-10-15
STORE007,SKU01867,23.2,25,10,2025-11-20
STORE003,SKU01867,385.8,25,10,2025-11-20
STORE005,SKU01868,107.4,25,10,2025-11-20
STORE014,SKU01868,166.6,25,10,2025-11-20
STORE004,SKU01869,66.8,25,10,2025-11-20
STORE014,SKU01869,142.9,25,10,2025-11-20
STORE008,SKU01869,76.3,25,10,2025-11-20
STORE023,SKU01870,152.0,92,46,2025-11-20
STORE027,SKU01871,40.0,25,10,2025-11-20
STORE006,SKU01872,148.9,25,10,2025-11-20
STORE009,SKU01872,8.1,25,10,2025-11-20
STORE023,SKU01873,0.0,111,36,2025-10-15
STORE018,SKU01874,209.5,25,10,2025-11-20
STORE029,SKU01874,92.4,25,10,2025-11-20
STORE022,SKU01874,13.3,25,10,2025-11-20
STORE017,SKU01874,304.8,25,10,2025-11-20
STORE019,SKU01874,548.2,25,10,2025-11-20
STORE026,SKU01874,49.1,25,10,2025-11-20
STORE011,SKU01874,461.9,25,10,2025-11-20
STORE015,SKU01874,529.9,25,10,2025-11-20
STORE006,SKU01874,678.2,25,10,2025-11-20
STORE020,SKU01874,85.1,25,10,2025-11-20
STORE030,SKU01874,646.7,25,10,2025-11-20
STORE025,SKU01874,106.7,25,10,2025-11-20
STORE007,SKU01874,221.8,25,10,2025-11-20
STORE023,SKU01874,14.3,25,10,2025-11-20
STORE014,SKU01874,12.4,25,10,2025-11-20
STORE003,SKU01874,351.7,25,10,2025-11-20
STORE020,SKU01875,98.7,25,10,2025-11-20
STORE027,SKU01875,49.7,25,10,2025-11-20
STORE026,SKU01875,35.5,25,10,2025-11-20
STORE015,SKU01875,186.1,25,10,2025-11-20
STORE009,SKU01876,0.0,25,10,2025-11-20
STORE011,SKU01876,95.0,25,10,2025-11-20
STORE009,SKU01877,10.7,25,10,2025-11-20
STORE020,SKU01877,27.6,25,10,2025-11-20
STORE007,SKU01877,63.4,25,10,2025-11-20
STORE030,SKU01877,86.2,25,10,2025-11-20
STORE024,SKU01878,62.7,31,15,2025-11-20
STORE026,SKU01878,55.3,31,15,2025-11-20
STORE025,SKU01879,341.5,25,10,2025-11-20
STORE027,SKU01879,105.5,25,10,2025-11-20
STORE001,SKU01880,7.6,25,10,2025-11-20
STORE007,SKU01880,180.1,25,10,2025-11-20
STORE013,SKU01880,665.8,25,10,2025-11-20
STORE010,SKU01880,114.9,25,10,2025-11-20
STORE028,SKU01880,31.8,25,10,2025-11-20
STORE025,SKU01880,454.8,25,10,2025-11-20
STORE018,SKU01880,298.2,25,10,2025-11-20
STORE015,SKU01880,270.5,25,10,2025-11-20
STORE003,SKU01880,17.6,25,10,2025-11-20
STORE019,SKU01880,48.5,25,10,2025-11-20
STORE004,SKU01880,312.0,25,10,2025-11-20
STORE005,SKU01880,74.6,25,10,2025-11-20
STORE002,SKU01880,224.6,25,10,2025-11-20
STORE008,SKU01880,252.1,25,10,2025-11-20
STORE020,SKU01880,106.7,25,10,2025-11-20
STORE009,SKU01880,949.3,25,10,2025-11-20
STORE017,SKU01880,591.7,25,10,2025-11-20
STORE029,SKU01880,410.3,25,10,2025-11-20
STORE030,SKU01881,123.9,25,10,2025-11-20
STORE021,SKU01881,171.1,25,10,2025-11-20
STORE019,SKU01882,103.3,29,14,2025-11-20
STORE023,SKU01882,26.7,29,14,2025-11-20
STORE024,SKU01883,291.8,25,10,2025-11-20
STORE027,SKU01883,13.2,25,10,2025-11-20
STORE005,SKU01884,123.3,25,10,2025-11-20
STORE002,SKU01884,83.5,25,10,2025-11-20
STORE017,SKU01884,188.2,25,10,2025-11-20
STORE006,SKU01885,8.2,25,10,2025-11-20
STORE018,SKU01885,33.4,25,10,2025-11-20
STORE029,SKU01885,19.1,25,10,2025-11-20
STORE008,SKU01885,129.9,25,10,2025-11-20
STORE026,SKU01885,2.5,25,10,2025-11-20
STORE005,SKU01886,55.5,25,10,2025-11-20
STORE008,SKU01886,40.5,25,10,2025-11-20
STORE030,SKU01887,34.9,25,10,2025-11-20
STORE002,SKU01887,153.9,25,10,2025-11-20
STORE017,SKU01887,3.1,25,10,2025-11-20
STORE028,SKU01888,122.8,25,10,2025-11-20
STORE020,SKU01888,27.0,25,10,2025-11-20
STORE018,SKU01888,13.0,25,10,2025-11-20
STORE029,SKU01888,16.2,25,10,2025-11-20
STORE003,SKU01889,2.3,25,10,2025-11-20
STORE008,SKU01889,153.6,25,10,2025-11-20
STORE018,SKU01889,1.4,25,10,2025-11-20
STORE011,SKU01889,36.0,25,10,2025-11-20
STORE017,SKU01889,19.8,25,10,2025-11-20
STORE018,SKU01890,0.0,68,22,2025-10-15
STORE009,SKU01891,357.6,25,10,2025-11-20
STORE011,SKU01891,33.9,25,10,2025-11-20
STORE018,SKU01891,91.3,25,10,2025-11-20
STORE005,SKU01891,79.2,25,10,2025-11-20
STORE027,SKU01892,58.6,25,10,2025-11-20
STORE006,SKU01892,3.4,25,10,2025-11-20
STORE002,SKU01893,31.0,25,10,2025-11-20
STORE014,SKU01893,34.8,25,10,2025-11-20
STORE016,SKU01893,193.1,25,10,2025-11-20
STORE028,SKU01894,0.0,89,46,2025-10-15
STORE005,SKU01895,73.8,25,10,2025-11-20
STORE026,SKU01895,299.9,25,10,2025-11-20
STORE008,SKU01895,85.3,25,10,2025-11-20
STORE023,SKU01896,61.9,25,10,2025-11-20
STORE021,SKU01896,89.1,25,10,2025-11-20
STORE003,SKU01897,223.3,25,10,2025-11-20
STORE017,SKU01897,132.7,25,10,2025-11-20
STORE005,SKU01898,145.2,25,10,2025-11-20
STORE020,SKU01898,27.8,25,10,2025-11-20
STORE015,SKU01899,34.6,25,10,2025-11-20
STORE003,SKU01899,117.4,25,10,2025-11-20
STORE014,SKU01900,79.5,25,10,2025-11-20
STORE024,SKU01900,300.5,25,10,2025-11-20
STORE021,SKU01900,52.6,25,10,2025-11-20
STORE018,SKU01900,123.4,25,10,2025-11-20
STORE003,SKU01900,70.1,25,10,2025-11-20
STORE029,SKU01900,74.9,25,10,2025-11-20
STORE025,SKU01901,78.4,25,10,2025-11-20
STORE011,SKU01901,152.6,25,10,2025-11-20
STORE015,SKU01902,36.4,25,10,2025-11-20
STORE006,SKU01902,70.2,25,10,2025-11-20
STORE022,SKU01902,161.6,25,10,2025-11-20
STORE009,SKU01902,22.9,25,10,2025-11-20
STORE028,SKU01903,142.0,25,10,2025-11-20
STORE011,SKU01904,76.9,33,16,2025-11-20
STORE001,SKU01904,88.1,33,16,2025-11-20
STORE002,SKU01905,7.3,25,10,2025-11-20
STORE025,SKU01905,56.8,25,10,2025-11-20
STORE001,SKU01905,166.7,25,10,2025-11-20
STORE029,SKU01905,115.8,25,10,2025-11-20
STORE028,SKU01905,8.7,25,10,2025-11-20
STORE027,SKU01905,82.7,25,10,2025-11-20
STORE022,SKU01906,366.2,25,10,2025-11-20
STORE023,SKU01906,181.7,25,10,2025-11-20
STORE001,SKU01906,233.6,25,10,2025-11-20
STORE026,SKU01906,569.0,25,10,2025-11-20
STORE024,SKU01906,196.5,25,10,2025-11-20
STORE028,SKU01906,140.3,25,10,2025-11-20
STORE003,SKU01906,204.2,25,10,2025-11-20
STORE011,SKU01906,259.9,25,10,2025-11-20
STORE006,SKU01906,63.0,25,10,2025-11-20
STORE021,SKU01906,694.4,25,10,2025-11-20
STORE019,SKU01906,336.8,25,10,2025-11-20
STORE027,SKU01906,301.3,25,10,2025-11-20
STORE020,SKU01906,31.5,25,10,2025-11-20
STORE007,SKU01906,278.4,25,10,2025-11-20
STORE016,SKU01906,38.7,25,10,2025-11-20
STORE013,SKU01906,24.6,25,10,2025-11-20
STORE002,SKU01906,225.1,25,10,2025-11-20
STORE008,SKU01906,154.8,25,10,2025-11-20
STORE026,SKU01907,0.0,112,48,2025-10-15
STORE021,SKU01908,95.9,25,10,2025-11-20
STORE012,SKU01908,10.1,25,10,2025-11-20
STORE002,SKU01909,7.9,25,10,2025-11-20
STORE026,SKU01909,2.7,25,10,2025-11-20
STORE021,SKU01909,60.9,25,10,2025-11-20
STORE024,SKU01909,11.5,25,10,2025-11-20
STORE020,SKU01910,0.0,96,20,2025-10-15
STORE005,SKU01911,388.0,25,10,2025-11-20
STORE012,SKU01911,131.3,25,10,2025-11-20
STORE011,SKU01911,33.2,25,10,2025-11-20
STORE013,SKU01911,1242.6,25,10,2025-11-20
STORE022,SKU01911,112.5,25,10,2025-11-20
STORE004,SKU01911,183.9,25,10,2025-11-20
STORE017,SKU01911,350.1,25,10,2025-11-20
STORE021,SKU01911,8.3,25,10,2025-11-20
STORE010,SKU01911,554.5,25,10,2025-11-20
STORE026,SKU01911,256.6,25,10,2025-11-20
STORE009,SKU01911,108.8,25,10,2025-11-20
STORE006,SKU01911,21.2,25,10,2025-11-20
STORE003,SKU01911,59.2,25,10,2025-11-20
STORE030,SKU01911,752.0,25,10,2025-11-20
STORE016,SKU01911,386.5,25,10,2025-11-20
STORE024,SKU01911,95.9,25,10,2025-11-20
STORE008,SKU01911,22.6,25,10,2025-11-20
STORE020,SKU01911,391.4,25,10,2025-11-20
STORE002,SKU01911,283.4,25,10,2025-11-20
STORE018,SKU01911,172.9,25,10,2025-11-20
STORE028,SKU01911,150.8,25,10,2025-11-20
STORE015,SKU01911,81.5,25,10,2025-11-20
STORE001,SKU01911,369.5,25,10,2025-11-20
STORE011,SKU01912,87.2,25,10,2025-11-20
STORE013,SKU01912,4.8,25,10,2025-11-20
STORE016,SKU01913,47.3,25,10,2025-11-20
STORE002,SKU01913,28.7,25,10,2025-11-20
STORE017,SKU01914,132.0,25,10,2025-11-20
STORE014,SKU01915,34.1,25,10,2025-11-20
STORE015,SKU01915,202.5,25,10,2025-11-20
STORE001,SKU01915,77.1,25,10,2025-11-20
STORE002,SKU01915,91.1,25,10,2025-11-20
STORE020,SKU01915,42.2,25,10,2025-11-20
STORE002,SKU01916,223.8,25,10,2025-11-20
STORE001,SKU01916,100.2,25,10,2025-11-20
STORE022,SKU01917,125.1,25,10,2025-11-20
STORE009,SKU01917,21.8,25,10,2025-11-20
STORE029,SKU01917,117.1,25,10,2025-11-20
STORE008,SKU01918,166.0,25,10,2025-11-20
STORE013,SKU01919,266.2,25,10,2025-11-20
STORE012,SKU01919,313.7,25,10,2025-11-20
STORE021,SKU01919,227.1,25,10,2025-11-20
STORE011,SKU01919,52.5,25,10,2025-11-20
STORE003,SKU01919,183.5,25,10,2025-11-20
STORE029,SKU01919,539.8,25,10,2025-11-20
STORE024,SKU01919,542.9,25,10,2025-11-20
STORE017,SKU01919,167.0,25,10,2025-11-20
STORE009,SKU01919,305.3,25,10,2025-11-20
STORE023,SKU01919,106.5,25,10,2025-11-20
STORE005,SKU01919,117.0,25,10,2025-11-20
STORE030,SKU01919,11.5,25,10,2025-11-20
STORE019,SKU01919,1124.7,25,10,2025-11-20
STORE004,SKU01919,117.2,25,10,2025-11-20
STORE008,SKU01919,127.9,25,10,2025-11-20
STORE007,SKU01919,162.4,25,10,2025-11-20
STORE026,SKU01919,67.5,25,10,2025-11-20
STORE018,SKU01919,505.0,25,10,2025-11-20
STORE020,SKU01919,38.7,25,10,2025-11-20
STORE022,SKU01919,71.4,25,10,2025-11-20
STORE028,SKU01919,512.6,25,10,2025-11-20
STORE006,SKU01919,205.6,25,10,2025-11-20
STORE012,SKU01920,108.8,25,10,2025-11-20
STORE022,SKU01920,72.1,25,10,2025-11-20
STORE002,SKU01920,26.1,25,10,2025-11-20
STORE012,SKU01921,85.5,25,10,2025-11-20
STORE010,SKU01921,10.0,25,10,2025-11-20
STORE027,SKU01921,62.5,25,10,2025-11-20
STORE006,SKU01922,62.0,25,10,2025-11-20
STORE026,SKU01923,19.1,25,10,2025-11-20
STORE019,SKU01923,56.7,25,10,2025-11-20
STORE013,SKU01923,125.6,25,10,2025-11-20
STORE024,SKU01923,417.6,25,10,2025-11-20
STORE002,SKU01924,68.0,25,10,2025-11-20
STORE018,SKU01925,12.1,25,10,2025-11-20
STORE023,SKU01925,6.0,25,10,2025-11-20
STORE002,SKU01925,6.9,25,10,2025-11-20
STORE021,SKU01926,0.0,68,35,2025-10-15
STORE014,SKU01927,21.0,27,12,2025-11-20
STORE007,SKU01928,24.4,25,10,2025-11-20
STORE008,SKU01928,130.6,25,10,2025-11-20
STORE014,SKU01929,0.0,108,39,2025-10-15
STORE018,SKU01930,38.1,25,10,2025-11-20
STORE015,SKU01930,38.8,25,10,2025-11-20
STORE020,SKU01930,40.1,25,10,2025-11-20
STORE012,SKU01931,69.6,25,10,2025-11-20
STORE026,SKU01931,40.4,25,10,2025-11-20
STORE001,SKU01932,98.0,25,10,2025-11-20
STORE025,SKU01933,20.0,25,10,2025-11-20
STORE020,SKU01933,84.0,25,10,2025-11-20
STORE025,SKU01934,6.1,25,10,2025-11-20
STORE021,SKU01934,316.7,25,10,2025-11-20
STORE028,SKU01934,111.3,25,10,2025-11-20
STORE030,SKU01935,19.0,25,10,2025-11-20
STORE017,SKU01936,101.0,25,10,2025-11-20
STORE006,SKU01937,236.2,25,10,2025-11-20
STORE005,SKU01937,2.8,25,10,2025-11-20
STORE003,SKU01938,124.2,25,10,2025-11-20
STORE002,SKU01938,35.8,25,10,2025-11-20
STORE009,SKU01939,130.3,25,10,2025-11-20
STORE026,SKU01939,46.1,25,10,2025-11-20
STORE002,SKU01939,179.5,25,10,2025-11-20
STORE004,SKU01939,212.7,25,10,2025-11-20
STORE013,SKU01939,160.3,25,10,2025-11-20
STORE030,SKU01939,352.1,25,10,2025-11-20
STORE017,SKU01939,169.4,25,10,2025-11-20
STORE027,SKU01939,1009.5,25,10,2025-11-20
STORE018,SKU01939,283.6,25,10,2025-11-20
STORE024,SKU01939,511.0,25,10,2025-11-20
STORE001,SKU01939,35.9,25,10,2025-11-20
STORE025,SKU01939,157.0,25,10,2025-11-20
STORE019,SKU01939,127.4,25,10,2025-11-20
STORE006,SKU01939,261.4,25,10,2025-11-20
STORE016,SKU01939,612.2,25,10,2025-11-20
STORE008,SKU01939,25.3,25,10,2025-11-20
STORE023,SKU01939,23.4,25,10,2025-11-20
STORE022,SKU01939,589.0,25,10,2025-11-20
STORE014,SKU01939,74.2,25,10,2025-11-20
STORE007,SKU01939,342.7,25,10,2025-11-20
STORE012,SKU01939,242.8,25,10,2025-11-20
STORE029,SKU01939,554.9,25,10,2025-11-20
STORE028,SKU01939,41.4,25,10,2025-11-20
STORE013,SKU01940,44.9,25,10,2025-11-20
STORE009,SKU01940,263.1,25,10,2025-11-20
STORE008,SKU01941,98.0,36,18,2025-11-20
STORE005,SKU01942,59.8,25,10,2025-11-20
STORE022,SKU01942,44.2,25,10,2025-11-20
STORE003,SKU01942,104.1,25,10,2025-11-20
STORE005,SKU01943,40.4,25,10,2025-11-20
STORE023,SKU01943,27.5,25,10,2025-11-20
STORE013,SKU01943,81.8,25,10,2025-11-20
STORE020,SKU01943,0.3,25,10,2025-11-20
STORE022,SKU01944,19.6,25,10,2025-11-20
STORE010,SKU01944,154.0,25,10,2025-11-20
STORE024,SKU01944,281.4,25,10,2025-11-20
STORE006,SKU01945,46.4,25,10,2025-11-20
STORE017,SKU01945,37.8,25,10,2025-11-20
STORE019,SKU01945,213.8,25,10,2025-11-20
STORE021,SKU01945,8.0,25,10,2025-11-20
STORE022,SKU01946,146.0,25,10,2025-11-20
STORE022,SKU01947,114.5,25,10,2025-11-20
STORE024,SKU01947,133.5,25,10,2025-11-20
STORE010,SKU01948,110.8,25,10,2025-11-20
STORE014,SKU01948,37.2,25,10,2025-11-20
STORE010,SKU01949,156.7,25,10,2025-11-20
STORE006,SKU01949,145.5,25,10,2025-11-20
STORE001,SKU01949,131.1,25,10,2025-11-20
STORE008,SKU01949,169.1,25,10,2025-11-20
STORE029,SKU01949,49.6,25,10,2025-11-20
STORE014,SKU01950,36.5,25,10,2025-11-20
STORE025,SKU01950,52.4,25,10,2025-11-20
STORE023,SKU01950,104.9,25,10,2025-11-20
STORE005,SKU01950,286.2,25,10,2025-11-20
STORE012,SKU01951,67.5,25,10,2025-11-20
STORE024,SKU01951,44.5,25,10,2025-11-20
STORE024,SKU01952,80.0,25,10,2025-11-20
STORE028,SKU01953,130.9,53,26,2025-11-20
STORE017,SKU01953,157.1,53,26,2025-11-20
STORE014,SKU01954,102.0,25,10,2025-11-20
STORE007,SKU01955,18.8,25,10,2025-11-20
STORE004,SKU01955,5.6,25,10,2025-11-20
STORE010,SKU01955,78.7,25,10,2025-11-20
STORE025,SKU01955,398.9,25,10,2025-11-20
STORE009,SKU01955,16.1,25,10,2025-11-20
STORE003,SKU01956,148.0,25,10,2025-11-20
STORE015,SKU01957,0.0,79,47,2025-10-15
STORE027,SKU01958,67.0,25,10,2025-11-20
STORE013,SKU01959,0.0,99,29,2025-10-15
STORE013,SKU01960,127.0,31,15,2025-11-20
STORE006,SKU01961,0.0,109,31,2025-10-15
STORE012,SKU01962,111.0,25,10,2025-11-20
STORE025,SKU01962,76.3,25,10,2025-11-20
STORE010,SKU01962,182.7,25,10,2025-11-20
STORE028,SKU01962,33.0,25,10,2025-11-20
STORE028,SKU01963,187.1,25,10,2025-11-20
STORE002,SKU01963,107.9,25,10,2025-11-20
STORE006,SKU01964,125.0,25,10,2025-11-20
STORE013,SKU01965,18.0,27,12,2025-11-20
STORE026,SKU01966,158.0,33,16,2025-11-20
STORE008,SKU01967,135.9,25,10,2025-11-20
STORE024,SKU01967,144.1,25,10,2025-11-20
STORE022,SKU01968,63.2,25,10,2025-11-20
STORE012,SKU01968,50.5,25,10,2025-11-20
STORE011,SKU01968,41.4,25,10,2025-11-20
STORE018,SKU01969,195.0,26,11,2025-11-20
STORE022,SKU01970,409.7,25,10,2025-11-20
STORE006,SKU01970,222.9,25,10,2025-11-20
STORE010,SKU01970,721.3,25,10,2025-11-20
STORE007,SKU01970,810.9,25,10,2025-11-20
STORE024,SKU01970,18.2,25,10,2025-11-20
STORE001,SKU01970,552.0,25,10,2025-11-20
STORE030,SKU01970,12.3,25,10,2025-11-20
STORE003,SKU01970,147.0,25,10,2025-11-20
STORE016,SKU01970,251.1,25,10,2025-11-20
STORE013,SKU01970,51.5,25,10,2025-11-20
STORE028,SKU01970,440.6,25,10,2025-11-20
STORE014,SKU01970,2.7,25,10,2025-11-20
STORE009,SKU01970,59.3,25,10,2025-11-20
STORE020,SKU01970,279.3,25,10,2025-11-20
STORE025,SKU01970,402.6,25,10,2025-11-20
STORE021,SKU01970,798.2,25,10,2025-11-20
STORE004,SKU01970,392.7,25,10,2025-11-20
STORE012,SKU01970,357.9,25,10,2025-11-20
STORE002,SKU01970,161.1,25,10,2025-11-20
STORE029,SKU01970,0.4,25,10,2025-11-20
STORE019,SKU01970,41.1,25,10,2025-11-20
STORE018,SKU01970,245.7,25,10,2025-11-20
STORE023,SKU01970,361.2,25,10,2025-11-20
STORE027,SKU01970,173.6,25,10,2025-11-20
STORE008,SKU01970,421.4,25,10,2025-11-20
STORE011,SKU01970,237.0,25,10,2025-11-20
STORE015,SKU01970,24.8,25,10,2025-11-20
STORE017,SKU01970,68.5,25,10,2025-11-20
STORE020,SKU01971,400.5,25,10,2025-11-20
STORE027,SKU01971,282.1,25,10,2025-11-20
STORE023,SKU01971,492.0,25,10,2025-11-20
STORE002,SKU01971,27.3,25,10,2025-11-20
STORE022,SKU01971,1011.3,25,10,2025-11-20
STORE028,SKU01971,51.3,25,10,2025-11-20
STORE011,SKU01971,2.6,25,10,2025-11-20
STORE029,SKU01971,1302.7,25,10,2025-11-20
STORE010,SKU01971,72.1,25,10,2025-11-20
STORE021,SKU01971,241.0,25,10,2025-11-20
STORE025,SKU01971,42.5,25,10,2025-11-20
STORE026,SKU01971,189.7,25,10,2025-11-20
STORE008,SKU01971,512.2,25,10,2025-11-20
STORE007,SKU01971,84.3,25,10,2025-11-20
STORE017,SKU01971,242.5,25,10,2025-11-20
STORE004,SKU01971,45.5,25,10,2025-11-20
STORE013,SKU01971,214.2,25,10,2025-11-20
STORE006,SKU01971,89.6,25,10,2025-11-20
STORE015,SKU01971,51.8,25,10,2025-11-20
STORE009,SKU01971,82.1,25,10,2025-11-20
STORE005,SKU01971,43.1,25,10,2025-11-20
STORE014,SKU01971,507.4,25,10,2025-11-20
STORE030,SKU01971,110.6,25,10,2025-11-20
STORE012,SKU01971,61.5,25,10,2025-11-20
STORE024,SKU01971,130.0,25,10,2025-11-20
STORE018,SKU01971,84.5,25,10,2025-11-20
STORE019,SKU01971,298.1,25,10,2025-11-20
STORE001,SKU01971,775.4,25,10,2025-11-20
STORE003,SKU01972,183.0,30,15,2025-11-20
STORE004,SKU01973,0.0,110,42,2025-10-15
STORE015,SKU01974,89.4,25,10,2025-11-20
STORE017,SKU01974,37.8,25,10,2025-11-20
STORE024,SKU01974,7.8,25,10,2025-11-20
STORE029,SKU01975,51.0,25,10,2025-11-20
STORE026,SKU01976,39.9,25,10,2025-11-20
STORE004,SKU01976,58.2,25,10,2025-11-20
STORE018,SKU01976,122.0,25,10,2025-11-20
STORE002,SKU01977,43.2,25,10,2025-11-20
STORE020,SKU01977,172.3,25,10,2025-11-20
STORE007,SKU01977,103.4,25,10,2025-11-20
STORE008,SKU01978,180.0,29,14,2025-11-20
STORE019,SKU01979,75.0,25,10,2025-11-20
STORE003,SKU01980,0.0,113,40,2025-10-15
STORE007,SKU01981,146.8,25,10,2025-11-20
STORE016,SKU01981,1532.3,25,10,2025-11-20
STORE030,SKU01981,410.3,25,10,2025-11-20
STORE005,SKU01981,16.7,25,10,2025-11-20
STORE013,SKU01981,147.4,25,10,2025-11-20
STORE021,SKU01981,364.0,25,10,2025-11-20
STORE011,SKU01981,21.6,25,10,2025-11-20
STORE008,SKU01981,9.0,25,10,2025-11-20
STORE002,SKU01981,222.9,25,10,2025-11-20
STORE014,SKU01981,150.8,25,10,2025-11-20
STORE022,SKU01981,215.0,25,10,2025-11-20
STORE003,SKU01981,113.6,25,10,2025-11-20
STORE019,SKU01981,67.1,25,10,2025-11-20
STORE017,SKU01981,435.6,25,10,2025-11-20
STORE029,SKU01981,269.4,25,10,2025-11-20
STORE026,SKU01981,83.3,25,10,2025-11-20
STORE006,SKU01981,143.5,25,10,2025-11-20
STORE028,SKU01981,334.0,25,10,2025-11-20
STORE020,SKU01981,27.9,25,10,2025-11-20
STORE023,SKU01981,59.5,25,10,2025-11-20
STORE009,SKU01981,28.4,25,10,2025-11-20
STORE015,SKU01981,623.7,25,10,2025-11-20
STORE001,SKU01981,520.4,25,10,2025-11-20
STORE024,SKU01981,521.8,25,10,2025-11-20
STORE012,SKU01981,469.7,25,10,2025-11-20
STORE025,SKU01981,412.6,25,10,2025-11-20
STORE010,SKU01981,241.6,25,10,2025-11-20
STORE026,SKU01982,227.3,41,20,2025-11-20
STORE001,SKU01982,8.7,41,20,2025-11-20
STORE019,SKU01983,192.0,44,22,2025-11-20
STORE004,SKU01984,111.6,27,12,2025-11-20
STORE011,SKU01984,51.4,27,12,2025-11-20
STORE025,SKU01985,0.0,70,33,2025-10-15
STORE018,SKU01986,75.0,25,10,2025-11-20
STORE005,SKU01987,11.0,92,46,2025-11-20
STORE027,SKU01988,18.4,25,10,2025-11-20
STORE020,SKU01988,21.2,25,10,2025-11-20
STORE017,SKU01988,36.7,25,10,2025-11-20
STORE001,SKU01988,7.5,25,10,2025-11-20
STORE008,SKU01988,26.3,25,10,2025-11-20
STORE023,SKU01988,14.8,25,10,2025-11-20
STORE013,SKU01988,38.4,25,10,2025-11-20
STORE011,SKU01988,13.4,25,10,2025-11-20
STORE016,SKU01988,13.1,25,10,2025-11-20
STORE021,SKU01988,15.5,25,10,2025-11-20
STORE022,SKU01988,24.8,25,10,2025-11-20
STORE009,SKU01988,59.9,25,10,2025-11-20
STORE024,SKU01989,8.8,25,10,2025-11-20
STORE010,SKU01989,6.3,25,10,2025-11-20
STORE027,SKU01989,319.1,25,10,2025-11-20
STORE020,SKU01989,86.8,25,10,2025-11-20
STORE004,SKU01990,44.0,34,17,2025-11-20
STORE024,SKU01991,39.5,25,10,2025-11-20
STORE030,SKU01991,5.9,25,10,2025-11-20
STORE014,SKU01991,87.6,25,10,2025-11-20
STORE030,SKU01992,75.0,27,12,2025-11-20
STORE001,SKU01993,0.0,57,24,2025-10-15
STORE029,SKU01993,0.0,71,22,2025-10-15
STORE020,SKU01993,0.0,73,39,2025-10-15
STORE022,SKU01993,0.0,82,45,2025-10-15
STORE007,SKU01993,0.0,110,47,2025-10-15
STORE013,SKU01993,0.0,119,40,2025-10-15
STORE012,SKU01993,0.0,86,38,2025-10-15
STORE028,SKU01993,0.0,87,23,2025-10-15
STORE024,SKU01993,0.0,73,29,2025-10-15
STORE008,SKU01994,54.6,25,10,2025-11-20
STORE013,SKU01994,53.5,25,10,2025-11-20
STORE017,SKU01994,265.9,25,10,2025-11-20
STORE016,SKU01995,7.4,25,10,2025-11-20
STORE011,SKU01995,208.6,25,10,2025-11-20
STORE027,SKU01996,16.9,25,10,2025-11-20
STORE001,SKU01996,51.1,25,10,2025-11-20
STORE019,SKU01997,172.0,25,10,2025-11-20
STORE005,SKU01997,71.0,25,10,2025-11-20
STORE025,SKU01998,0.0,75,33,2025-10-15
STORE006,SKU01999,69.0,25,10,2025-11-20
STORE027,SKU02000,198.4,25,10,2025-11-20
STORE024,SKU02000,71.5,25,10,2025-11-20
STORE006,SKU02000,55.1,25,10,2025-11-20
STORE007,SKU02001,235.6,25,10,2025-11-20
STORE020,SKU02001,57.4,25,10,2025-11-20
STORE020,SKU02002,76.0,39,19,2025-11-20
STORE017,SKU02003,0.0,58,24,2025-10-15
STORE008,SKU02004,82.0,77,38,2025-11-20
STORE015,SKU02005,66.0,25,10,2025-11-20
STORE009,SKU02006,0.0,81,30,2025-10-15
STORE014,SKU02007,5.7,25,10,2025-11-20
STORE003,SKU02007,145.2,25,10,2025-11-20
STORE009,SKU02007,258.1,25,10,2025-11-20
STORE030,SKU02008,0.0,95,21,2025-10-15
STORE024,SKU02009,22.8,25,10,2025-11-20
STORE028,SKU02009,54.2,25,10,2025-11-20
STORE024,SKU02010,11.1,25,10,2025-11-20
STORE010,SKU02010,148.8,25,10,2025-11-20
STORE005,SKU02010,88.1,25,10,2025-11-20
STORE017,SKU02010,193.1,25,10,2025-11-20
STORE018,SKU02011,6.7,25,10,2025-11-20
STORE014,SKU02011,273.3,25,10,2025-11-20
STORE024,SKU02012,138.0,25,10,2025-11-20
STORE002,SKU02013,101.1,25,10,2025-11-20
STORE027,SKU02013,21.9,25,10,2025-11-20
STORE012,SKU02014,102.0,25,10,2025-11-20
STORE021,SKU02015,37.9,25,10,2025-11-20
STORE001,SKU02015,125.2,25,10,2025-11-20
STORE025,SKU02015,0.3,25,10,2025-11-20
STORE026,SKU02015,64.7,25,10,2025-11-20
STORE011,SKU02016,50.7,25,10,2025-11-20
STORE008,SKU02016,3.3,25,10,2025-11-20
STORE016,SKU02016,2.2,25,10,2025-11-20
STORE030,SKU02016,12.0,25,10,2025-11-20
STORE013,SKU02016,58.9,25,10,2025-11-20
STORE014,SKU02017,263.0,29,14,2025-11-20
STORE014,SKU02018,264.4,27,12,2025-11-20
STORE026,SKU02018,53.6,27,12,2025-11-20
STORE024,SKU02019,17.0,25,10,2025-11-20
STORE002,SKU02020,154.5,25,10,2025-11-20
STORE017,SKU02020,8.5,25,10,2025-11-20
STORE023,SKU02021,35.4,25,10,2025-11-20
STORE004,SKU02021,86.6,25,10,2025-11-20
STORE004,SKU02022,14.4,25,10,2025-11-20
STORE024,SKU02022,67.6,25,10,2025-11-20
STORE005,SKU02023,84.0,25,10,2025-11-20
STORE014,SKU02024,147.0,40,20,2025-11-20
STORE025,SKU02025,24.4,25,10,2025-11-20
STORE028,SKU02025,181.7,25,10,2025-11-20
STORE001,SKU02025,48.9,25,10,2025-11-20
STORE002,SKU02026,26.0,25,10,2025-11-20
STORE007,SKU02027,26.0,39,19,2025-11-20
STORE028,SKU02028,25.7,25,10,2025-11-20
STORE002,SKU02028,185.3,25,10,2025-11-20
STORE017,SKU02029,51.6,25,10,2025-11-20
STORE029,SKU02029,155.4,25,10,2025-11-20
STORE007,SKU02029,24.7,25,10,2025-11-20
STORE012,SKU02029,166.7,25,10,2025-11-20
STORE013,SKU02029,19.6,25,10,2025-11-20
STORE013,SKU02030,146.8,25,10,2025-11-20
STORE029,SKU02030,75.2,25,10,2025-11-20
STORE020,SKU02031,27.5,25,10,2025-11-20
STORE003,SKU02031,6.0,25,10,2025-11-20
STORE027,SKU02031,42.5,25,10,2025-11-20
STORE028,SKU02032,290.0,25,10,2025-11-20
STORE025,SKU02033,46.0,38,19,2025-11-20
STORE001,SKU02034,76.6,34,17,2025-11-20
STORE013,SKU02034,7.4,34,17,2025-11-20
STORE005,SKU02035,106.0,33,16,2025-11-20
STORE022,SKU02036,0.0,68,34,2025-10-15
STORE011,SKU02037,54.0,25,10,2025-11-20
STORE024,SKU02037,46.6,25,10,2025-11-20
STORE007,SKU02037,42.4,25,10,2025-11-20
STORE004,SKU02038,90.0,25,10,2025-11-20
STORE006,SKU02038,128.7,25,10,2025-11-20
STORE025,SKU02038,29.4,25,10,2025-11-20
STORE007,SKU02038,344.1,25,10,2025-11-20
STORE009,SKU02038,190.0,25,10,2025-11-20
STORE011,SKU02038,334.3,25,10,2025-11-20
STORE012,SKU02038,77.6,25,10,2025-11-20
STORE002,SKU02038,106.3,25,10,2025-11-20
STORE014,SKU02038,110.3,25,10,2025-11-20
STORE017,SKU02038,7.1,25,10,2025-11-20
STORE018,SKU02038,113.0,25,10,2025-11-20
STORE029,SKU02038,440.7,25,10,2025-11-20
STORE022,SKU02038,616.8,25,10,2025-11-20
STORE030,SKU02038,197.9,25,10,2025-11-20
STORE016,SKU02038,164.8,25,10,2025-11-20
STORE028,SKU02038,8.5,25,10,2025-11-20
STORE020,SKU02038,572.9,25,10,2025-11-20
STORE008,SKU02038,3.5,25,10,2025-11-20
STORE027,SKU02038,784.9,25,10,2025-11-20
STORE026,SKU02038,182.1,25,10,2025-11-20
STORE003,SKU02038,113.4,25,10,2025-11-20
STORE021,SKU02038,699.2,25,10,2025-11-20
STORE005,SKU02038,6.7,25,10,2025-11-20
STORE010,SKU02038,236.0,25,10,2025-11-20
STORE019,SKU02038,215.8,25,10,2025-11-20
STORE002,SKU02039,53.0,25,10,2025-11-20
STORE004,SKU02039,120.0,25,10,2025-11-20
STORE008,SKU02040,44.4,25,10,2025-11-20
STORE010,SKU02040,54.6,25,10,2025-11-20
STORE029,SKU02040,0.0,25,10,2025-11-20
STORE018,SKU02041,0.0,100,20,2025-10-15
STORE017,SKU02042,217.0,25,10,2025-11-20
STORE015,SKU02042,14.1,25,10,2025-11-20
STORE025,SKU02042,20.9,25,10,2025-11-20
STORE007,SKU02043,0.0,79,30,2025-10-15
STORE008,SKU02044,176.7,25,10,2025-11-20
STORE016,SKU02044,22.3,25,10,2025-11-20
STORE028,SKU02045,76.0,25,10,2025-11-20
STORE022,SKU02046,12.8,25,10,2025-11-20
STORE018,SKU02046,1.1,25,10,2025-11-20
STORE024,SKU02046,0.4,25,10,2025-11-20
STORE017,SKU02046,0.3,25,10,2025-11-20
STORE005,SKU02046,3.8,25,10,2025-11-20
STORE014,SKU02046,5.8,25,10,2025-11-20
STORE002,SKU02046,0.9,25,10,2025-11-20
STORE007,SKU02046,0.1,25,10,2025-11-20
STORE008,SKU02046,0.8,25,10,2025-11-20
STORE021,SKU02046,0.2,25,10,2025-11-20
STORE012,SKU02046,0.3,25,10,2025-11-20
STORE004,SKU02046,1.7,25,10,2025-11-20
STORE028,SKU02046,0.8,25,10,2025-11-20
STORE019,SKU02046,2.2,25,10,2025-11-20
STORE020,SKU02046,0.9,25,10,2025-11-20
STORE030,SKU02046,8.4,25,10,2025-11-20
STORE016,SKU02046,7.1,25,10,2025-11-20
STORE025,SKU02046,2.5,25,10,2025-11-20
STORE001,SKU02047,172.7,25,10,2025-11-20
STORE020,SKU02047,189.3,25,10,2025-11-20
STORE027,SKU02048,48.5,25,10,2025-11-20
STORE002,SKU02048,118.9,25,10,2025-11-20
STORE017,SKU02048,54.9,25,10,2025-11-20
STORE012,SKU02048,177.6,25,10,2025-11-20
STORE019,SKU02049,0.0,113,38,2025-10-15
STORE003,SKU02050,78.8,29,14,2025-11-20
STORE026,SKU02050,11.2,29,14,2025-11-20
STORE010,SKU02051,73.9,25,10,2025-11-20
STORE019,SKU02051,9.0,25,10,2025-11-20
STORE006,SKU02051,20.1,25,10,2025-11-20
STORE030,SKU02052,55.3,30,15,2025-11-20
STORE001,SKU02052,23.9,30,15,2025-11-20
STORE023,SKU02052,216.8,30,15,2025-11-20
STORE015,SKU02053,30.5,25,10,2025-11-20
STORE009,SKU02053,107.5,25,10,2025-11-20
STORE019,SKU02054,55.6,25,10,2025-11-20
STORE026,SKU02054,70.4,25,10,2025-11-20
STORE006,SKU02055,144.0,25,10,2025-11-20
STORE013,SKU02055,606.1,25,10,2025-11-20
STORE025,SKU02055,250.4,25,10,2025-11-20
STORE020,SKU02055,172.6,25,10,2025-11-20
STORE023,SKU02055,20.7,25,10,2025-11-20
STORE019,SKU02055,186.3,25,10,2025-11-20
STORE027,SKU02055,512.4,25,10,2025-11-20
STORE021,SKU02055,284.2,25,10,2025-11-20
STORE014,SKU02055,532.0,25,10,2025-11-20
STORE024,SKU02055,203.1,25,10,2025-11-20
STORE028,SKU02055,37.6,25,10,2025-11-20
STORE029,SKU02055,4.1,25,10,2025-11-20
STORE010,SKU02055,107.7,25,10,2025-11-20
STORE015,SKU02055,356.9,25,10,2025-11-20
STORE003,SKU02055,465.6,25,10,2025-11-20
STORE017,SKU02055,104.5,25,10,2025-11-20
STORE009,SKU02055,204.0,25,10,2025-11-20
STORE005,SKU02055,162.9,25,10,2025-11-20
STORE005,SKU02056,105.0,26,11,2025-11-20
STORE018,SKU02057,97.2,25,10,2025-11-20
STORE026,SKU02057,54.2,25,10,2025-11-20
STORE012,SKU02057,80.9,25,10,2025-11-20
STORE019,SKU02057,21.0,25,10,2025-11-20
STORE013,SKU02057,81.6,25,10,2025-11-20
STORE021,SKU02057,3.4,25,10,2025-11-20
STORE027,SKU02057,364.7,25,10,2025-11-20
STORE008,SKU02057,140.6,25,10,2025-11-20
STORE005,SKU02057,1336.8,25,10,2025-11-20
STORE011,SKU02057,79.6,25,10,2025-11-20
STORE024,SKU02057,156.8,25,10,2025-11-20
STORE004,SKU02057,163.7,25,10,2025-11-20
STORE010,SKU02057,3.1,25,10,2025-11-20
STORE001,SKU02057,675.4,25,10,2025-11-20
STORE030,SKU02057,12.0,25,10,2025-11-20
STORE016,SKU02057,1040.8,25,10,2025-11-20
STORE015,SKU02057,822.8,25,10,2025-11-20
STORE029,SKU02057,283.4,25,10,2025-11-20
STORE020,SKU02057,289.9,25,10,2025-11-20
STORE003,SKU02057,392.0,25,10,2025-11-20
STORE028,SKU02057,180.9,25,10,2025-11-20
STORE002,SKU02057,385.1,25,10,2025-11-20
STORE025,SKU02057,16.9,25,10,2025-11-20
STORE007,SKU02057,20.5,25,10,2025-11-20
STORE009,SKU02057,225.8,25,10,2025-11-20
STORE023,SKU02057,294.8,25,10,2025-11-20
STORE025,SKU02058,166.0,25,10,2025-11-20
STORE005,SKU02059,0.0,101,44,2025-10-15
STORE013,SKU02060,0.0,103,38,2025-10-15
STORE002,SKU02061,62.0,27,12,2025-11-20
STORE014,SKU02062,63.0,25,10,2025-11-20
STORE020,SKU02063,80.6,25,10,2025-11-20
STORE023,SKU02063,171.3,25,10,2025-11-20
STORE001,SKU02063,130.1,25,10,2025-11-20
STORE018,SKU02064,144.5,25,10,2025-11-20
STORE016,SKU02064,46.1,25,10,2025-11-20
STORE005,SKU02064,198.1,25,10,2025-11-20
STORE013,SKU02064,457.5,25,10,2025-11-20
STORE021,SKU02064,164.8,25,10,2025-11-20
STORE004,SKU02064,190.8,25,10,2025-11-20
STORE015,SKU02064,534.2,25,10,2025-11-20
STORE014,SKU02064,346.3,25,10,2025-11-20
STORE001,SKU02064,190.7,25,10,2025-11-20
STORE026,SKU02064,84.3,25,10,2025-11-20
STORE024,SKU02064,611.5,25,10,2025-11-20
STORE006,SKU02064,243.3,25,10,2025-11-20
STORE007,SKU02064,70.7,25,10,2025-11-20
STORE010,SKU02064,88.7,25,10,2025-11-20
STORE008,SKU02064,459.6,25,10,2025-11-20
STORE009,SKU02064,12.8,25,10,2025-11-20
STORE017,SKU02064,1368.8,25,10,2025-11-20
STORE025,SKU02064,39.5,25,10,2025-11-20
STORE019,SKU02064,449.7,25,10,2025-11-20
STORE011,SKU02064,142.0,25,10,2025-11-20
STORE023,SKU02064,191.7,25,10,2025-11-20
STORE012,SKU02064,601.2,25,10,2025-11-20
STORE027,SKU02064,150.6,25,10,2025-11-20
STORE028,SKU02064,218.1,25,10,2025-11-20
STORE002,SKU02064,14.3,25,10,2025-11-20
STORE030,SKU02064,0.7,25,10,2025-11-20
STORE022,SKU02064,79.4,25,10,2025-11-20
STORE020,SKU02064,322.8,25,10,2025-11-20
STORE029,SKU02064,36.6,25,10,2025-11-20
STORE003,SKU02064,34.2,25,10,2025-11-20
STORE014,SKU02065,57.2,25,10,2025-11-20
STORE029,SKU02065,112.9,25,10,2025-11-20
STORE022,SKU02065,134.6,25,10,2025-11-20
STORE004,SKU02065,21.3,25,10,2025-11-20
STORE005,SKU02066,0.0,122,48,2025-10-15
STORE019,SKU02067,2.5,25,10,2025-11-20
STORE020,SKU02067,85.3,25,10,2025-11-20
STORE014,SKU02067,9.1,25,10,2025-11-20
STORE011,SKU02067,58.1,25,10,2025-11-20
STORE001,SKU02068,7.0,25,10,2025-11-20
STORE018,SKU02068,5.2,25,10,2025-11-20
STORE026,SKU02068,0.7,25,10,2025-11-20
STORE028,SKU02068,6.1,25,10,2025-11-20
STORE005,SKU02068,5.2,25,10,2025-11-20
STORE013,SKU02068,3.2,25,10,2025-11-20
STORE019,SKU02068,1.4,25,10,2025-11-20
STORE012,SKU02068,1.1,25,10,2025-11-20
STORE029,SKU02068,0.5,25,10,2025-11-20
STORE027,SKU02068,2.5,25,10,2025-11-20
STORE014,SKU02068,3.1,25,10,2025-11-20
STORE009,SKU02068,1.6,25,10,2025-11-20
STORE003,SKU02068,2.3,25,10,2025-11-20
STORE025,SKU02068,1.6,25,10,2025-11-20
STORE017,SKU02068,3.6,25,10,2025-11-20
STORE006,SKU02068,8.1,25,10,2025-11-20
STORE014,SKU02069,0.0,74,40,2025-10-15
STORE030,SKU02070,43.6,25,10,2025-11-20
STORE027,SKU02070,117.0,25,10,2025-11-20
STORE007,SKU02070,37.0,25,10,2025-11-20
STORE001,SKU02070,238.9,25,10,2025-11-20
STORE018,SKU02070,317.9,25,10,2025-11-20
STORE016,SKU02070,654.6,25,10,2025-11-20
STORE014,SKU02070,79.6,25,10,2025-11-20
STORE004,SKU02070,730.8,25,10,2025-11-20
STORE022,SKU02070,15.9,25,10,2025-11-20
STORE005,SKU02070,225.1,25,10,2025-11-20
STORE028,SKU02070,14.3,25,10,2025-11-20
STORE017,SKU02070,546.2,25,10,2025-11-20
STORE011,SKU02070,183.8,25,10,2025-11-20
STORE026,SKU02070,269.6,25,10,2025-11-20
STORE023,SKU02070,433.9,25,10,2025-11-20
STORE021,SKU02070,39.7,25,10,2025-11-20
STORE024,SKU02070,9.6,25,10,2025-11-20
STORE025,SKU02070,514.2,25,10,2025-11-20
STORE015,SKU02070,92.1,25,10,2025-11-20
STORE013,SKU02071,29.4,28,13,2025-11-20
STORE018,SKU02071,134.6,28,13,2025-11-20
STORE005,SKU02071,194.3,28,13,2025-11-20
STORE008,SKU02071,6.7,28,13,2025-11-20
STORE019,SKU02072,236.0,25,10,2025-11-20
STORE026,SKU02073,4.0,25,10,2025-11-20
STORE025,SKU02074,82.0,25,10,2025-11-20
STORE010,SKU02075,80.1,25,10,2025-11-20
STORE028,SKU02075,144.0,25,10,2025-11-20
STORE017,SKU02075,36.0,25,10,2025-11-20
STORE009,SKU02076,30.0,25,10,2025-11-20
STORE021,SKU02077,4.0,32,16,2025-11-20
STORE029,SKU02078,228.0,25,10,2025-11-20
STORE002,SKU02079,0.0,25,10,2025-11-20
STORE028,SKU02079,0.1,25,10,2025-11-20
STORE001,SKU02079,0.1,25,10,2025-11-20
STORE027,SKU02079,0.1,25,10,2025-11-20
STORE006,SKU02079,0.1,25,10,2025-11-20
STORE016,SKU02079,0.0,25,10,2025-11-20
STORE008,SKU02079,0.0,25,10,2025-11-20
STORE029,SKU02079,0.1,25,10,2025-11-20
STORE023,SKU02079,0.0,25,10,2025-11-20
STORE017,SKU02079,0.0,25,10,2025-11-20
STORE014,SKU02079,0.1,25,10,2025-11-20
STORE013,SKU02079,0.1,25,10,2025-11-20
STORE019,SKU02079,0.0,25,10,2025-11-20
STORE003,SKU02079,0.1,25,10,2025-11-20
STORE030,SKU02079,0.1,25,10,2025-11-20
STORE025,SKU02079,0.1,25,10,2025-11-20
STORE020,SKU02079,0.0,25,10,2025-11-20
STORE025,SKU02080,63.5,25,10,2025-11-20
STORE013,SKU02080,74.9,25,10,2025-11-20
STORE017,SKU02080,24.6,25,10,2025-11-20
STORE007,SKU02081,53.0,25,10,2025-11-20
STORE003,SKU02081,39.0,25,10,2025-11-20
STORE003,SKU02082,14.8,25,10,2025-11-20
STORE022,SKU02082,58.2,25,10,2025-11-20
STORE007,SKU02083,7.1,25,10,2025-11-20
STORE027,SKU02083,81.9,25,10,2025-11-20
STORE020,SKU02084,220.0,25,10,2025-11-20
STORE011,SKU02084,19.0,25,10,2025-11-20
STORE027,SKU02085,207.5,25,10,2025-11-20
STORE028,SKU02085,68.2,25,10,2025-11-20
STORE001,SKU02085,36.7,25,10,2025-11-20
STORE002,SKU02085,114.6,25,10,2025-11-20
STORE003,SKU02086,0.0,95,32,2025-10-15
STORE002,SKU02087,32.0,39,19,2025-11-20
STORE020,SKU02087,127.0,39,19,2025-11-20
STORE021,SKU02088,0.1,25,10,2025-11-20
STORE009,SKU02088,5.9,25,10,2025-11-20
STORE003,SKU02088,1.9,25,10,2025-11-20
STORE010,SKU02088,3.3,25,10,2025-11-20
STORE030,SKU02088,0.8,25,10,2025-11-20
STORE020,SKU02088,3.6,25,10,2025-11-20
STORE028,SKU02088,4.8,25,10,2025-11-20
STORE011,SKU02088,2.1,25,10,2025-11-20
STORE002,SKU02088,3.1,25,10,2025-11-20
STORE015,SKU02088,2.0,25,10,2025-11-20
STORE014,SKU02088,7.2,25,10,2025-11-20
STORE006,SKU02088,2.2,25,10,2025-11-20
STORE017,SKU02088,5.9,25,10,2025-11-20
STORE007,SKU02089,122.8,25,10,2025-11-20
STORE028,SKU02089,40.2,25,10,2025-11-20
STORE019,SKU02090,52.7,25,10,2025-11-20
STORE015,SKU02090,105.0,25,10,2025-11-20
STORE021,SKU02090,352.6,25,10,2025-11-20
STORE014,SKU02090,52.0,25,10,2025-11-20
STORE005,SKU02090,149.7,25,10,2025-11-20
STORE002,SKU02091,269.8,25,10,2025-11-20
STORE024,SKU02091,71.7,25,10,2025-11-20
STORE012,SKU02091,169.1,25,10,2025-11-20
STORE008,SKU02091,46.4,25,10,2025-11-20
STORE021,SKU02092,25.9,25,10,2025-11-20
STORE009,SKU02092,354.1,25,10,2025-11-20
STORE009,SKU02093,66.1,25,10,2025-11-20
STORE001,SKU02093,200.9,25,10,2025-11-20
STORE029,SKU02094,389.0,25,10,2025-11-20
STORE016,SKU02094,85.7,25,10,2025-11-20
STORE015,SKU02094,727.6,25,10,2025-11-20
STORE028,SKU02094,785.1,25,10,2025-11-20
STORE020,SKU02094,62.9,25,10,2025-11-20
STORE010,SKU02094,8.4,25,10,2025-11-20
STORE013,SKU02094,245.9,25,10,2025-11-20
STORE006,SKU02094,120.7,25,10,2025-11-20
STORE002,SKU02094,21.4,25,10,2025-11-20
STORE027,SKU02094,247.5,25,10,2025-11-20
STORE005,SKU02094,6.4,25,10,2025-11-20
STORE024,SKU02094,411.1,25,10,2025-11-20
STORE014,SKU02094,30.1,25,10,2025-11-20
STORE026,SKU02094,27.4,25,10,2025-11-20
STORE017,SKU02094,38.9,25,10,2025-11-20
STORE023,SKU02094,649.5,25,10,2025-11-20
STORE001,SKU02094,237.9,25,10,2025-11-20
STORE009,SKU02094,325.5,25,10,2025-11-20
STORE022,SKU02094,102.1,25,10,2025-11-20
STORE024,SKU02095,235.0,25,10,2025-11-20
STORE028,SKU02096,17.7,25,10,2025-11-20
STORE016,SKU02096,43.3,25,10,2025-11-20
STORE024,SKU02097,25.4,25,10,2025-11-20
STORE021,SKU02097,31.6,25,10,2025-11-20
STORE027,SKU02098,0.0,89,35,2025-10-15
STORE030,SKU02099,16.9,25,10,2025-11-20
STORE002,SKU02099,168.8,25,10,2025-11-20
STORE006,SKU02099,10.6,25,10,2025-11-20
STORE019,SKU02099,191.7,25,10,2025-11-20
STORE023,SKU02100,4.2,25,10,2025-11-20
STORE030,SKU02100,183.9,25,10,2025-11-20
STORE020,SKU02100,113.7,25,10,2025-11-20
STORE003,SKU02100,167.2,25,10,2025-11-20
STORE025,SKU02101,70.0,25,10,2025-11-20
STORE025,SKU02102,0.0,59,28,2025-10-15
STORE013,SKU02103,152.0,25,10,2025-11-20
STORE030,SKU02104,126.0,25,10,2025-11-20
STORE017,SKU02105,67.4,25,10,2025-11-20
STORE022,SKU02105,59.1,25,10,2025-11-20
STORE018,SKU02105,91.5,25,10,2025-11-20
STORE009,SKU02106,6.0,25,10,2025-11-20
STORE003,SKU02106,19.6,25,10,2025-11-20
STORE007,SKU02106,18.4,25,10,2025-11-20
STORE007,SKU02107,83.9,25,10,2025-11-20
STORE015,SKU02107,121.0,25,10,2025-11-20
STORE008,SKU02107,68.5,25,10,2025-11-20
STORE003,SKU02107,27.8,25,10,2025-11-20
STORE030,SKU02107,43.7,25,10,2025-11-20
STORE005,SKU02108,115.0,27,12,2025-11-20
STORE030,SKU02109,10.7,25,10,2025-11-20
STORE011,SKU02109,10.1,25,10,2025-11-20
STORE012,SKU02109,28.1,25,10,2025-11-20
STORE023,SKU02110,70.6,25,10,2025-11-20
STORE030,SKU02110,2.9,25,10,2025-11-20
STORE006,SKU02110,116.4,25,10,2025-11-20
STORE007,SKU02110,107.1,25,10,2025-11-20
STORE012,SKU02111,35.0,63,31,2025-11-20
STORE030,SKU02112,207.8,25,10,2025-11-20
STORE013,SKU02112,880.0,25,10,2025-11-20
STORE004,SKU02112,179.1,25,10,2025-11-20
STORE015,SKU02112,555.7,25,10,2025-11-20
STORE018,SKU02112,20.4,25,10,2025-11-20
STORE003,SKU02112,50.0,25,10,2025-11-20
STORE027,SKU02112,137.0,25,10,2025-11-20
STORE001,SKU02112,207.2,25,10,2025-11-20
STORE007,SKU02112,399.3,25,10,2025-11-20
STORE006,SKU02112,1047.8,25,10,2025-11-20
STORE028,SKU02112,116.1,25,10,2025-11-20
STORE025,SKU02112,11.5,25,10,2025-11-20
STORE021,SKU02112,380.8,25,10,2025-11-20
STORE023,SKU02112,218.6,25,10,2025-11-20
STORE029,SKU02112,52.2,25,10,2025-11-20
STORE002,SKU02112,161.0,25,10,2025-11-20
STORE020,SKU02112,319.7,25,10,2025-11-20
STORE016,SKU02112,346.9,25,10,2025-11-20
STORE022,SKU02112,163.2,25,10,2025-11-20
STORE014,SKU02112,85.8,25,10,2025-11-20
STORE009,SKU02112,858.0,25,10,2025-11-20
STORE026,SKU02112,256.7,25,10,2025-11-20
STORE019,SKU02112,123.7,25,10,2025-11-20
STORE011,SKU02112,77.6,25,10,2025-11-20
STORE012,SKU02112,309.6,25,10,2025-11-20
STORE005,SKU02112,65.4,25,10,2025-11-20
STORE008,SKU02112,44.4,25,10,2025-11-20
STORE024,SKU02112,177.9,25,10,2025-11-20
STORE017,SKU02112,80.7,25,10,2025-11-20
STORE007,SKU02113,175.0,25,10,2025-11-20
STORE007,SKU02114,27.5,25,10,2025-11-20
STORE015,SKU02114,233.0,25,10,2025-11-20
STORE003,SKU02114,72.9,25,10,2025-11-20
STORE022,SKU02114,0.1,25,10,2025-11-20
STORE018,SKU02114,29.7,25,10,2025-11-20
STORE010,SKU02114,593.9,25,10,2025-11-20
STORE025,SKU02114,442.4,25,10,2025-11-20
STORE009,SKU02114,58.3,25,10,2025-11-20
STORE019,SKU02114,330.0,25,10,2025-11-20
STORE002,SKU02114,205.4,25,10,2025-11-20
STORE006,SKU02114,774.6,25,10,2025-11-20
STORE027,SKU02114,102.4,25,10,2025-11-20
STORE011,SKU02114,250.5,25,10,2025-11-20
STORE021,SKU02114,14.4,25,10,2025-11-20
STORE005,SKU02114,110.5,25,10,2025-11-20
STORE014,SKU02114,726.8,25,10,2025-11-20
STORE030,SKU02114,169.6,25,10,2025-11-20
STORE016,SKU02114,74.3,25,10,2025-11-20
STORE023,SKU02114,28.1,25,10,2025-11-20
STORE001,SKU02114,266.2,25,10,2025-11-20
STORE017,SKU02114,226.7,25,10,2025-11-20
STORE029,SKU02114,102.6,25,10,2025-11-20
STORE013,SKU02114,660.2,25,10,2025-11-20
STORE010,SKU02115,4.8,25,10,2025-11-20
STORE002,SKU02115,78.0,25,10,2025-11-20
STORE008,SKU02115,546.8,25,10,2025-11-20
STORE015,SKU02115,83.4,25,10,2025-11-20
STORE007,SKU02116,27.6,25,10,2025-11-20
STORE022,SKU02116,72.5,25,10,2025-11-20
STORE009,SKU02116,164.9,25,10,2025-11-20
STORE027,SKU02117,81.0,25,10,2025-11-20
STORE004,SKU02118,1.0,25,10,2025-11-20
STORE013,SKU02119,43.0,25,10,2025-11-20
STORE016,SKU02120,15.6,25,10,2025-11-20
STORE018,SKU02120,97.3,25,10,2025-11-20
STORE004,SKU02120,38.0,25,10,2025-11-20
STORE030,SKU02121,12.6,25,10,2025-11-20
STORE005,SKU02121,37.4,25,10,2025-11-20
STORE029,SKU02122,109.4,25,10,2025-11-20
STORE015,SKU02122,4.5,25,10,2025-11-20
STORE024,SKU02122,18.1,25,10,2025-11-20
STORE026,SKU02123,154.1,25,10,2025-11-20
STORE016,SKU02123,110.9,25,10,2025-11-20
STORE022,SKU02124,126.0,25,10,2025-11-20
STORE017,SKU02125,109.0,25,10,2025-11-20
STORE006,SKU02126,69.0,25,10,2025-11-20
STORE030,SKU02127,2.0,25,10,2025-11-20
STORE006,SKU02128,55.3,25,10,2025-11-20
STORE003,SKU02128,431.8,25,10,2025-11-20
STORE001,SKU02128,413.7,25,10,2025-11-20
STORE027,SKU02128,169.9,25,10,2025-11-20
STORE030,SKU02128,90.4,25,10,2025-11-20
STORE021,SKU02128,259.2,25,10,2025-11-20
STORE029,SKU02128,86.7,25,10,2025-11-20
STORE016,SKU02128,68.7,25,10,2025-11-20
STORE019,SKU02128,334.4,25,10,2025-11-20
STORE018,SKU02128,10.5,25,10,2025-11-20
STORE026,SKU02128,25.4,25,10,2025-11-20
STORE004,SKU02128,1.7,25,10,2025-11-20
STORE007,SKU02128,42.3,25,10,2025-11-20
STORE009,SKU02128,18.2,25,10,2025-11-20
STORE014,SKU02128,1395.8,25,10,2025-11-20
STORE024,SKU02128,86.9,25,10,2025-11-20
STORE010,SKU02128,41.2,25,10,2025-11-20
STORE017,SKU02128,70.3,25,10,2025-11-20
STORE020,SKU02128,701.5,25,10,2025-11-20
STORE008,SKU02128,187.3,25,10,2025-11-20
STORE023,SKU02128,115.7,25,10,2025-11-20
STORE015,SKU02129,940.6,25,10,2025-11-20
STORE008,SKU02129,228.7,25,10,2025-11-20
STORE025,SKU02129,185.7,25,10,2025-11-20
STORE014,SKU02129,105.7,25,10,2025-11-20
STORE029,SKU02129,215.9,25,10,2025-11-20
STORE018,SKU02129,173.3,25,10,2025-11-20
STORE026,SKU02129,514.8,25,10,2025-11-20
STORE004,SKU02129,155.6,25,10,2025-11-20
STORE017,SKU02129,391.8,25,10,2025-11-20
STORE006,SKU02129,31.0,25,10,2025-11-20
STORE028,SKU02129,96.6,25,10,2025-11-20
STORE011,SKU02129,238.1,25,10,2025-11-20
STORE027,SKU02129,1257.8,25,10,2025-11-20
STORE001,SKU02129,215.5,25,10,2025-11-20
STORE019,SKU02129,496.5,25,10,2025-11-20
STORE023,SKU02129,134.0,25,10,2025-11-20
STORE010,SKU02129,61.8,25,10,2025-11-20
STORE013,SKU02129,27.5,25,10,2025-11-20
STORE024,SKU02129,165.9,25,10,2025-11-20
STORE022,SKU02129,78.1,25,10,2025-11-20
STORE012,SKU02129,87.0,25,10,2025-11-20
STORE009,SKU02129,650.9,25,10,2025-11-20
STORE007,SKU02129,7.3,25,10,2025-11-20
STORE030,SKU02129,371.4,25,10,2025-11-20
STORE021,SKU02129,217.2,25,10,2025-11-20
STORE016,SKU02129,321.5,25,10,2025-11-20
STORE020,SKU02129,376.6,25,10,2025-11-20
STORE002,SKU02129,171.1,25,10,2025-11-20
STORE005,SKU02129,159.2,25,10,2025-11-20
STORE013,SKU02130,59.0,25,10,2025-11-20
STORE028,SKU02130,91.5,25,10,2025-11-20
STORE016,SKU02130,9.5,25,10,2025-11-20
STORE008,SKU02131,173.0,25,10,2025-11-20
STORE029,SKU02132,94.8,25,10,2025-11-20
STORE013,SKU02132,17.9,25,10,2025-11-20
STORE017,SKU02132,33.3,25,10,2025-11-20
STORE025,SKU02133,56.0,25,10,2025-11-20
STORE026,SKU02134,116.0,25,10,2025-11-20
STORE005,SKU02135,144.0,25,10,2025-11-20
STORE028,SKU02136,75.8,25,10,2025-11-20
STORE026,SKU02136,23.1,25,10,2025-11-20
STORE001,SKU02136,61.2,25,10,2025-11-20
STORE012,SKU02137,179.0,25,10,2025-11-20
STORE025,SKU02138,157.1,25,10,2025-11-20
STORE001,SKU02138,17.9,25,10,2025-11-20
STORE013,SKU02139,207.0,25,10,2025-11-20
STORE018,SKU02140,94.0,25,10,2025-11-20
STORE005,SKU02141,44.2,96,48,2025-11-20
STORE003,SKU02141,27.8,96,48,2025-11-20
STORE022,SKU02141,4.6,96,48,2025-11-20
STORE027,SKU02141,34.8,96,48,2025-11-20
STORE006,SKU02141,31.7,96,48,2025-11-20
STORE026,SKU02141,0.7,96,48,2025-11-20
STORE008,SKU02141,14.9,96,48,2025-11-20
STORE021,SKU02141,11.4,96,48,2025-11-20
STORE012,SKU02141,31.1,96,48,2025-11-20
STORE011,SKU02141,6.8,96,48,2025-11-20
STORE022,SKU02142,177.1,25,10,2025-11-20
STORE006,SKU02142,484.3,25,10,2025-11-20
STORE003,SKU02142,316.7,25,10,2025-11-20
STORE013,SKU02142,504.1,25,10,2025-11-20
STORE030,SKU02142,760.9,25,10,2025-11-20
STORE026,SKU02142,2.1,25,10,2025-11-20
STORE012,SKU02142,193.2,25,10,2025-11-20
STORE001,SKU02142,105.5,25,10,2025-11-20
STORE011,SKU02142,389.4,25,10,2025-11-20
STORE018,SKU02142,57.5,25,10,2025-11-20
STORE015,SKU02142,785.6,25,10,2025-11-20
STORE004,SKU02142,188.5,25,10,2025-11-20
STORE009,SKU02142,312.6,25,10,2025-11-20
STORE027,SKU02142,17.7,25,10,2025-11-20
STORE005,SKU02142,40.2,25,10,2025-11-20
STORE024,SKU02142,281.5,25,10,2025-11-20
STORE002,SKU02142,4.4,25,10,2025-11-20
STORE021,SKU02142,336.4,25,10,2025-11-20
STORE025,SKU02142,2.8,25,10,2025-11-20
STORE028,SKU02142,212.1,25,10,2025-11-20
STORE014,SKU02142,90.0,25,10,2025-11-20
STORE020,SKU02142,187.3,25,10,2025-11-20
STORE011,SKU02143,131.9,25,10,2025-11-20
STORE019,SKU02143,46.4,25,10,2025-11-20
STORE013,SKU02143,12.7,25,10,2025-11-20
STORE015,SKU02144,83.0,25,10,2025-11-20
STORE025,SKU02145,79.9,25,10,2025-11-20
STORE020,SKU02145,66.0,25,10,2025-11-20
STORE002,SKU02145,121.8,25,10,2025-11-20
STORE018,SKU02145,64.0,25,10,2025-11-20
STORE019,SKU02145,49.3,25,10,2025-11-20
STORE018,SKU02146,13.0,33,16,2025-11-20
STORE025,SKU02147,6.1,25,10,2025-11-20
STORE022,SKU02147,92.9,25,10,2025-11-20
STORE009,SKU02148,181.2,25,10,2025-11-20
STORE008,SKU02148,100.4,25,10,2025-11-20
STORE014,SKU02148,19.4,25,10,2025-11-20
STORE020,SKU02149,66.2,25,10,2025-11-20
STORE018,SKU02149,140.3,25,10,2025-11-20
STORE010,SKU02149,43.5,25,10,2025-11-20
STORE026,SKU02150,23.0,25,10,2025-11-20
STORE018,SKU02151,4.0,25,10,2025-11-20
STORE028,SKU02151,36.5,25,10,2025-11-20
STORE001,SKU02151,178.5,25,10,2025-11-20
STORE006,SKU02152,88.0,25,10,2025-11-20
STORE005,SKU02153,91.1,25,10,2025-11-20
STORE029,SKU02153,259.9,25,10,2025-11-20
STORE030,SKU02154,133.6,25,10,2025-11-20
STORE002,SKU02154,166.7,25,10,2025-11-20
STORE028,SKU02154,87.1,25,10,2025-11-20
STORE011,SKU02154,93.6,25,10,2025-11-20
STORE026,SKU02155,0.3,25,10,2025-11-20
STORE002,SKU02155,16.1,25,10,2025-11-20
STORE020,SKU02155,14.1,25,10,2025-11-20
STORE023,SKU02155,2.7,25,10,2025-11-20
STORE024,SKU02155,11.2,25,10,2025-11-20
STORE008,SKU02155,2.2,25,10,2025-11-20
STORE022,SKU02155,0.4,25,10,2025-11-20
STORE018,SKU02155,2.0,25,10,2025-11-20
STORE014,SKU02155,1.8,25,10,2025-11-20
STORE028,SKU02155,3.8,25,10,2025-11-20
STORE009,SKU02155,4.9,25,10,2025-11-20
STORE017,SKU02155,6.5,25,10,2025-11-20
STORE010,SKU02156,114.1,25,10,2025-11-20
STORE021,SKU02156,55.6,25,10,2025-11-20
STORE005,SKU02156,5.2,25,10,2025-11-20
STORE030,SKU02156,163.7,25,10,2025-11-20
STORE020,SKU02156,88.8,25,10,2025-11-20
STORE011,SKU02156,62.5,25,10,2025-11-20
STORE028,SKU02157,78.0,25,10,2025-11-20
STORE024,SKU02158,0.0,101,39,2025-10-15
STORE018,SKU02159,86.0,29,14,2025-11-20
STORE021,SKU02160,137.0,30,15,2025-11-20
STORE003,SKU02161,206.0,30,15,2025-11-20
STORE021,SKU02162,46.0,53,26,2025-11-20
STORE003,SKU02163,282.0,40,20,2025-11-20
STORE010,SKU02164,53.5,25,10,2025-11-20
STORE012,SKU02164,135.0,25,10,2025-11-20
STORE015,SKU02164,15.6,25,10,2025-11-20
STORE021,SKU02164,404.8,25,10,2025-11-20
STORE018,SKU02164,31.2,25,10,2025-11-20
STORE017,SKU02164,541.5,25,10,2025-11-20
STORE028,SKU02164,463.2,25,10,2025-11-20
STORE002,SKU02164,144.9,25,10,2025-11-20
STORE027,SKU02164,316.4,25,10,2025-11-20
STORE024,SKU02164,224.1,25,10,2025-11-20
STORE003,SKU02164,377.0,25,10,2025-11-20
STORE029,SKU02164,131.1,25,10,2025-11-20
STORE006,SKU02164,357.5,25,10,2025-11-20
STORE008,SKU02164,144.0,25,10,2025-11-20
STORE013,SKU02164,656.5,25,10,2025-11-20
STORE025,SKU02164,154.6,25,10,2025-11-20
STORE007,SKU02164,144.1,25,10,2025-11-20
STORE022,SKU02164,356.7,25,10,2025-11-20
STORE004,SKU02164,399.9,25,10,2025-11-20
STORE009,SKU02164,187.6,25,10,2025-11-20
STORE020,SKU02164,46.0,25,10,2025-11-20
STORE001,SKU02164,146.3,25,10,2025-11-20
STORE016,SKU02164,799.1,25,10,2025-11-20
STORE030,SKU02164,324.4,25,10,2025-11-20
STORE019,SKU02164,386.7,25,10,2025-11-20
STORE011,SKU02164,7.7,25,10,2025-11-20
STORE005,SKU02164,146.4,25,10,2025-11-20
STORE014,SKU02164,241.3,25,10,2025-11-20
STORE023,SKU02164,411.1,25,10,2025-11-20
STORE026,SKU02164,11.7,25,10,2025-11-20
STORE020,SKU02165,0.0,98,37,2025-10-15
STORE013,SKU02166,104.6,25,10,2025-11-20
STORE018,SKU02166,43.4,25,10,2025-11-20
STORE005,SKU02166,12.0,25,10,2025-11-20
STORE028,SKU02167,108.1,36,18,2025-11-20
STORE020,SKU02167,93.9,36,18,2025-11-20
STORE019,SKU02168,183.0,26,11,2025-11-20
STORE030,SKU02169,11.6,25,10,2025-11-20
STORE014,SKU02169,37.6,25,10,2025-11-20
STORE017,SKU02169,364.6,25,10,2025-11-20
STORE016,SKU02169,31.0,25,10,2025-11-20
STORE023,SKU02169,57.9,25,10,2025-11-20
STORE005,SKU02169,131.5,25,10,2025-11-20
STORE027,SKU02170,0.0,84,46,2025-10-15
STORE011,SKU02171,94.1,25,10,2025-11-20
STORE017,SKU02171,186.3,25,10,2025-11-20
STORE019,SKU02171,76.6,25,10,2025-11-20
STORE007,SKU02172,0.0,112,35,2025-10-15
STORE002,SKU02173,216.0,25,10,2025-11-20
STORE026,SKU02174,0.0,104,40,2025-10-15
STORE011,SKU02175,78.2,25,10,2025-11-20
STORE022,SKU02175,9.8,25,10,2025-11-20
STORE017,SKU02176,3.4,25,10,2025-11-20
STORE001,SKU02176,11.6,25,10,2025-11-20
STORE013,SKU02176,10.2,25,10,2025-11-20
STORE021,SKU02176,27.4,25,10,2025-11-20
STORE006,SKU02176,17.5,25,10,2025-11-20
STORE022,SKU02176,9.9,25,10,2025-11-20
STORE027,SKU02176,3.8,25,10,2025-11-20
STORE008,SKU02176,5.2,25,10,2025-11-20
STORE012,SKU02176,17.3,25,10,2025-11-20
STORE002,SKU02176,11.1,25,10,2025-11-20
STORE009,SKU02176,14.6,25,10,2025-11-20
STORE029,SKU02176,3.8,25,10,2025-11-20
STORE025,SKU02176,21.9,25,10,2025-11-20
STORE028,SKU02176,38.5,25,10,2025-11-20
STORE013,SKU02177,163.0,26,11,2025-11-20
STORE024,SKU02178,64.0,59,29,2025-11-20
STORE020,SKU02179,353.3,25,10,2025-11-20
STORE011,SKU02179,38.6,25,10,2025-11-20
STORE022,SKU02179,86.1,25,10,2025-11-20
STORE015,SKU02179,9.0,25,10,2025-11-20
STORE019,SKU02180,39.4,25,10,2025-11-20
STORE002,SKU02180,4.0,25,10,2025-11-20
STORE001,SKU02180,135.4,25,10,2025-11-20
STORE022,SKU02180,53.2,25,10,2025-11-20
STORE004,SKU02181,0.0,72,25,2025-10-15
STORE029,SKU02182,80.0,25,10,2025-11-20
STORE018,SKU02183,77.4,34,17,2025-11-20
STORE006,SKU02183,56.6,34,17,2025-11-20
STORE025,SKU02184,24.2,25,10,2025-11-20
STORE024,SKU02184,79.3,25,10,2025-11-20
STORE011,SKU02184,127.5,25,10,2025-11-20
STORE028,SKU02185,102.0,25,10,2025-11-20
STORE012,SKU02186,92.0,25,10,2025-11-20
STORE009,SKU02187,126.0,28,13,2025-11-20
STORE009,SKU02188,67.0,25,10,2025-11-20
STORE006,SKU02189,98.7,28,13,2025-11-20
STORE030,SKU02189,38.3,28,13,2025-11-20
STORE017,SKU02190,156.0,25,10,2025-11-20
STORE013,SKU02191,76.6,31,15,2025-11-20
STORE015,SKU02191,197.4,31,15,2025-11-20
STORE019,SKU02192,35.5,25,10,2025-11-20
STORE013,SKU02192,44.2,25,10,2025-11-20
STORE007,SKU02192,293.2,25,10,2025-11-20
STORE005,SKU02192,32.0,25,10,2025-11-20
STORE012,SKU02193,125.0,25,10,2025-11-20
STORE027,SKU02194,208.0,25,10,2025-11-20
STORE027,SKU02195,4.9,25,10,2025-11-20
STORE020,SKU02195,149.4,25,10,2025-11-20
STORE010,SKU02195,84.6,25,10,2025-11-20
STORE006,SKU02195,143.1,25,10,2025-11-20
STORE021,SKU02196,32.1,25,10,2025-11-20
STORE008,SKU02196,167.9,25,10,2025-11-20
STORE021,SKU02197,112.0,25,10,2025-11-20
STORE005,SKU02197,99.1,25,10,2025-11-20
STORE022,SKU02197,4.4,25,10,2025-11-20
STORE018,SKU02197,53.5,25,10,2025-11-20
STORE024,SKU02198,2.0,25,10,2025-11-20
STORE019,SKU02198,0.7,25,10,2025-11-20
STORE028,SKU02198,23.3,25,10,2025-11-20
STORE009,SKU02199,145.5,25,10,2025-11-20
STORE026,SKU02199,55.0,25,10,2025-11-20
STORE013,SKU02199,87.5,25,10,2025-11-20
STORE027,SKU02200,114.0,25,10,2025-11-20
STORE028,SKU02201,4.5,28,13,2025-11-20
STORE008,SKU02201,136.1,28,13,2025-11-20
STORE007,SKU02201,223.4,28,13,2025-11-20
STORE018,SKU02202,16.0,25,10,2025-11-20
STORE029,SKU02203,35.6,25,10,2025-11-20
STORE030,SKU02203,1.3,25,10,2025-11-20
STORE019,SKU02203,61.0,25,10,2025-11-20
STORE030,SKU02204,54.6,25,10,2025-11-20
STORE004,SKU02204,32.2,25,10,2025-11-20
STORE011,SKU02204,23.7,25,10,2025-11-20
STORE013,SKU02204,108.5,25,10,2025-11-20
STORE006,SKU02205,125.5,25,10,2025-11-20
STORE009,SKU02205,46.2,25,10,2025-11-20
STORE003,SKU02205,272.5,25,10,2025-11-20
STORE022,SKU02205,194.2,25,10,2025-11-20
STORE027,SKU02205,456.4,25,10,2025-11-20
STORE011,SKU02205,29.1,25,10,2025-11-20
STORE030,SKU02205,359.2,25,10,2025-11-20
STORE018,SKU02205,261.1,25,10,2025-11-20
STORE025,SKU02205,28.5,25,10,2025-11-20
STORE016,SKU02205,276.8,25,10,2025-11-20
STORE024,SKU02205,135.9,25,10,2025-11-20
STORE026,SKU02205,676.4,25,10,2025-11-20
STORE013,SKU02205,35.6,25,10,2025-11-20
STORE020,SKU02205,240.1,25,10,2025-11-20
STORE017,SKU02205,112.2,25,10,2025-11-20
STORE007,SKU02205,732.9,25,10,2025-11-20
STORE010,SKU02205,93.4,25,10,2025-11-20
STORE004,SKU02205,763.9,25,10,2025-11-20
STORE012,SKU02205,540.6,25,10,2025-11-20
STORE023,SKU02205,73.5,25,10,2025-11-20
STORE021,SKU02205,379.6,25,10,2025-11-20
STORE029,SKU02205,1265.8,25,10,2025-11-20
STORE014,SKU02205,67.9,25,10,2025-11-20
STORE001,SKU02205,133.9,25,10,2025-11-20
STORE002,SKU02205,171.3,25,10,2025-11-20
STORE005,SKU02205,81.5,25,10,2025-11-20
STORE015,SKU02205,3.6,25,10,2025-11-20
STORE028,SKU02205,58.0,25,10,2025-11-20
STORE008,SKU02205,77.2,25,10,2025-11-20
STORE012,SKU02206,68.9,25,10,2025-11-20
STORE001,SKU02206,22.1,25,10,2025-11-20
STORE021,SKU02207,131.6,25,10,2025-11-20
STORE016,SKU02207,77.7,25,10,2025-11-20
STORE017,SKU02207,5.7,25,10,2025-11-20
STORE009,SKU02208,178.1,25,10,2025-11-20
STORE013,SKU02208,179.9,25,10,2025-11-20
STORE028,SKU02209,694.5,25,10,2025-11-20
STORE018,SKU02209,0.7,25,10,2025-11-20
STORE011,SKU02209,63.3,25,10,2025-11-20
STORE001,SKU02209,583.5,25,10,2025-11-20
STORE020,SKU02209,597.2,25,10,2025-11-20
STORE030,SKU02209,283.1,25,10,2025-11-20
STORE016,SKU02209,322.2,25,10,2025-11-20
STORE022,SKU02209,21.3,25,10,2025-11-20
STORE010,SKU02209,160.1,25,10,2025-11-20
STORE009,SKU02209,58.5,25,10,2025-11-20
STORE008,SKU02209,44.4,25,10,2025-11-20
STORE027,SKU02209,369.0,25,10,2025-11-20
STORE007,SKU02209,32.2,25,10,2025-11-20
STORE023,SKU02209,140.4,25,10,2025-11-20
STORE004,SKU02209,619.4,25,10,2025-11-20
STORE015,SKU02209,45.6,25,10,2025-11-20
STORE025,SKU02209,847.2,25,10,2025-11-20
STORE021,SKU02209,1146.7,25,10,2025-11-20
STORE017,SKU02209,180.1,25,10,2025-11-20
STORE002,SKU02209,41.4,25,10,2025-11-20
STORE014,SKU02209,84.3,25,10,2025-11-20
STORE026,SKU02209,122.7,25,10,2025-11-20
STORE013,SKU02209,82.2,25,10,2025-11-20
STORE012,SKU02209,73.1,25,10,2025-11-20
STORE019,SKU02209,795.6,25,10,2025-11-20
STORE029,SKU02209,37.0,25,10,2025-11-20
STORE003,SKU02209,293.4,25,10,2025-11-20
STORE024,SKU02209,0.1,25,10,2025-11-20
STORE008,SKU02210,68.4,25,10,2025-11-20
STORE009,SKU02210,186.6,25,10,2025-11-20
STORE026,SKU02211,101.1,25,10,2025-11-20
STORE002,SKU02211,61.1,25,10,2025-11-20
STORE003,SKU02211,314.1,25,10,2025-11-20
STORE027,SKU02211,371.3,25,10,2025-11-20
STORE012,SKU02211,346.9,25,10,2025-11-20
STORE007,SKU02211,114.6,25,10,2025-11-20
STORE013,SKU02211,86.5,25,10,2025-11-20
STORE010,SKU02211,929.6,25,10,2025-11-20
STORE028,SKU02211,764.7,25,10,2025-11-20
STORE011,SKU02211,182.0,25,10,2025-11-20
STORE023,SKU02211,557.5,25,10,2025-11-20
STORE015,SKU02211,179.3,25,10,2025-11-20
STORE004,SKU02211,164.5,25,10,2025-11-20
STORE021,SKU02211,50.8,25,10,2025-11-20
STORE017,SKU02211,165.5,25,10,2025-11-20
STORE018,SKU02211,229.6,25,10,2025-11-20
STORE029,SKU02211,6.8,25,10,2025-11-20
STORE019,SKU02211,174.9,25,10,2025-11-20
STORE030,SKU02211,452.7,25,10,2025-11-20
STORE022,SKU02211,339.4,25,10,2025-11-20
STORE006,SKU02211,300.3,25,10,2025-11-20
STORE024,SKU02211,715.6,25,10,2025-11-20
STORE025,SKU02211,5.4,25,10,2025-11-20
STORE009,SKU02211,242.5,25,10,2025-11-20
STORE020,SKU02211,461.0,25,10,2025-11-20
STORE005,SKU02211,232.1,25,10,2025-11-20
STORE001,SKU02211,116.6,25,10,2025-11-20
STORE008,SKU02211,43.6,25,10,2025-11-20
STORE026,SKU02212,0.0,91,33,2025-10-15
STORE028,SKU02213,142.4,25,10,2025-11-20
STORE011,SKU02213,41.5,25,10,2025-11-20
STORE002,SKU02213,137.1,25,10,2025-11-20
STORE001,SKU02214,37.8,25,10,2025-11-20
STORE020,SKU02214,48.2,25,10,2025-11-20
STORE009,SKU02215,0.0,89,50,2025-10-15
STORE023,SKU02216,90.4,25,10,2025-11-20
STORE028,SKU02216,59.6,25,10,2025-11-20
STORE021,SKU02217,136.3,25,10,2025-11-20
STORE026,SKU02217,193.6,25,10,2025-11-20
STORE004,SKU02217,436.4,25,10,2025-11-20
STORE010,SKU02217,125.7,25,10,2025-11-20
STORE025,SKU02217,131.9,25,10,2025-11-20
STORE003,SKU02217,27.0,25,10,2025-11-20
STORE002,SKU02217,660.8,25,10,2025-11-20
STORE012,SKU02217,25.6,25,10,2025-11-20
STORE006,SKU02217,280.6,25,10,2025-11-20
STORE015,SKU02217,143.2,25,10,2025-11-20
STORE013,SKU02217,139.7,25,10,2025-11-20
STORE017,SKU02217,305.7,25,10,2025-11-20
STORE028,SKU02217,18.7,25,10,2025-11-20
STORE019,SKU02217,241.9,25,10,2025-11-20
STORE016,SKU02217,397.1,25,10,2025-11-20
STORE009,SKU02217,473.1,25,10,2025-11-20
STORE001,SKU02217,50.2,25,10,2025-11-20
STORE027,SKU02217,611.6,25,10,2025-11-20
STORE023,SKU02217,286.7,25,10,2025-11-20
STORE029,SKU02217,573.7,25,10,2025-11-20
STORE008,SKU02217,178.4,25,10,2025-11-20
STORE014,SKU02217,209.8,25,10,2025-11-20
STORE005,SKU02217,675.2,25,10,2025-11-20
STORE011,SKU02217,618.2,25,10,2025-11-20
STORE024,SKU02217,159.7,25,10,2025-11-20
STORE022,SKU02217,86.2,25,10,2025-11-20
STORE007,SKU02217,134.2,25,10,2025-11-20
STORE020,SKU02217,131.8,25,10,2025-11-20
STORE030,SKU02217,90.8,25,10,2025-11-20
STORE018,SKU02217,84.0,25,10,2025-11-20
STORE030,SKU02218,11.0,29,14,2025-11-20
STORE011,SKU02219,3.3,25,10,2025-11-20
STORE018,SKU02219,52.0,25,10,2025-11-20
STORE026,SKU02219,8.7,25,10,2025-11-20
STORE030,SKU02220,26.6,25,10,2025-11-20
STORE026,SKU02220,4.0,25,10,2025-11-20
STORE025,SKU02220,19.8,25,10,2025-11-20
STORE014,SKU02220,92.2,25,10,2025-11-20
STORE002,SKU02220,136.3,25,10,2025-11-20
STORE011,SKU02221,67.7,25,10,2025-11-20
STORE028,SKU02221,168.4,25,10,2025-11-20
STORE025,SKU02221,171.8,25,10,2025-11-20
STORE019,SKU02221,559.2,25,10,2025-11-20
STORE017,SKU02221,389.0,25,10,2025-11-20
STORE014,SKU02221,194.6,25,10,2025-11-20
STORE015,SKU02221,300.4,25,10,2025-11-20
STORE018,SKU02221,508.2,25,10,2025-11-20
STORE024,SKU02221,2.6,25,10,2025-11-20
STORE009,SKU02221,139.4,25,10,2025-11-20
STORE010,SKU02221,642.9,25,10,2025-11-20
STORE006,SKU02221,364.6,25,10,2025-11-20
STORE005,SKU02221,211.6,25,10,2025-11-20
STORE016,SKU02221,203.9,25,10,2025-11-20
STORE030,SKU02221,115.6,25,10,2025-11-20
STORE021,SKU02221,198.7,25,10,2025-11-20
STORE027,SKU02221,288.0,25,10,2025-11-20
STORE012,SKU02221,146.5,25,10,2025-11-20
STORE026,SKU02221,338.6,25,10,2025-11-20
STORE023,SKU02221,534.0,25,10,2025-11-20
STORE022,SKU02221,45.4,25,10,2025-11-20
STORE029,SKU02221,162.4,25,10,2025-11-20
STORE007,SKU02221,141.8,25,10,2025-11-20
STORE003,SKU02221,314.5,25,10,2025-11-20
STORE026,SKU02222,5.6,25,10,2025-11-20
STORE028,SKU02222,19.8,25,10,2025-11-20
STORE011,SKU02222,40.6,25,10,2025-11-20
STORE026,SKU02223,57.8,25,10,2025-11-20
STORE023,SKU02223,258.2,25,10,2025-11-20
STORE027,SKU02224,928.2,25,10,2025-11-20
STORE020,SKU02224,20.9,25,10,2025-11-20
STORE010,SKU02224,49.4,25,10,2025-11-20
STORE006,SKU02224,559.2,25,10,2025-11-20
STORE017,SKU02224,591.7,25,10,2025-11-20
STORE005,SKU02224,19.1,25,10,2025-11-20
STORE028,SKU02224,2.8,25,10,2025-11-20
STORE029,SKU02224,32.7,25,10,2025-11-20
STORE004,SKU02224,1028.6,25,10,2025-11-20
STORE003,SKU02224,36.9,25,10,2025-11-20
STORE014,SKU02224,130.0,25,10,2025-11-20
STORE011,SKU02224,351.3,25,10,2025-11-20
STORE001,SKU02224,3.8,25,10,2025-11-20
STORE025,SKU02224,172.7,25,10,2025-11-20
STORE018,SKU02224,60.4,25,10,2025-11-20
STORE015,SKU02224,369.2,25,10,2025-11-20
STORE016,SKU02224,62.1,25,10,2025-11-20
STORE002,SKU02225,0.0,73,24,2025-10-15
STORE012,SKU02226,17.0,25,10,2025-11-20
STORE021,SKU02227,143.3,25,10,2025-11-20
STORE008,SKU02227,32.0,25,10,2025-11-20
STORE019,SKU02227,4.5,25,10,2025-11-20
STORE029,SKU02227,67.2,25,10,2025-11-20
STORE008,SKU02228,29.3,25,10,2025-11-20
STORE003,SKU02228,142.2,25,10,2025-11-20
STORE005,SKU02228,138.4,25,10,2025-11-20
STORE021,SKU02229,43.4,25,10,2025-11-20
STORE029,SKU02229,66.2,25,10,2025-11-20
STORE027,SKU02229,65.8,25,10,2025-11-20
STORE004,SKU02229,124.6,25,10,2025-11-20
STORE026,SKU02230,59.4,25,10,2025-11-20
STORE011,SKU02230,34.6,25,10,2025-11-20
STORE028,SKU02230,33.0,25,10,2025-11-20
STORE011,SKU02231,0.0,65,22,2025-10-15
STORE001,SKU02232,0.0,81,30,2025-10-15
STORE016,SKU02233,0.0,84,21,2025-10-15
STORE007,SKU02234,195.1,25,10,2025-11-20
STORE021,SKU02234,151.4,25,10,2025-11-20
STORE014,SKU02234,147.3,25,10,2025-11-20
STORE018,SKU02234,24.3,25,10,2025-11-20
STORE024,SKU02235,95.8,25,10,2025-11-20
STORE006,SKU02235,18.2,25,10,2025-11-20
STORE022,SKU02236,44.0,25,10,2025-11-20
STORE004,SKU02237,28.0,25,10,2025-11-20
STORE010,SKU02238,18.0,25,10,2025-11-20
STORE028,SKU02238,61.2,25,10,2025-11-20
STORE017,SKU02238,32.4,25,10,2025-11-20
STORE020,SKU02238,41.6,25,10,2025-11-20
STORE013,SKU02238,53.8,25,10,2025-11-20
STORE013,SKU02239,143.4,25,10,2025-11-20
STORE019,SKU02239,106.6,25,10,2025-11-20
STORE020,SKU02240,95.5,25,10,2025-11-20
STORE023,SKU02240,25.6,25,10,2025-11-20
STORE016,SKU02240,23.9,25,10,2025-11-20
STORE005,SKU02241,11.2,25,10,2025-11-20
STORE016,SKU02241,212.8,25,10,2025-11-20
STORE028,SKU02242,46.1,25,10,2025-11-20
STORE023,SKU02242,46.7,25,10,2025-11-20
STORE030,SKU02242,70.1,25,10,2025-11-20
STORE008,SKU02243,14.1,25,10,2025-11-20
STORE014,SKU02243,20.9,25,10,2025-11-20
STORE015,SKU02243,120.0,25,10,2025-11-20
STORE029,SKU02244,128.5,25,10,2025-11-20
STORE021,SKU02244,6.4,25,10,2025-11-20
STORE026,SKU02244,30.1,25,10,2025-11-20
STORE015,SKU02245,33.0,25,10,2025-11-20
STORE024,SKU02245,8.5,25,10,2025-11-20
STORE010,SKU02245,53.9,25,10,2025-11-20
STORE021,SKU02245,21.2,25,10,2025-11-20
STORE014,SKU02245,169.4,25,10,2025-11-20
STORE005,SKU02246,197.8,25,10,2025-11-20
STORE024,SKU02246,40.2,25,10,2025-11-20
STORE001,SKU02247,0.0,60,26,2025-10-15
STORE005,SKU02247,0.0,66,24,2025-10-15
STORE012,SKU02247,0.0,78,39,2025-10-15
STORE017,SKU02247,0.0,119,48,2025-10-15
STORE024,SKU02247,0.0,90,20,2025-10-15
STORE023,SKU02247,0.0,98,29,2025-10-15
STORE006,SKU02247,0.0,55,22,2025-10-15
STORE028,SKU02247,0.0,109,32,2025-10-15
STORE010,SKU02247,0.0,55,20,2025-10-15
STORE007,SKU02247,0.0,81,36,2025-10-15
STORE003,SKU02247,0.0,79,33,2025-10-15
STORE027,SKU02247,0.0,75,35,2025-10-15
STORE021,SKU02247,0.0,101,26,2025-10-15
STORE026,SKU02247,0.0,96,37,2025-10-15
STORE004,SKU02247,0.0,62,31,2025-10-15
STORE025,SKU02247,0.0,77,37,2025-10-15
STORE020,SKU02247,0.0,104,44,2025-10-15
STORE013,SKU02248,2.2,25,10,2025-11-20
STORE017,SKU02248,382.8,25,10,2025-11-20
STORE023,SKU02249,59.0,25,10,2025-11-20
STORE003,SKU02250,23.0,26,11,2025-11-20
STORE022,SKU02251,0.0,75,34,2025-10-15
STORE026,SKU02252,29.6,25,10,2025-11-20
STORE006,SKU02252,63.4,25,10,2025-11-20
STORE029,SKU02253,130.0,25,10,2025-11-20
STORE012,SKU02253,31.2,25,10,2025-11-20
STORE016,SKU02253,86.4,25,10,2025-11-20
STORE015,SKU02253,71.4,25,10,2025-11-20
STORE011,SKU02253,191.4,25,10,2025-11-20
STORE009,SKU02253,367.9,25,10,2025-11-20
STORE024,SKU02253,104.9,25,10,2025-11-20
STORE030,SKU02253,4.2,25,10,2025-11-20
STORE018,SKU02253,250.7,25,10,2025-11-20
STORE021,SKU02253,318.9,25,10,2025-11-20
STORE025,SKU02253,1128.4,25,10,2025-11-20
STORE028,SKU02253,305.1,25,10,2025-11-20
STORE005,SKU02253,218.3,25,10,2025-11-20
STORE013,SKU02253,291.9,25,10,2025-11-20
STORE022,SKU02253,901.0,25,10,2025-11-20
STORE014,SKU02253,603.9,25,10,2025-11-20
STORE010,SKU02253,133.6,25,10,2025-11-20
STORE001,SKU02253,92.8,25,10,2025-11-20
STORE006,SKU02253,104.4,25,10,2025-11-20
STORE003,SKU02253,240.5,25,10,2025-11-20
STORE027,SKU02253,466.9,25,10,2025-11-20
STORE002,SKU02253,239.7,25,10,2025-11-20
STORE008,SKU02253,24.1,25,10,2025-11-20
STORE004,SKU02253,440.6,25,10,2025-11-20
STORE023,SKU02253,561.8,25,10,2025-11-20
STORE019,SKU02253,117.1,25,10,2025-11-20
STORE020,SKU02253,373.8,25,10,2025-11-20
STORE024,SKU02254,104.0,25,10,2025-11-20
STORE004,SKU02255,0.0,65,32,2025-10-15
STORE018,SKU02256,0.0,88,47,2025-10-15
STORE023,SKU02257,141.7,25,10,2025-11-20
STORE015,SKU02257,120.2,25,10,2025-11-20
STORE004,SKU02257,48.0,25,10,2025-11-20
STORE021,SKU02258,42.4,25,10,2025-11-20
STORE016,SKU02258,77.6,25,10,2025-11-20
STORE006,SKU02259,148.0,27,12,2025-11-20
STORE003,SKU02260,0.0,107,34,2025-10-15
STORE007,SKU02261,35.5,25,10,2025-11-20
STORE015,SKU02261,132.5,25,10,2025-11-20
STORE026,SKU02262,85.6,25,10,2025-11-20
STORE023,SKU02262,169.4,25,10,2025-11-20
STORE024,SKU02263,56.0,25,10,2025-11-20
STORE007,SKU02264,109.9,25,10,2025-11-20
STORE030,SKU02264,44.1,25,10,2025-11-20
STORE019,SKU02265,34.0,25,10,2025-11-20
STORE021,SKU02265,61.9,25,10,2025-11-20
STORE006,SKU02265,47.0,25,10,2025-11-20
STORE027,SKU02266,0.0,80,49,2025-10-15
STORE011,SKU02267,82.4,25,10,2025-11-20
STORE006,SKU02267,578.3,25,10,2025-11-20
STORE029,SKU02267,123.5,25,10,2025-11-20
STORE005,SKU02267,257.5,25,10,2025-11-20
STORE019,SKU02267,207.3,25,10,2025-11-20
STORE026,SKU02267,1710.2,25,10,2025-11-20
STORE020,SKU02267,211.0,25,10,2025-11-20
STORE007,SKU02267,35.4,25,10,2025-11-20
STORE014,SKU02267,40.0,25,10,2025-11-20
STORE028,SKU02267,379.9,25,10,2025-11-20
STORE004,SKU02267,389.0,25,10,2025-11-20
STORE022,SKU02267,230.7,25,10,2025-11-20
STORE030,SKU02267,240.4,25,10,2025-11-20
STORE003,SKU02267,23.6,25,10,2025-11-20
STORE010,SKU02267,309.1,25,10,2025-11-20
STORE024,SKU02267,298.8,25,10,2025-11-20
STORE009,SKU02267,68.9,25,10,2025-11-20
STORE025,SKU02267,46.6,25,10,2025-11-20
STORE017,SKU02267,56.1,25,10,2025-11-20
STORE015,SKU02267,45.3,25,10,2025-11-20
STORE012,SKU02267,400.1,25,10,2025-11-20
STORE021,SKU02267,93.0,25,10,2025-11-20
STORE013,SKU02267,123.1,25,10,2025-11-20
STORE008,SKU02267,81.1,25,10,2025-11-20
STORE002,SKU02267,1346.4,25,10,2025-11-20
STORE027,SKU02267,820.0,25,10,2025-11-20
STORE023,SKU02267,111.4,25,10,2025-11-20
STORE018,SKU02267,168.8,25,10,2025-11-20
STORE016,SKU02267,100.2,25,10,2025-11-20
STORE009,SKU02268,11.1,25,10,2025-11-20
STORE014,SKU02268,0.3,25,10,2025-11-20
STORE004,SKU02268,18.3,25,10,2025-11-20
STORE016,SKU02268,12.2,25,10,2025-11-20
STORE024,SKU02268,37.6,25,10,2025-11-20
STORE021,SKU02268,2.9,25,10,2025-11-20
STORE015,SKU02268,26.8,25,10,2025-11-20
STORE027,SKU02268,25.8,25,10,2025-11-20
STORE008,SKU02268,2.2,25,10,2025-11-20
STORE006,SKU02268,8.4,25,10,2025-11-20
STORE013,SKU02268,3.1,25,10,2025-11-20
STORE010,SKU02268,4.8,25,10,2025-11-20
STORE022,SKU02268,5.0,25,10,2025-11-20
STORE001,SKU02268,13.3,25,10,2025-11-20
STORE011,SKU02268,8.7,25,10,2025-11-20
STORE005,SKU02268,48.5,25,10,2025-11-20
STORE029,SKU02268,2.2,25,10,2025-11-20
STORE026,SKU02268,59.8,25,10,2025-11-20
STORE019,SKU02269,51.1,25,10,2025-11-20
STORE026,SKU02269,289.0,25,10,2025-11-20
STORE025,SKU02269,80.7,25,10,2025-11-20
STORE016,SKU02269,30.1,25,10,2025-11-20
STORE020,SKU02270,136.9,25,10,2025-11-20
STORE023,SKU02270,25.9,25,10,2025-11-20
STORE024,SKU02270,75.5,25,10,2025-11-20
STORE004,SKU02270,58.7,25,10,2025-11-20
STORE006,SKU02271,48.0,25,10,2025-11-20
STORE029,SKU02271,51.6,25,10,2025-11-20
STORE015,SKU02271,99.2,25,10,2025-11-20
STORE020,SKU02271,6.9,25,10,2025-11-20
STORE019,SKU02271,83.0,25,10,2025-11-20
STORE028,SKU02271,170.2,25,10,2025-11-20
STORE001,SKU02272,71.0,44,22,2025-11-20
STORE006,SKU02273,24.0,25,10,2025-11-20
STORE019,SKU02273,199.4,25,10,2025-11-20
STORE015,SKU02273,90.9,25,10,2025-11-20
STORE003,SKU02273,81.7,25,10,2025-11-20
STORE006,SKU02274,109.0,25,10,2025-11-20
STORE002,SKU02275,121.0,25,10,2025-11-20
STORE011,SKU02276,20.0,25,10,2025-11-20
STORE008,SKU02277,157.4,25,10,2025-11-20
STORE022,SKU02277,350.7,25,10,2025-11-20
STORE020,SKU02277,72.6,25,10,2025-11-20
STORE015,SKU02277,159.4,25,10,2025-11-20
STORE025,SKU02277,1174.4,25,10,2025-11-20
STORE017,SKU02277,282.1,25,10,2025-11-20
STORE016,SKU02277,447.6,25,10,2025-11-20
STORE004,SKU02277,130.3,25,10,2025-11-20
STORE007,SKU02277,355.1,25,10,2025-11-20
STORE024,SKU02277,10.1,25,10,2025-11-20
STORE011,SKU02277,31.9,25,10,2025-11-20
STORE005,SKU02277,55.2,25,10,2025-11-20
STORE018,SKU02277,125.0,25,10,2025-11-20
STORE026,SKU02277,454.5,25,10,2025-11-20
STORE030,SKU02277,103.3,25,10,2025-11-20
STORE003,SKU02277,258.5,25,10,2025-11-20
STORE027,SKU02277,300.4,25,10,2025-11-20
STORE001,SKU02277,214.5,25,10,2025-11-20
STORE026,SKU02278,96.0,26,11,2025-11-20
STORE022,SKU02279,249.5,25,10,2025-11-20
STORE025,SKU02279,121.5,25,10,2025-11-20
STORE004,SKU02279,25.4,25,10,2025-11-20
STORE005,SKU02279,1430.5,25,10,2025-11-20
STORE026,SKU02279,39.4,25,10,2025-11-20
STORE012,SKU02279,21.8,25,10,2025-11-20
STORE013,SKU02279,611.2,25,10,2025-11-20
STORE002,SKU02279,104.2,25,10,2025-11-20
STORE018,SKU02279,304.6,25,10,2025-11-20
STORE007,SKU02279,115.7,25,10,2025-11-20
STORE006,SKU02279,144.0,25,10,2025-11-20
STORE023,SKU02279,88.1,25,10,2025-11-20
STORE019,SKU02279,121.8,25,10,2025-11-20
STORE009,SKU02279,153.3,25,10,2025-11-20
STORE016,SKU02279,369.5,25,10,2025-11-20
STORE010,SKU02279,207.7,25,10,2025-11-20
STORE024,SKU02279,833.4,25,10,2025-11-20
STORE011,SKU02279,12.4,25,10,2025-11-20
STORE008,SKU02279,202.7,25,10,2025-11-20
STORE017,SKU02279,254.4,25,10,2025-11-20
STORE014,SKU02279,733.0,25,10,2025-11-20
STORE015,SKU02279,14.6,25,10,2025-11-20
STORE029,SKU02279,247.0,25,10,2025-11-20
STORE003,SKU02279,557.1,25,10,2025-11-20
STORE020,SKU02279,80.3,25,10,2025-11-20
STORE030,SKU02279,605.9,25,10,2025-11-20
STORE023,SKU02280,130.0,25,10,2025-11-20
STORE024,SKU02281,0.0,118,43,2025-10-15
STORE029,SKU02282,40.3,25,10,2025-11-20
STORE012,SKU02282,82.7,25,10,2025-11-20
STORE022,SKU02283,138.6,25,10,2025-11-20
STORE017,SKU02283,74.9,25,10,2025-11-20
STORE012,SKU02283,5.9,25,10,2025-11-20
STORE006,SKU02283,327.3,25,10,2025-11-20
STORE008,SKU02283,82.3,25,10,2025-11-20
STORE021,SKU02284,6.8,25,10,2025-11-20
STORE018,SKU02284,269.1,25,10,2025-11-20
STORE013,SKU02284,151.1,25,10,2025-11-20
STORE030,SKU02285,0.0,99,21,2025-10-15
STORE026,SKU02286,39.0,29,14,2025-11-20
STORE027,SKU02287,38.2,25,10,2025-11-20
STORE025,SKU02287,10.6,25,10,2025-11-20
STORE002,SKU02287,135.2,25,10,2025-11-20
STORE007,SKU02287,154.0,25,10,2025-11-20
STORE001,SKU02288,44.6,25,10,2025-11-20
STORE009,SKU02288,107.5,25,10,2025-11-20
STORE010,SKU02288,124.9,25,10,2025-11-20
STORE008,SKU02289,42.9,25,10,2025-11-20
STORE030,SKU02289,0.6,25,10,2025-11-20
STORE013,SKU02289,53.3,25,10,2025-11-20
STORE021,SKU02289,24.3,25,10,2025-11-20
STORE003,SKU02290,55.4,25,10,2025-11-20
STORE027,SKU02290,69.6,25,10,2025-11-20
STORE019,SKU02291,0.0,127,47,2025-10-15
STORE019,SKU02292,22.4,25,10,2025-11-20
STORE011,SKU02292,129.6,25,10,2025-11-20
STORE004,SKU02293,32.2,25,10,2025-11-20
STORE015,SKU02293,248.8,25,10,2025-11-20
STORE003,SKU02294,0.0,71,31,2025-10-15
STORE007,SKU02295,0.6,25,10,2025-11-20
STORE028,SKU02295,379.2,25,10,2025-11-20
STORE024,SKU02295,17.5,25,10,2025-11-20
STORE019,SKU02295,14.6,25,10,2025-11-20
STORE029,SKU02296,108.7,25,10,2025-11-20
STORE030,SKU02296,125.5,25,10,2025-11-20
STORE028,SKU02296,64.7,25,10,2025-11-20
STORE003,SKU02297,56.9,26,11,2025-11-20
STORE001,SKU02297,37.8,26,11,2025-11-20
STORE025,SKU02297,2.2,26,11,2025-11-20
STORE005,SKU02298,37.4,28,13,2025-11-20
STORE021,SKU02298,161.5,28,13,2025-11-20
STORE019,SKU02298,113.7,28,13,2025-11-20
STORE006,SKU02298,125.4,28,13,2025-11-20
STORE025,SKU02299,98.5,25,10,2025-11-20
STORE030,SKU02299,30.6,25,10,2025-11-20
STORE024,SKU02299,8.6,25,10,2025-11-20
STORE019,SKU02299,26.2,25,10,2025-11-20
STORE024,SKU02300,45.8,31,15,2025-11-20
STORE012,SKU02300,101.2,31,15,2025-11-20
STORE022,SKU02301,152.8,25,10,2025-11-20
STORE001,SKU02301,2.2,25,10,2025-11-20
STORE003,SKU02302,33.8,25,10,2025-11-20
STORE010,SKU02302,87.0,25,10,2025-11-20
STORE007,SKU02302,193.4,25,10,2025-11-20
STORE016,SKU02302,17.5,25,10,2025-11-20
STORE009,SKU02302,642.4,25,10,2025-11-20
STORE021,SKU02302,101.6,25,10,2025-11-20
STORE024,SKU02302,545.3,25,10,2025-11-20
STORE017,SKU02302,339.3,25,10,2025-11-20
STORE028,SKU02302,315.1,25,10,2025-11-20
STORE002,SKU02302,208.8,25,10,2025-11-20
STORE020,SKU02302,220.5,25,10,2025-11-20
STORE022,SKU02302,227.4,25,10,2025-11-20
STORE001,SKU02302,221.7,25,10,2025-11-20
STORE014,SKU02302,180.5,25,10,2025-11-20
STORE027,SKU02302,961.9,25,10,2025-11-20
STORE025,SKU02302,294.9,25,10,2025-11-20
STORE004,SKU02302,335.7,25,10,2025-11-20
STORE011,SKU02302,460.8,25,10,2025-11-20
STORE029,SKU02302,54.3,25,10,2025-11-20
STORE008,SKU02302,19.6,25,10,2025-11-20
STORE015,SKU02302,147.6,25,10,2025-11-20
STORE020,SKU02303,38.3,29,14,2025-11-20
STORE004,SKU02303,93.7,29,14,2025-11-20
STORE005,SKU02304,163.0,25,10,2025-11-20
STORE013,SKU02304,235.0,25,10,2025-11-20
STORE002,SKU02305,112.6,25,10,2025-11-20
STORE021,SKU02305,5.9,25,10,2025-11-20
STORE005,SKU02305,143.6,25,10,2025-11-20
STORE024,SKU02306,0.0,61,24,2025-10-15
STORE007,SKU02307,167.7,25,10,2025-11-20
STORE006,SKU02307,16.3,25,10,2025-11-20
STORE004,SKU02307,86.0,25,10,2025-11-20
STORE028,SKU02308,362.7,26,11,2025-11-20
STORE022,SKU02308,72.3,26,11,2025-11-20
STORE030,SKU02309,2.2,25,10,2025-11-20
STORE023,SKU02309,64.8,25,10,2025-11-20
STORE015,SKU02310,1.0,25,10,2025-11-20
STORE014,SKU02311,49.5,25,10,2025-11-20
STORE015,SKU02311,36.0,25,10,2025-11-20
STORE025,SKU02311,211.3,25,10,2025-11-20
STORE022,SKU02311,180.3,25,10,2025-11-20
STORE005,SKU02311,197.9,25,10,2025-11-20
STORE002,SKU02312,11.3,25,10,2025-11-20
STORE004,SKU02312,274.5,25,10,2025-11-20
STORE020,SKU02312,60.4,25,10,2025-11-20
STORE025,SKU02312,46.1,25,10,2025-11-20
STORE024,SKU02312,76.1,25,10,2025-11-20
STORE022,SKU02312,60.6,25,10,2025-11-20
STORE003,SKU02313,123.0,25,10,2025-11-20
STORE004,SKU02313,163.6,25,10,2025-11-20
STORE013,SKU02313,22.3,25,10,2025-11-20
STORE013,SKU02314,32.0,101,50,2025-11-20
STORE004,SKU02315,105.6,25,10,2025-11-20
STORE005,SKU02315,185.4,25,10,2025-11-20
STORE030,SKU02316,96.0,26,11,2025-11-20
STORE006,SKU02317,78.4,27,12,2025-11-20
STORE002,SKU02317,29.2,27,12,2025-11-20
STORE004,SKU02317,158.4,27,12,2025-11-20
STORE020,SKU02318,0.7,25,10,2025-11-20
STORE024,SKU02318,108.3,25,10,2025-11-20
STORE002,SKU02319,127.3,25,10,2025-11-20
STORE015,SKU02319,119.7,25,10,2025-11-20
STORE005,SKU02320,165.0,42,21,2025-11-20
STORE024,SKU02321,205.0,30,15,2025-11-20
STORE011,SKU02322,0.0,118,41,2025-10-15
STORE030,SKU02323,89.7,25,10,2025-11-20
STORE017,SKU02323,183.3,25,10,2025-11-20
STORE025,SKU02324,8.3,25,10,2025-11-20
STORE015,SKU02324,19.7,25,10,2025-11-20
STORE030,SKU02325,213.0,31,15,2025-11-20
STORE008,SKU02326,0.8,25,10,2025-11-20
STORE007,SKU02326,53.7,25,10,2025-11-20
STORE030,SKU02326,71.5,25,10,2025-11-20
STORE020,SKU02327,67.1,25,10,2025-11-20
STORE024,SKU02327,99.9,25,10,2025-11-20
STORE024,SKU02328,25.0,25,10,2025-11-20
STORE007,SKU02328,2.0,25,10,2025-11-20
STORE002,SKU02329,17.6,25,10,2025-11-20
STORE010,SKU02329,128.9,25,10,2025-11-20
STORE019,SKU02329,45.7,25,10,2025-11-20
STORE007,SKU02329,11.8,25,10,2025-11-20
STORE014,SKU02330,73.1,25,10,2025-11-20
STORE013,SKU02330,105.2,25,10,2025-11-20
STORE011,SKU02330,51.9,25,10,2025-11-20
STORE007,SKU02330,165.9,25,10,2025-11-20
STORE018,SKU02331,0.0,92,20,2025-10-15
STORE006,SKU02332,57.4,25,10,2025-11-20
STORE015,SKU02332,22.5,25,10,2025-11-20
STORE021,SKU02332,78.1,25,10,2025-11-20
STORE029,SKU02333,26.8,25,10,2025-11-20
STORE022,SKU02333,26.0,25,10,2025-11-20
STORE026,SKU02333,20.7,25,10,2025-11-20
STORE010,SKU02333,0.3,25,10,2025-11-20
STORE025,SKU02333,30.6,25,10,2025-11-20
STORE017,SKU02333,12.1,25,10,2025-11-20
STORE004,SKU02333,73.2,25,10,2025-11-20
STORE005,SKU02333,43.7,25,10,2025-11-20
STORE027,SKU02333,22.7,25,10,2025-11-20
STORE006,SKU02333,7.4,25,10,2025-11-20
STORE024,SKU02333,5.8,25,10,2025-11-20
STORE003,SKU02333,10.7,25,10,2025-11-20
STORE010,SKU02334,110.9,25,10,2025-11-20
STORE001,SKU02334,60.1,25,10,2025-11-20
STORE026,SKU02334,123.9,25,10,2025-11-20
STORE018,SKU02335,0.0,96,41,2025-10-15
STORE021,SKU02336,5.4,25,10,2025-11-20
STORE017,SKU02336,114.1,25,10,2025-11-20
STORE005,SKU02336,3.4,25,10,2025-11-20
STORE030,SKU02337,91.4,25,10,2025-11-20
STORE011,SKU02337,83.3,25,10,2025-11-20
STORE028,SKU02337,25.3,25,10,2025-11-20
STORE001,SKU02338,0.0,110,38,2025-10-15
STORE011,SKU02339,71.0,25,10,2025-11-20
STORE005,SKU02340,0.0,114,42,2025-10-15
STORE030,SKU02340,0.0,106,38,2025-10-15
STORE020,SKU02340,0.0,69,31,2025-10-15
STORE010,SKU02340,0.0,118,44,2025-10-15
STORE013,SKU02340,0.0,99,38,2025-10-15
STORE029,SKU02340,0.0,77,46,2025-10-15
STORE001,SKU02340,0.0,80,44,2025-10-15
STORE019,SKU02340,0.0,86,27,2025-10-15
STORE007,SKU02340,0.0,62,23,2025-10-15
STORE012,SKU02340,0.0,70,28,2025-10-15
STORE021,SKU02340,0.0,85,33,2025-10-15
STORE026,SKU02340,0.0,87,37,2025-10-15
STORE003,SKU02340,0.0,90,37,2025-10-15
STORE024,SKU02340,0.0,81,32,2025-10-15
STORE022,SKU02340,0.0,82,44,2025-10-15
STORE007,SKU02341,106.0,25,10,2025-11-20
STORE028,SKU02341,184.0,25,10,2025-11-20
STORE001,SKU02342,73.6,31,15,2025-11-20
STORE009,SKU02342,63.4,31,15,2025-11-20
STORE003,SKU02343,86.4,25,10,2025-11-20
STORE029,SKU02343,69.0,25,10,2025-11-20
STORE024,SKU02343,86.7,25,10,2025-11-20
STORE025,SKU02344,30.2,25,10,2025-11-20
STORE005,SKU02344,40.8,25,10,2025-11-20
STORE001,SKU02345,193.5,25,10,2025-11-20
STORE005,SKU02345,118.5,25,10,2025-11-20
STORE016,SKU02346,203.0,25,10,2025-11-20
STORE030,SKU02347,15.0,25,10,2025-11-20
STORE002,SKU02348,3.0,27,12,2025-11-20
STORE014,SKU02349,257.1,25,10,2025-11-20
STORE004,SKU02349,6.1,25,10,2025-11-20
STORE012,SKU02349,165.0,25,10,2025-11-20
STORE020,SKU02349,48.8,25,10,2025-11-20
STORE006,SKU02350,229.7,25,10,2025-11-20
STORE016,SKU02350,74.3,25,10,2025-11-20
STORE008,SKU02351,94.1,25,10,2025-11-20
STORE018,SKU02351,188.2,25,10,2025-11-20
STORE016,SKU02351,124.2,25,10,2025-11-20
STORE009,SKU02351,214.4,25,10,2025-11-20
STORE002,SKU02351,31.4,25,10,2025-11-20
STORE006,SKU02351,1498.5,25,10,2025-11-20
STORE020,SKU02351,143.1,25,10,2025-11-20
STORE024,SKU02351,110.5,25,10,2025-11-20
STORE026,SKU02351,319.7,25,10,2025-11-20
STORE015,SKU02351,116.8,25,10,2025-11-20
STORE003,SKU02351,462.4,25,10,2025-11-20
STORE014,SKU02351,156.3,25,10,2025-11-20
STORE019,SKU02351,328.1,25,10,2025-11-20
STORE001,SKU02351,29.3,25,10,2025-11-20
STORE029,SKU02351,483.1,25,10,2025-11-20
STORE004,SKU02351,343.5,25,10,2025-11-20
STORE023,SKU02351,61.4,25,10,2025-11-20
STORE028,SKU02351,40.5,25,10,2025-11-20
STORE005,SKU02351,98.1,25,10,2025-11-20
STORE027,SKU02351,963.4,25,10,2025-11-20
STORE022,SKU02351,76.6,25,10,2025-11-20
STORE025,SKU02351,157.2,25,10,2025-11-20
STORE011,SKU02351,7.9,25,10,2025-11-20
STORE013,SKU02351,130.7,25,10,2025-11-20
STORE010,SKU02351,218.6,25,10,2025-11-20
STORE027,SKU02352,176.1,25,10,2025-11-20
STORE029,SKU02352,41.9,25,10,2025-11-20
STORE022,SKU02353,163.3,42,21,2025-11-20
STORE021,SKU02353,75.7,42,21,2025-11-20
STORE021,SKU02354,174.0,45,22,2025-11-20
STORE001,SKU02355,2.5,25,10,2025-11-20
STORE008,SKU02355,5.6,25,10,2025-11-20
STORE023,SKU02355,19.6,25,10,2025-11-20
STORE028,SKU02355,12.8,25,10,2025-11-20
STORE010,SKU02355,1.7,25,10,2025-11-20
STORE002,SKU02355,1.6,25,10,2025-11-20
STORE029,SKU02355,1.5,25,10,2025-11-20
STORE025,SKU02355,16.7,25,10,2025-11-20
STORE004,SKU02355,12.5,25,10,2025-11-20
STORE030,SKU02355,9.7,25,10,2025-11-20
STORE020,SKU02355,3.3,25,10,2025-11-20
STORE012,SKU02355,4.6,25,10,2025-11-20
STORE030,SKU02356,235.0,25,10,2025-11-20
STORE029,SKU02356,110.0,25,10,2025-11-20
STORE013,SKU02357,71.3,25,10,2025-11-20
STORE016,SKU02357,3.1,25,10,2025-11-20
STORE019,SKU02357,14.3,25,10,2025-11-20
STORE030,SKU02357,220.8,25,10,2025-11-20
STORE025,SKU02357,141.3,25,10,2025-11-20
STORE021,SKU02358,156.2,25,10,2025-11-20
STORE015,SKU02358,206.8,25,10,2025-11-20
STORE012,SKU02359,266.0,25,10,2025-11-20
STORE014,SKU02360,133.0,25,10,2025-11-20
STORE029,SKU02360,151.0,25,10,2025-11-20
STORE026,SKU02361,107.9,25,10,2025-11-20
STORE010,SKU02361,96.1,25,10,2025-11-20
STORE020,SKU02362,82.8,25,10,2025-11-20
STORE003,SKU02362,149.4,25,10,2025-11-20
STORE012,SKU02362,229.8,25,10,2025-11-20
STORE015,SKU02363,53.8,25,10,2025-11-20
STORE019,SKU02363,188.2,25,10,2025-11-20
STORE022,SKU02364,25.7,25,10,2025-11-20
STORE025,SKU02364,9.6,25,10,2025-11-20
STORE012,SKU02364,32.7,25,10,2025-11-20
STORE012,SKU02365,493.2,25,10,2025-11-20
STORE010,SKU02365,32.3,25,10,2025-11-20
STORE014,SKU02365,119.5,25,10,2025-11-20
STORE027,SKU02366,0.0,70,25,2025-10-15
STORE009,SKU02367,134.7,25,10,2025-11-20
STORE016,SKU02367,17.5,25,10,2025-11-20
STORE027,SKU02367,158.8,25,10,2025-11-20
STORE004,SKU02368,0.1,26,11,2025-11-20
STORE005,SKU02368,0.0,26,11,2025-11-20
STORE027,SKU02368,0.1,26,11,2025-11-20
STORE026,SKU02368,0.0,26,11,2025-11-20
STORE009,SKU02368,0.0,26,11,2025-11-20
STORE015,SKU02368,0.2,26,11,2025-11-20
STORE014,SKU02368,0.0,26,11,2025-11-20
STORE001,SKU02368,0.1,26,11,2025-11-20
STORE030,SKU02368,0.1,26,11,2025-11-20
STORE002,SKU02368,0.0,26,11,2025-11-20
STORE018,SKU02368,0.1,26,11,2025-11-20
STORE021,SKU02368,0.0,26,11,2025-11-20
STORE022,SKU02368,0.0,26,11,2025-11-20
STORE017,SKU02368,0.0,26,11,2025-11-20
STORE020,SKU02368,0.1,26,11,2025-11-20
STORE023,SKU02368,0.0,26,11,2025-11-20
STORE016,SKU02368,0.1,26,11,2025-11-20
STORE001,SKU02369,39.0,41,20,2025-11-20
STORE026,SKU02370,15.7,25,10,2025-11-20
STORE030,SKU02370,16.3,25,10,2025-11-20
STORE024,SKU02371,80.6,25,10,2025-11-20
STORE026,SKU02371,51.4,25,10,2025-11-20
STORE014,SKU02372,0.0,81,37,2025-10-15
STORE004,SKU02373,32.5,25,10,2025-11-20
STORE015,SKU02373,46.5,25,10,2025-11-20
STORE013,SKU02374,137.5,25,10,2025-11-20
STORE009,SKU02374,89.5,25,10,2025-11-20
STORE025,SKU02375,439.2,25,10,2025-11-20
STORE003,SKU02375,487.4,25,10,2025-11-20
STORE016,SKU02375,139.8,25,10,2025-11-20
STORE006,SKU02375,237.4,25,10,2025-11-20
STORE014,SKU02375,499.6,25,10,2025-11-20
STORE017,SKU02375,110.6,25,10,2025-11-20
STORE002,SKU02375,723.3,25,10,2025-11-20
STORE018,SKU02375,119.1,25,10,2025-11-20
STORE001,SKU02375,203.7,25,10,2025-11-20
STORE030,SKU02375,274.2,25,10,2025-11-20
STORE004,SKU02375,666.5,25,10,2025-11-20
STORE012,SKU02375,62.2,25,10,2025-11-20
STORE015,SKU02375,303.8,25,10,2025-11-20
STORE020,SKU02375,163.0,25,10,2025-11-20
STORE005,SKU02375,69.3,25,10,2025-11-20
STORE010,SKU02375,332.2,25,10,2025-11-20
STORE022,SKU02375,178.1,25,10,2025-11-20
STORE019,SKU02375,239.7,25,10,2025-11-20
STORE024,SKU02375,86.4,25,10,2025-11-20
STORE027,SKU02375,145.5,25,10,2025-11-20
STORE023,SKU02376,289.8,25,10,2025-11-20
STORE002,SKU02376,156.6,25,10,2025-11-20
STORE015,SKU02376,66.7,25,10,2025-11-20
STORE003,SKU02376,983.7,25,10,2025-11-20
STORE007,SKU02376,216.1,25,10,2025-11-20
STORE017,SKU02376,399.4,25,10,2025-11-20
STORE029,SKU02376,159.7,25,10,2025-11-20
STORE014,SKU02376,132.4,25,10,2025-11-20
STORE028,SKU02376,157.7,25,10,2025-11-20
STORE004,SKU02376,158.8,25,10,2025-11-20
STORE008,SKU02376,237.0,25,10,2025-11-20
STORE024,SKU02376,236.6,25,10,2025-11-20
STORE022,SKU02376,207.4,25,10,2025-11-20
STORE020,SKU02376,43.7,25,10,2025-11-20
STORE011,SKU02376,206.8,25,10,2025-11-20
STORE019,SKU02376,55.9,25,10,2025-11-20
STORE001,SKU02376,40.7,25,10,2025-11-20
STORE005,SKU02376,813.9,25,10,2025-11-20
STORE006,SKU02376,280.2,25,10,2025-11-20
STORE009,SKU02376,325.0,25,10,2025-11-20
STORE013,SKU02376,155.0,25,10,2025-11-20
STORE025,SKU02376,723.0,25,10,2025-11-20
STORE010,SKU02377,93.2,25,10,2025-11-20
STORE007,SKU02377,134.6,25,10,2025-11-20
STORE026,SKU02377,42.2,25,10,2025-11-20
STORE013,SKU02378,75.0,25,10,2025-11-20
STORE006,SKU02378,40.0,25,10,2025-11-20
STORE004,SKU02379,237.7,25,10,2025-11-20
STORE023,SKU02379,23.3,25,10,2025-11-20
STORE007,SKU02380,119.1,25,10,2025-11-20
STORE001,SKU02380,126.8,25,10,2025-11-20
STORE019,SKU02380,119.1,25,10,2025-11-20
STORE014,SKU02381,28.0,25,10,2025-11-20
STORE006,SKU02381,0.5,25,10,2025-11-20
STORE012,SKU02381,1.1,25,10,2025-11-20
STORE018,SKU02381,4.6,25,10,2025-11-20
STORE017,SKU02381,3.2,25,10,2025-11-20
STORE022,SKU02381,3.8,25,10,2025-11-20
STORE028,SKU02381,23.1,25,10,2025-11-20
STORE015,SKU02381,12.0,25,10,2025-11-20
STORE030,SKU02381,0.1,25,10,2025-11-20
STORE025,SKU02381,8.1,25,10,2025-11-20
STORE020,SKU02381,7.6,25,10,2025-11-20
STORE009,SKU02381,1.8,25,10,2025-11-20
STORE016,SKU02381,16.3,25,10,2025-11-20
STORE001,SKU02381,17.5,25,10,2025-11-20
STORE007,SKU02381,18.5,25,10,2025-11-20
STORE002,SKU02381,18.9,25,10,2025-11-20
STORE019,SKU02381,0.0,25,10,2025-11-20
STORE026,SKU02381,44.5,25,10,2025-11-20
STORE029,SKU02381,24.4,25,10,2025-11-20
STORE007,SKU02382,115.0,25,10,2025-11-20
STORE022,SKU02382,0.8,25,10,2025-11-20
STORE026,SKU02382,133.3,25,10,2025-11-20
STORE028,SKU02383,173.0,28,13,2025-11-20
STORE025,SKU02384,74.0,25,10,2025-11-20
STORE007,SKU02385,4.9,25,10,2025-11-20
STORE020,SKU02385,67.1,25,10,2025-11-20
STORE013,SKU02386,691.6,25,10,2025-11-20
STORE006,SKU02386,244.0,25,10,2025-11-20
STORE027,SKU02386,181.7,25,10,2025-11-20
STORE026,SKU02386,626.1,25,10,2025-11-20
STORE015,SKU02386,125.8,25,10,2025-11-20
STORE009,SKU02386,196.6,25,10,2025-11-20
STORE014,SKU02386,139.1,25,10,2025-11-20
STORE030,SKU02386,580.7,25,10,2025-11-20
STORE024,SKU02386,17.0,25,10,2025-11-20
STORE005,SKU02386,149.5,25,10,2025-11-20
STORE003,SKU02386,249.7,25,10,2025-11-20
STORE012,SKU02386,337.5,25,10,2025-11-20
STORE020,SKU02386,188.1,25,10,2025-11-20
STORE017,SKU02386,515.1,25,10,2025-11-20
STORE008,SKU02386,612.1,25,10,2025-11-20
STORE022,SKU02386,14.3,25,10,2025-11-20
STORE018,SKU02386,110.7,25,10,2025-11-20
STORE019,SKU02386,5.1,25,10,2025-11-20
STORE016,SKU02386,85.9,25,10,2025-11-20
STORE001,SKU02386,165.5,25,10,2025-11-20
STORE002,SKU02387,544.1,25,10,2025-11-20
STORE030,SKU02387,422.0,25,10,2025-11-20
STORE009,SKU02387,30.7,25,10,2025-11-20
STORE013,SKU02387,22.0,25,10,2025-11-20
STORE014,SKU02387,200.3,25,10,2025-11-20
STORE026,SKU02387,171.0,25,10,2025-11-20
STORE004,SKU02387,69.7,25,10,2025-11-20
STORE010,SKU02387,517.2,25,10,2025-11-20
STORE011,SKU02387,590.4,25,10,2025-11-20
STORE021,SKU02387,116.0,25,10,2025-11-20
STORE019,SKU02387,497.6,25,10,2025-11-20
STORE001,SKU02387,109.1,25,10,2025-11-20
STORE003,SKU02387,300.6,25,10,2025-11-20
STORE024,SKU02387,145.5,25,10,2025-11-20
STORE029,SKU02387,29.4,25,10,2025-11-20
STORE008,SKU02387,592.2,25,10,2025-11-20
STORE023,SKU02387,136.3,25,10,2025-11-20
STORE015,SKU02387,298.6,25,10,2025-11-20
STORE022,SKU02387,103.0,25,10,2025-11-20
STORE027,SKU02387,4.3,25,10,2025-11-20
STORE016,SKU02387,23.9,25,10,2025-11-20
STORE005,SKU02387,154.4,25,10,2025-11-20
STORE020,SKU02387,263.7,25,10,2025-11-20
STORE012,SKU02387,91.8,25,10,2025-11-20
STORE006,SKU02387,267.7,25,10,2025-11-20
STORE018,SKU02387,270.1,25,10,2025-11-20
STORE025,SKU02387,274.0,25,10,2025-11-20
STORE028,SKU02387,152.7,25,10,2025-11-20
STORE007,SKU02387,554.7,25,10,2025-11-20
STORE027,SKU02388,60.3,25,10,2025-11-20
STORE023,SKU02388,53.7,25,10,2025-11-20
STORE019,SKU02389,84.6,25,10,2025-11-20
STORE025,SKU02389,139.9,25,10,2025-11-20
STORE023,SKU02389,16.5,25,10,2025-11-20
STORE028,SKU02390,103.0,25,10,2025-11-20
STORE023,SKU02391,137.0,25,10,2025-11-20
STORE021,SKU02392,125.0,33,16,2025-11-20
STORE023,SKU02393,119.8,25,10,2025-11-20
STORE009,SKU02393,32.2,25,10,2025-11-20
STORE019,SKU02394,27.3,25,10,2025-11-20
STORE001,SKU02394,18.2,25,10,2025-11-20
STORE011,SKU02394,146.5,25,10,2025-11-20
STORE008,SKU02395,121.0,25,10,2025-11-20
STORE022,SKU02396,72.4,25,10,2025-11-20
STORE023,SKU02396,84.6,25,10,2025-11-20
STORE003,SKU02397,107.8,25,10,2025-11-20
STORE011,SKU02397,93.0,25,10,2025-11-20
STORE026,SKU02397,154.3,25,10,2025-11-20
STORE006,SKU02398,15.6,25,10,2025-11-20
STORE002,SKU02398,119.4,25,10,2025-11-20
STORE009,SKU02399,152.7,25,10,2025-11-20
STORE020,SKU02399,73.3,25,10,2025-11-20
STORE020,SKU02400,0.0,68,36,2025-10-15
STORE026,SKU02401,4.9,25,10,2025-11-20
STORE019,SKU02401,5.3,25,10,2025-11-20
STORE010,SKU02401,10.6,25,10,2025-11-20
STORE021,SKU02401,15.6,25,10,2025-11-20
STORE020,SKU02401,6.9,25,10,2025-11-20
STORE016,SKU02401,18.2,25,10,2025-11-20
STORE013,SKU02401,5.9,25,10,2025-11-20
STORE030,SKU02401,4.9,25,10,2025-11-20
STORE017,SKU02401,11.2,25,10,2025-11-20
STORE025,SKU02401,0.3,25,10,2025-11-20
STORE008,SKU02401,1.2,25,10,2025-11-20
STORE021,SKU02402,52.8,25,10,2025-11-20
STORE003,SKU02402,279.4,25,10,2025-11-20
STORE007,SKU02402,124.8,25,10,2025-11-20
STORE015,SKU02402,9.0,25,10,2025-11-20
STORE019,SKU02403,129.7,25,10,2025-11-20
STORE015,SKU02403,91.3,25,10,2025-11-20
STORE022,SKU02404,65.1,25,10,2025-11-20
STORE004,SKU02404,118.3,25,10,2025-11-20
STORE027,SKU02404,35.7,25,10,2025-11-20
STORE014,SKU02405,0.0,100,32,2025-10-15
STORE018,SKU02406,33.9,25,10,2025-11-20
STORE024,SKU02406,97.1,25,10,2025-11-20
STORE010,SKU02406,107.7,25,10,2025-11-20
STORE004,SKU02406,104.6,25,10,2025-11-20
STORE014,SKU02406,112.7,25,10,2025-11-20
STORE030,SKU02407,55.1,26,11,2025-11-20
STORE013,SKU02407,43.2,26,11,2025-11-20
STORE004,SKU02407,38.7,26,11,2025-11-20
STORE005,SKU02408,597.2,25,10,2025-11-20
STORE007,SKU02408,1061.2,25,10,2025-11-20
STORE016,SKU02408,38.3,25,10,2025-11-20
STORE010,SKU02408,113.8,25,10,2025-11-20
STORE002,SKU02408,252.5,25,10,2025-11-20
STORE028,SKU02408,692.5,25,10,2025-11-20
STORE025,SKU02408,259.9,25,10,2025-11-20
STORE019,SKU02408,509.3,25,10,2025-11-20
STORE009,SKU02408,55.3,25,10,2025-11-20
STORE008,SKU02408,107.5,25,10,2025-11-20
STORE021,SKU02408,486.2,25,10,2025-11-20
STORE006,SKU02408,66.5,25,10,2025-11-20
STORE011,SKU02408,159.9,25,10,2025-11-20
STORE014,SKU02408,113.7,25,10,2025-11-20
STORE023,SKU02408,159.1,25,10,2025-11-20
STORE004,SKU02408,455.2,25,10,2025-11-20
STORE024,SKU02409,26.0,80,40,2025-11-20
STORE023,SKU02410,191.3,25,10,2025-11-20
STORE017,SKU02410,24.9,25,10,2025-11-20
STORE022,SKU02410,385.9,25,10,2025-11-20
STORE019,SKU02410,109.0,25,10,2025-11-20
STORE020,SKU02411,0.0,96,29,2025-10-15
STORE019,SKU02412,70.7,37,18,2025-11-20
STORE030,SKU02412,87.3,37,18,2025-11-20
STORE004,SKU02413,33.3,25,10,2025-11-20
STORE020,SKU02413,306.0,25,10,2025-11-20
STORE015,SKU02413,135.7,25,10,2025-11-20
STORE026,SKU02414,31.0,46,23,2025-11-20
STORE001,SKU02415,0.0,97,22,2025-10-15
STORE027,SKU02416,8.4,25,10,2025-11-20
STORE030,SKU02416,119.6,25,10,2025-11-20
STORE009,SKU02416,59.0,25,10,2025-11-20
STORE006,SKU02417,169.0,71,35,2025-11-20
STORE029,SKU02418,13.1,25,10,2025-11-20
STORE014,SKU02418,52.9,25,10,2025-11-20
STORE028,SKU02419,29.0,25,10,2025-11-20
STORE022,SKU02420,74.9,25,10,2025-11-20
STORE005,SKU02420,30.1,25,10,2025-11-20
STORE001,SKU02421,242.7,25,10,2025-11-20
STORE007,SKU02421,94.1,25,10,2025-11-20
STORE015,SKU02421,45.7,25,10,2025-11-20
STORE002,SKU02421,192.9,25,10,2025-11-20
STORE017,SKU02421,718.4,25,10,2025-11-20
STORE028,SKU02421,71.6,25,10,2025-11-20
STORE018,SKU02421,119.0,25,10,2025-11-20
STORE006,SKU02421,215.9,25,10,2025-11-20
STORE004,SKU02421,150.2,25,10,2025-11-20
STORE003,SKU02421,357.1,25,10,2025-11-20
STORE014,SKU02421,276.2,25,10,2025-11-20
STORE027,SKU02421,11.6,25,10,2025-11-20
STORE023,SKU02421,1242.3,25,10,2025-11-20
STORE030,SKU02421,268.8,25,10,2025-11-20
STORE009,SKU02421,384.1,25,10,2025-11-20
STORE019,SKU02421,202.8,25,10,2025-11-20
STORE020,SKU02421,373.6,25,10,2025-11-20
STORE016,SKU02421,23.0,25,10,2025-11-20
STORE025,SKU02421,82.3,25,10,2025-11-20
STORE022,SKU02421,402.7,25,10,2025-11-20
STORE024,SKU02421,43.4,25,10,2025-11-20
STORE013,SKU02421,15.7,25,10,2025-11-20
STORE008,SKU02421,298.8,25,10,2025-11-20
STORE012,SKU02421,347.6,25,10,2025-11-20
STORE026,SKU02421,34.2,25,10,2025-11-20
STORE010,SKU02421,371.0,25,10,2025-11-20
STORE011,SKU02421,223.5,25,10,2025-11-20
STORE005,SKU02421,141.4,25,10,2025-11-20
STORE029,SKU02421,341.5,25,10,2025-11-20
STORE030,SKU02422,151.0,26,11,2025-11-20
STORE022,SKU02423,65.7,25,10,2025-11-20
STORE017,SKU02423,102.1,25,10,2025-11-20
STORE001,SKU02423,214.2,25,10,2025-11-20
STORE027,SKU02424,103.1,25,10,2025-11-20
STORE028,SKU02424,222.9,25,10,2025-11-20
STORE003,SKU02425,67.0,25,10,2025-11-20
STORE018,SKU02425,37.2,25,10,2025-11-20
STORE030,SKU02425,64.8,25,10,2025-11-20
STORE013,SKU02426,139.0,25,10,2025-11-20
STORE029,SKU02427,3.4,25,10,2025-11-20
STORE009,SKU02427,137.9,25,10,2025-11-20
STORE010,SKU02427,5.2,25,10,2025-11-20
STORE018,SKU02427,18.9,25,10,2025-11-20
STORE005,SKU02427,79.2,25,10,2025-11-20
STORE006,SKU02427,35.1,25,10,2025-11-20
STORE004,SKU02427,139.3,25,10,2025-11-20
STORE015,SKU02428,74.7,25,10,2025-11-20
STORE029,SKU02428,2.5,25,10,2025-11-20
STORE012,SKU02428,75.5,25,10,2025-11-20
STORE017,SKU02428,182.2,25,10,2025-11-20
STORE017,SKU02429,78.0,25,10,2025-11-20
STORE024,SKU02430,0.0,93,49,2025-10-15
STORE019,SKU02431,121.0,85,42,2025-11-20
STORE015,SKU02432,41.1,25,10,2025-11-20
STORE017,SKU02432,47.9,25,10,2025-11-20
STORE012,SKU02433,5.2,25,10,2025-11-20
STORE015,SKU02433,10.5,25,10,2025-11-20
STORE030,SKU02433,13.5,25,10,2025-11-20
STORE001,SKU02433,50.4,25,10,2025-11-20
STORE018,SKU02433,111.4,25,10,2025-11-20
STORE006,SKU02434,34.8,47,23,2025-11-20
STORE002,SKU02434,168.2,47,23,2025-11-20
STORE026,SKU02435,116.0,25,10,2025-11-20
STORE001,SKU02435,2.0,25,10,2025-11-20
STORE009,SKU02436,1.1,25,10,2025-11-20
STORE018,SKU02436,72.4,25,10,2025-11-20
STORE002,SKU02436,78.6,25,10,2025-11-20
STORE014,SKU02437,165.0,25,10,2025-11-20
STORE016,SKU02438,193.9,25,10,2025-11-20
STORE011,SKU02438,58.1,25,10,2025-11-20
STORE022,SKU02438,137.0,25,10,2025-11-20
STORE003,SKU02439,95.4,25,10,2025-11-20
STORE027,SKU02439,48.7,25,10,2025-11-20
STORE006,SKU02439,139.4,25,10,2025-11-20
STORE007,SKU02439,70.5,25,10,2025-11-20
STORE013,SKU02440,303.2,25,10,2025-11-20
STORE019,SKU02440,87.8,25,10,2025-11-20
STORE003,SKU02441,112.0,25,10,2025-11-20
STORE010,SKU02442,15.0,25,10,2025-11-20
STORE020,SKU02442,97.3,25,10,2025-11-20
STORE013,SKU02442,122.8,25,10,2025-11-20
STORE003,SKU02442,10.2,25,10,2025-11-20
STORE025,SKU02442,55.2,25,10,2025-11-20
STORE021,SKU02442,6.4,25,10,2025-11-20
STORE022,SKU02443,0.0,62,22,2025-10-15
STORE017,SKU02444,78.5,25,10,2025-11-20
STORE029,SKU02444,26.5,25,10,2025-11-20
STORE016,SKU02445,184.0,25,10,2025-11-20
STORE022,SKU02446,50.4,25,10,2025-11-20
STORE027,SKU02446,178.6,25,10,2025-11-20
STORE019,SKU02447,188.0,26,11,2025-11-20
STORE009,SKU02448,93.5,25,10,2025-11-20
STORE026,SKU02448,54.9,25,10,2025-11-20
STORE006,SKU02448,318.2,25,10,2025-11-20
STORE020,SKU02448,160.5,25,10,2025-11-20
STORE022,SKU02449,4.2,25,10,2025-11-20
STORE014,SKU02449,23.1,25,10,2025-11-20
STORE018,SKU02449,7.0,25,10,2025-11-20
STORE017,SKU02449,21.9,25,10,2025-11-20
STORE005,SKU02449,21.5,25,10,2025-11-20
STORE015,SKU02449,2.6,25,10,2025-11-20
STORE024,SKU02449,15.0,25,10,2025-11-20
STORE013,SKU02449,4.3,25,10,2025-11-20
STORE019,SKU02449,4.4,25,10,2025-11-20
STORE016,SKU02449,4.4,25,10,2025-11-20
STORE002,SKU02449,16.1,25,10,2025-11-20
STORE009,SKU02449,3.2,25,10,2025-11-20
STORE020,SKU02449,0.0,25,10,2025-11-20
STORE012,SKU02449,15.6,25,10,2025-11-20
STORE008,SKU02449,2.3,25,10,2025-11-20
STORE027,SKU02449,1.4,25,10,2025-11-20
STORE004,SKU02450,99.3,25,10,2025-11-20
STORE009,SKU02450,175.0,25,10,2025-11-20
STORE029,SKU02450,236.6,25,10,2025-11-20
STORE026,SKU02451,218.0,25,10,2025-11-20
STORE003,SKU02452,176.5,25,10,2025-11-20
STORE026,SKU02452,63.0,25,10,2025-11-20
STORE019,SKU02452,19.5,25,10,2025-11-20
STORE014,SKU02453,12.0,32,16,2025-11-20
STORE004,SKU02454,63.4,25,10,2025-11-20
STORE012,SKU02454,104.8,25,10,2025-11-20
STORE014,SKU02454,16.8,25,10,2025-11-20
STORE002,SKU02455,34.1,25,10,2025-11-20
STORE016,SKU02455,319.7,25,10,2025-11-20
STORE029,SKU02455,48.2,25,10,2025-11-20
STORE018,SKU02455,77.9,25,10,2025-11-20
STORE021,SKU02456,199.2,25,10,2025-11-20
STORE008,SKU02456,105.8,25,10,2025-11-20
STORE006,SKU02457,55.3,25,10,2025-11-20
STORE016,SKU02457,152.1,25,10,2025-11-20
STORE010,SKU02457,2.6,25,10,2025-11-20
STORE022,SKU02458,113.0,25,10,2025-11-20
STORE029,SKU02459,218.0,25,10,2025-11-20
STORE026,SKU02460,0.0,107,42,2025-10-15
STORE018,SKU02461,38.0,25,10,2025-11-20
STORE008,SKU02462,10.2,25,10,2025-11-20
STORE011,SKU02462,8.5,25,10,2025-11-20
STORE024,SKU02462,7.9,25,10,2025-11-20
STORE013,SKU02462,2.4,25,10,2025-11-20
STORE012,SKU02462,1.5,25,10,2025-11-20
STORE004,SKU02462,2.1,25,10,2025-11-20
STORE015,SKU02462,3.8,25,10,2025-11-20
STORE019,SKU02462,7.1,25,10,2025-11-20
STORE022,SKU02462,0.8,25,10,2025-11-20
STORE021,SKU02462,8.2,25,10,2025-11-20
STORE027,SKU02462,5.5,25,10,2025-11-20
STORE006,SKU02462,12.7,25,10,2025-11-20
STORE010,SKU02462,7.0,25,10,2025-11-20
STORE002,SKU02462,1.1,25,10,2025-11-20
STORE014,SKU02462,0.4,25,10,2025-11-20
STORE023,SKU02463,82.5,25,10,2025-11-20
STORE021,SKU02463,238.5,25,10,2025-11-20
STORE010,SKU02464,85.0,25,10,2025-11-20
STORE027,SKU02465,65.5,25,10,2025-11-20
STORE020,SKU02465,92.2,25,10,2025-11-20
STORE013,SKU02465,39.3,25,10,2025-11-20
STORE013,SKU02466,127.0,25,10,2025-11-20
STORE018,SKU02467,126.5,25,10,2025-11-20
STORE008,SKU02467,64.5,25,10,2025-11-20
STORE024,SKU02468,0.0,97,28,2025-10-15
STORE014,SKU02469,99.6,25,10,2025-11-20
STORE001,SKU02469,153.6,25,10,2025-11-20
STORE009,SKU02469,9.8,25,10,2025-11-20
STORE015,SKU02470,101.0,45,22,2025-11-20
STORE017,SKU02471,67.0,25,10,2025-11-20
STORE010,SKU02471,353.6,25,10,2025-11-20
STORE005,SKU02471,211.9,25,10,2025-11-20
STORE003,SKU02471,232.2,25,10,2025-11-20
STORE015,SKU02471,189.5,25,10,2025-11-20
STORE001,SKU02471,1060.7,25,10,2025-11-20
STORE028,SKU02471,82.1,25,10,2025-11-20
STORE018,SKU02471,246.9,25,10,2025-11-20
STORE011,SKU02471,452.2,25,10,2025-11-20
STORE004,SKU02471,276.3,25,10,2025-11-20
STORE013,SKU02471,898.2,25,10,2025-11-20
STORE024,SKU02471,161.2,25,10,2025-11-20
STORE006,SKU02471,211.5,25,10,2025-11-20
STORE012,SKU02471,31.5,25,10,2025-11-20
STORE008,SKU02471,318.8,25,10,2025-11-20
STORE014,SKU02471,115.4,25,10,2025-11-20
STORE022,SKU02471,59.3,25,10,2025-11-20
STORE007,SKU02471,267.0,25,10,2025-11-20
STORE019,SKU02471,258.0,25,10,2025-11-20
STORE009,SKU02471,26.8,25,10,2025-11-20
STORE026,SKU02471,406.8,25,10,2025-11-20
STORE027,SKU02471,331.9,25,10,2025-11-20
STORE025,SKU02471,71.1,25,10,2025-11-20
STORE030,SKU02471,215.2,25,10,2025-11-20
STORE020,SKU02471,432.6,25,10,2025-11-20
STORE002,SKU02471,256.0,25,10,2025-11-20
STORE029,SKU02471,170.9,25,10,2025-11-20
STORE018,SKU02472,90.2,25,10,2025-11-20
STORE013,SKU02472,218.4,25,10,2025-11-20
STORE030,SKU02472,648.5,25,10,2025-11-20
STORE023,SKU02472,258.1,25,10,2025-11-20
STORE017,SKU02472,18.0,25,10,2025-11-20
STORE008,SKU02472,143.1,25,10,2025-11-20
STORE020,SKU02472,513.2,25,10,2025-11-20
STORE002,SKU02472,23.0,25,10,2025-11-20
STORE014,SKU02472,1042.4,25,10,2025-11-20
STORE005,SKU02472,689.9,25,10,2025-11-20
STORE009,SKU02472,18.9,25,10,2025-11-20
STORE029,SKU02472,627.8,25,10,2025-11-20
STORE016,SKU02472,104.5,25,10,2025-11-20
STORE021,SKU02472,431.5,25,10,2025-11-20
STORE015,SKU02472,125.6,25,10,2025-11-20
STORE010,SKU02472,134.7,25,10,2025-11-20
STORE028,SKU02472,233.0,25,10,2025-11-20
STORE027,SKU02472,345.1,25,10,2025-11-20
STORE007,SKU02472,8.0,25,10,2025-11-20
STORE001,SKU02472,208.4,25,10,2025-11-20
STORE022,SKU02472,47.9,25,10,2025-11-20
STORE027,SKU02473,55.2,25,10,2025-11-20
STORE003,SKU02473,55.6,25,10,2025-11-20
STORE010,SKU02473,82.3,25,10,2025-11-20
STORE007,SKU02473,52.9,25,10,2025-11-20
STORE027,SKU02474,0.0,90,23,2025-10-15
STORE029,SKU02475,87.1,25,10,2025-11-20
STORE025,SKU02475,120.8,25,10,2025-11-20
STORE024,SKU02475,26.1,25,10,2025-11-20
STORE008,SKU02476,33.6,25,10,2025-11-20
STORE012,SKU02476,163.4,25,10,2025-11-20
STORE022,SKU02477,33.0,26,11,2025-11-20
STORE025,SKU02478,100.5,29,14,2025-11-20
STORE020,SKU02478,45.5,29,14,2025-11-20
STORE021,SKU02479,29.0,51,25,2025-11-20
STORE027,SKU02480,0.0,68,25,2025-10-15
STORE023,SKU02481,84.5,25,10,2025-11-20
STORE014,SKU02481,143.0,25,10,2025-11-20
STORE004,SKU02481,9.2,25,10,2025-11-20
STORE008,SKU02481,57.3,25,10,2025-11-20
STORE007,SKU02482,0.1,25,10,2025-11-20
STORE016,SKU02482,0.1,25,10,2025-11-20
STORE024,SKU02482,0.1,25,10,2025-11-20
STORE014,SKU02482,0.0,25,10,2025-11-20
STORE001,SKU02482,0.1,25,10,2025-11-20
STORE011,SKU02482,0.1,25,10,2025-11-20
STORE006,SKU02482,0.0,25,10,2025-11-20
STORE008,SKU02482,0.0,25,10,2025-11-20
STORE002,SKU02482,0.1,25,10,2025-11-20
STORE009,SKU02482,0.2,25,10,2025-11-20
STORE025,SKU02482,0.1,25,10,2025-11-20
STORE018,SKU02482,0.1,25,10,2025-11-20
STORE017,SKU02482,0.0,25,10,2025-11-20
STORE004,SKU02482,0.0,25,10,2025-11-20
STORE013,SKU02482,0.0,25,10,2025-11-20
STORE028,SKU02482,0.0,25,10,2025-11-20
STORE025,SKU02483,54.8,25,10,2025-11-20
STORE027,SKU02483,47.1,25,10,2025-11-20
STORE023,SKU02483,145.0,25,10,2025-11-20
STORE001,SKU02484,18.1,25,10,2025-11-20
STORE006,SKU02484,0.7,25,10,2025-11-20
STORE012,SKU02484,3.3,25,10,2025-11-20
STORE009,SKU02484,4.3,25,10,2025-11-20
STORE025,SKU02484,10.6,25,10,2025-11-20
STORE010,SKU02484,2.1,25,10,2025-11-20
STORE016,SKU02484,1.9,25,10,2025-11-20
STORE005,SKU02484,38.4,25,10,2025-11-20
STORE027,SKU02484,21.8,25,10,2025-11-20
STORE004,SKU02484,2.7,25,10,2025-11-20
STORE020,SKU02484,7.0,25,10,2025-11-20
STORE021,SKU02484,5.9,25,10,2025-11-20
STORE014,SKU02484,20.9,25,10,2025-11-20
STORE011,SKU02484,9.5,25,10,2025-11-20
STORE002,SKU02484,1.8,25,10,2025-11-20
STORE018,SKU02484,17.9,25,10,2025-11-20
STORE007,SKU02485,35.1,25,10,2025-11-20
STORE023,SKU02485,21.2,25,10,2025-11-20
STORE010,SKU02485,32.7,25,10,2025-11-20
STORE009,SKU02486,7.5,25,10,2025-11-20
STORE001,SKU02486,4.5,25,10,2025-11-20
STORE026,SKU02486,3.0,25,10,2025-11-20
STORE019,SKU02487,45.8,25,10,2025-11-20
STORE014,SKU02487,1.7,25,10,2025-11-20
STORE013,SKU02487,133.4,25,10,2025-11-20
STORE028,SKU02488,14.8,25,10,2025-11-20
STORE003,SKU02488,3.5,25,10,2025-11-20
STORE016,SKU02488,83.4,25,10,2025-11-20
STORE025,SKU02488,117.0,25,10,2025-11-20
STORE024,SKU02488,132.3,25,10,2025-11-20
STORE016,SKU02489,0.0,125,48,2025-10-15
STORE003,SKU02490,0.0,107,44,2025-10-15
STORE005,SKU02491,21.0,25,10,2025-11-20
STORE023,SKU02492,23.8,25,10,2025-11-20
STORE009,SKU02492,138.2,25,10,2025-11-20
STORE020,SKU02493,84.1,25,10,2025-11-20
STORE018,SKU02493,19.8,25,10,2025-11-20
STORE019,SKU02493,163.4,25,10,2025-11-20
STORE025,SKU02493,7.7,25,10,2025-11-20
STORE029,SKU02493,283.5,25,10,2025-11-20
STORE021,SKU02493,137.5,25,10,2025-11-20
STORE002,SKU02494,94.0,25,10,2025-11-20
STORE018,SKU02494,225.5,25,10,2025-11-20
STORE030,SKU02494,103.4,25,10,2025-11-20
STORE024,SKU02494,17.1,25,10,2025-11-20
STORE001,SKU02495,0.0,102,47,2025-10-15
STORE015,SKU02496,173.9,25,10,2025-11-20
STORE027,SKU02496,22.1,25,10,2025-11-20
STORE018,SKU02497,37.2,25,10,2025-11-20
STORE005,SKU02497,101.8,25,10,2025-11-20
STORE004,SKU02498,138.0,25,10,2025-11-20
STORE009,SKU02499,0.0,80,22,2025-10-15
STORE009,SKU02500,174.8,25,10,2025-11-20
STORE014,SKU02500,394.4,25,10,2025-11-20
STORE017,SKU02500,896.9,25,10,2025-11-20
STORE004,SKU02500,21.3,25,10,2025-11-20
STORE026,SKU02500,212.3,25,10,2025-11-20
STORE008,SKU02500,75.1,25,10,2025-11-20
STORE011,SKU02500,518.2,25,10,2025-11-20
STORE020,SKU02500,48.7,25,10,2025-11-20
STORE006,SKU02500,476.5,25,10,2025-11-20
STORE013,SKU02500,147.0,25,10,2025-11-20
STORE021,SKU02500,96.7,25,10,2025-11-20
STORE030,SKU02500,1200.8,25,10,2025-11-20
STORE018,SKU02500,8.2,25,10,2025-11-20
STORE029,SKU02500,251.1,25,10,2025-11-20
STORE025,SKU02500,9.5,25,10,2025-11-20
STORE012,SKU02500,288.1,25,10,2025-11-20
STORE010,SKU02500,303.1,25,10,2025-11-20
STORE007,SKU02500,169.2,25,10,2025-11-20
STORE015,SKU02500,61.8,25,10,2025-11-20
STORE028,SKU02500,205.9,25,10,2025-11-20
STORE019,SKU02500,486.3,25,10,2025-11-20
STORE016,SKU02500,664.9,25,10,2025-11-20
STORE005,SKU02500,329.9,25,10,2025-11-20
STORE024,SKU02500,388.5,25,10,2025-11-20
STORE027,SKU02500,97.6,25,10,2025-11-20
STORE023,SKU02500,147.7,25,10,2025-11-20
STORE003,SKU02500,77.0,25,10,2025-11-20
STORE022,SKU02500,125.0,25,10,2025-11-20
STORE001,SKU02500,111.1,25,10,2025-11-20
STORE002,SKU02500,319.5,25,10,2025-11-20
STORE011,SKU02501,243.3,25,10,2025-11-20
STORE019,SKU02501,852.9,25,10,2025-11-20
STORE009,SKU02501,64.0,25,10,2025-11-20
STORE030,SKU02501,301.9,25,10,2025-11-20
STORE026,SKU02501,500.0,25,10,2025-11-20
STORE022,SKU02501,241.7,25,10,2025-11-20
STORE002,SKU02501,86.6,25,10,2025-11-20
STORE004,SKU02501,89.6,25,10,2025-11-20
STORE023,SKU02501,11.8,25,10,2025-11-20
STORE020,SKU02501,107.2,25,10,2025-11-20
STORE005,SKU02501,401.5,25,10,2025-11-20
STORE006,SKU02501,14.3,25,10,2025-11-20
STORE024,SKU02501,72.8,25,10,2025-11-20
STORE016,SKU02501,360.3,25,10,2025-11-20
STORE012,SKU02501,449.0,25,10,2025-11-20
STORE025,SKU02501,178.7,25,10,2025-11-20
STORE017,SKU02501,352.3,25,10,2025-11-20
STORE007,SKU02501,144.4,25,10,2025-11-20
STORE014,SKU02501,51.3,25,10,2025-11-20
STORE001,SKU02501,149.4,25,10,2025-11-20
STORE029,SKU02501,255.2,25,10,2025-11-20
STORE018,SKU02501,870.0,25,10,2025-11-20
STORE028,SKU02501,21.0,25,10,2025-11-20
STORE016,SKU02502,155.2,25,10,2025-11-20
STORE003,SKU02502,87.5,25,10,2025-11-20
STORE014,SKU02502,155.7,25,10,2025-11-20
STORE022,SKU02502,5.3,25,10,2025-11-20
STORE024,SKU02502,82.3,25,10,2025-11-20
STORE002,SKU02503,0.0,84,38,2025-10-15
STORE008,SKU02503,0.0,83,30,2025-10-15
STORE027,SKU02503,0.0,72,39,2025-10-15
STORE020,SKU02503,0.0,93,32,2025-10-15
STORE018,SKU02503,0.0,53,20,2025-10-15
STORE025,SKU02503,0.0,88,20,2025-10-15
STORE026,SKU02503,0.0,111,40,2025-10-15
STORE013,SKU02503,0.0,87,38,2025-10-15
STORE007,SKU02503,0.0,83,45,2025-10-15
STORE014,SKU02503,0.0,92,29,2025-10-15
STORE011,SKU02503,0.0,84,38,2025-10-15
STORE029,SKU02503,0.0,58,25,2025-10-15
STORE021,SKU02503,0.0,83,29,2025-10-15
STORE005,SKU02503,0.0,105,32,2025-10-15
STORE004,SKU02503,0.0,94,47,2025-10-15
STORE009,SKU02503,0.0,122,45,2025-10-15
STORE028,SKU02504,146.2,25,10,2025-11-20
STORE018,SKU02504,68.8,25,10,2025-11-20
STORE020,SKU02505,0.0,90,33,2025-10-15
STORE016,SKU02506,15.4,25,10,2025-11-20
STORE014,SKU02506,8.6,25,10,2025-11-20
STORE002,SKU02507,64.0,25,10,2025-11-20
STORE011,SKU02508,47.7,25,10,2025-11-20
STORE026,SKU02508,178.1,25,10,2025-11-20
STORE014,SKU02508,337.2,25,10,2025-11-20
STORE009,SKU02508,57.0,25,10,2025-11-20
STORE006,SKU02509,39.4,25,10,2025-11-20
STORE001,SKU02509,147.6,25,10,2025-11-20
STORE027,SKU02510,119.8,25,10,2025-11-20
STORE026,SKU02510,172.7,25,10,2025-11-20
STORE030,SKU02510,56.5,25,10,2025-11-20
STORE010,SKU02511,231.7,25,10,2025-11-20
STORE011,SKU02511,129.3,25,10,2025-11-20
STORE014,SKU02512,130.4,25,10,2025-11-20
STORE028,SKU02512,119.5,25,10,2025-11-20
STORE012,SKU02512,19.1,25,10,2025-11-20
STORE016,SKU02512,99.0,25,10,2025-11-20
STORE025,SKU02513,317.4,25,10,2025-11-20
STORE015,SKU02513,83.8,25,10,2025-11-20
STORE011,SKU02513,37.4,25,10,2025-11-20
STORE018,SKU02513,0.5,25,10,2025-11-20
STORE029,SKU02514,223.3,25,10,2025-11-20
STORE001,SKU02514,161.8,25,10,2025-11-20
STORE019,SKU02514,301.5,25,10,2025-11-20
STORE015,SKU02514,77.6,25,10,2025-11-20
STORE026,SKU02514,731.3,25,10,2025-11-20
STORE010,SKU02514,111.0,25,10,2025-11-20
STORE011,SKU02514,95.6,25,10,2025-11-20
STORE008,SKU02514,244.0,25,10,2025-11-20
STORE007,SKU02514,257.3,25,10,2025-11-20
STORE017,SKU02514,90.2,25,10,2025-11-20
STORE020,SKU02514,118.2,25,10,2025-11-20
STORE030,SKU02514,69.3,25,10,2025-11-20
STORE014,SKU02514,472.0,25,10,2025-11-20
STORE005,SKU02514,547.5,25,10,2025-11-20
STORE023,SKU02514,231.1,25,10,2025-11-20
STORE018,SKU02514,466.3,25,10,2025-11-20
STORE013,SKU02514,495.9,25,10,2025-11-20
STORE006,SKU02514,55.4,25,10,2025-11-20
STORE021,SKU02514,1261.2,25,10,2025-11-20
STORE022,SKU02514,640.7,25,10,2025-11-20
STORE024,SKU02514,85.2,25,10,2025-11-20
STORE003,SKU02514,76.7,25,10,2025-11-20
STORE009,SKU02514,50.0,25,10,2025-11-20
STORE025,SKU02515,11.2,25,10,2025-11-20
STORE014,SKU02515,103.3,25,10,2025-11-20
STORE011,SKU02515,47.5,25,10,2025-11-20
STORE023,SKU02516,108.2,25,10,2025-11-20
STORE010,SKU02516,97.1,25,10,2025-11-20
STORE002,SKU02516,65.7,25,10,2025-11-20
STORE004,SKU02517,265.0,25,10,2025-11-20
STORE013,SKU02518,11.0,26,11,2025-11-20
STORE021,SKU02519,98.8,25,10,2025-11-20
STORE011,SKU02519,268.6,25,10,2025-11-20
STORE020,SKU02519,2.5,25,10,2025-11-20
STORE028,SKU02519,8.9,25,10,2025-11-20
STORE012,SKU02519,505.1,25,10,2025-11-20
STORE008,SKU02519,304.7,25,10,2025-11-20
STORE002,SKU02519,81.6,25,10,2025-11-20
STORE001,SKU02519,308.0,25,10,2025-11-20
STORE022,SKU02519,415.9,25,10,2025-11-20
STORE014,SKU02519,96.9,25,10,2025-11-20
STORE006,SKU02519,9.7,25,10,2025-11-20
STORE027,SKU02519,714.1,25,10,2025-11-20
STORE004,SKU02519,112.0,25,10,2025-11-20
STORE019,SKU02519,29.8,25,10,2025-11-20
STORE005,SKU02519,179.1,25,10,2025-11-20
STORE016,SKU02519,387.0,25,10,2025-11-20
STORE003,SKU02519,66.3,25,10,2025-11-20
STORE013,SKU02519,83.1,25,10,2025-11-20
STORE025,SKU02519,73.5,25,10,2025-11-20
STORE007,SKU02519,1266.5,25,10,2025-11-20
STORE026,SKU02519,58.2,25,10,2025-11-20
STORE010,SKU02519,226.6,25,10,2025-11-20
STORE015,SKU02519,686.1,25,10,2025-11-20
STORE018,SKU02519,42.0,25,10,2025-11-20
STORE024,SKU02519,935.1,25,10,2025-11-20
STORE025,SKU02520,568.9,25,10,2025-11-20
STORE011,SKU02520,416.9,25,10,2025-11-20
STORE020,SKU02520,46.6,25,10,2025-11-20
STORE003,SKU02520,194.1,25,10,2025-11-20
STORE013,SKU02520,276.3,25,10,2025-11-20
STORE001,SKU02520,824.5,25,10,2025-11-20
STORE004,SKU02520,38.4,25,10,2025-11-20
STORE027,SKU02520,280.4,25,10,2025-11-20
STORE006,SKU02520,79.9,25,10,2025-11-20
STORE009,SKU02520,37.3,25,10,2025-11-20
STORE024,SKU02520,105.6,25,10,2025-11-20
STORE023,SKU02520,304.9,25,10,2025-11-20
STORE012,SKU02520,120.7,25,10,2025-11-20
STORE017,SKU02520,148.9,25,10,2025-11-20
STORE021,SKU02520,1029.2,25,10,2025-11-20
STORE016,SKU02520,98.3,25,10,2025-11-20
STORE026,SKU02520,184.5,25,10,2025-11-20
STORE015,SKU02520,87.8,25,10,2025-11-20
STORE029,SKU02520,96.3,25,10,2025-11-20
STORE007,SKU02520,229.7,25,10,2025-11-20
STORE030,SKU02520,536.5,25,10,2025-11-20
STORE010,SKU02520,150.9,25,10,2025-11-20
STORE014,SKU02520,282.4,25,10,2025-11-20
STORE008,SKU02520,18.0,25,10,2025-11-20
STORE016,SKU02521,84.0,32,16,2025-11-20
STORE019,SKU02522,243.3,25,10,2025-11-20
STORE017,SKU02522,7.1,25,10,2025-11-20
STORE013,SKU02522,101.7,25,10,2025-11-20
STORE016,SKU02523,190.7,25,10,2025-11-20
STORE023,SKU02523,3.9,25,10,2025-11-20
STORE018,SKU02523,80.4,25,10,2025-11-20
STORE005,SKU02523,188.9,25,10,2025-11-20
STORE007,SKU02524,116.0,25,10,2025-11-20
STORE028,SKU02525,41.0,25,10,2025-11-20
STORE003,SKU02526,7.9,25,10,2025-11-20
STORE006,SKU02526,4.1,25,10,2025-11-20
STORE019,SKU02526,20.3,25,10,2025-11-20
STORE020,SKU02526,11.7,25,10,2025-11-20
STORE012,SKU02526,1.7,25,10,2025-11-20
STORE015,SKU02526,1.1,25,10,2025-11-20
STORE001,SKU02526,8.6,25,10,2025-11-20
STORE009,SKU02526,6.3,25,10,2025-11-20
STORE025,SKU02526,11.9,25,10,2025-11-20
STORE005,SKU02526,10.3,25,10,2025-11-20
STORE014,SKU02526,7.5,25,10,2025-11-20
STORE023,SKU02526,32.8,25,10,2025-11-20
STORE029,SKU02526,5.8,25,10,2025-11-20
STORE021,SKU02527,8.7,25,10,2025-11-20
STORE026,SKU02527,127.3,25,10,2025-11-20
STORE014,SKU02528,10.8,25,10,2025-11-20
STORE003,SKU02528,56.2,25,10,2025-11-20
STORE005,SKU02529,148.8,25,10,2025-11-20
STORE024,SKU02529,56.4,25,10,2025-11-20
STORE004,SKU02529,42.8,25,10,2025-11-20
STORE030,SKU02530,118.8,25,10,2025-11-20
STORE006,SKU02530,87.2,25,10,2025-11-20
STORE002,SKU02531,1.6,25,10,2025-11-20
STORE007,SKU02531,3.6,25,10,2025-11-20
STORE017,SKU02531,5.0,25,10,2025-11-20
STORE009,SKU02531,4.1,25,10,2025-11-20
STORE008,SKU02531,0.8,25,10,2025-11-20
STORE024,SKU02531,2.4,25,10,2025-11-20
STORE016,SKU02531,5.6,25,10,2025-11-20
STORE011,SKU02531,2.3,25,10,2025-11-20
STORE026,SKU02531,2.8,25,10,2025-11-20
STORE014,SKU02531,5.3,25,10,2025-11-20
STORE012,SKU02531,3.9,25,10,2025-11-20
STORE019,SKU02531,1.9,25,10,2025-11-20
STORE013,SKU02531,8.1,25,10,2025-11-20
STORE030,SKU02531,0.6,25,10,2025-11-20
STORE015,SKU02531,19.4,25,10,2025-11-20
STORE027,SKU02531,0.5,25,10,2025-11-20
STORE006,SKU02531,0.1,25,10,2025-11-20
STORE023,SKU02531,7.9,25,10,2025-11-20
STORE003,SKU02531,1.0,25,10,2025-11-20
STORE012,SKU02532,11.9,25,10,2025-11-20
STORE009,SKU02532,15.1,25,10,2025-11-20
STORE017,SKU02532,17.8,25,10,2025-11-20
STORE006,SKU02532,43.3,25,10,2025-11-20
STORE010,SKU02532,3.2,25,10,2025-11-20
STORE005,SKU02532,11.2,25,10,2025-11-20
STORE004,SKU02532,1.1,25,10,2025-11-20
STORE022,SKU02532,4.7,25,10,2025-11-20
STORE018,SKU02532,17.1,25,10,2025-11-20
STORE008,SKU02532,4.2,25,10,2025-11-20
STORE028,SKU02532,8.1,25,10,2025-11-20
STORE011,SKU02532,6.4,25,10,2025-11-20
STORE029,SKU02533,256.6,25,10,2025-11-20
STORE009,SKU02533,891.6,25,10,2025-11-20
STORE012,SKU02533,14.2,25,10,2025-11-20
STORE026,SKU02533,210.9,25,10,2025-11-20
STORE025,SKU02533,491.3,25,10,2025-11-20
STORE030,SKU02533,162.3,25,10,2025-11-20
STORE002,SKU02533,20.2,25,10,2025-11-20
STORE024,SKU02533,203.2,25,10,2025-11-20
STORE022,SKU02533,99.7,25,10,2025-11-20
STORE014,SKU02533,41.6,25,10,2025-11-20
STORE027,SKU02533,467.2,25,10,2025-11-20
STORE010,SKU02533,182.2,25,10,2025-11-20
STORE028,SKU02533,669.0,25,10,2025-11-20
STORE019,SKU02533,405.3,25,10,2025-11-20
STORE015,SKU02533,291.8,25,10,2025-11-20
STORE006,SKU02533,1.2,25,10,2025-11-20
STORE018,SKU02533,138.0,25,10,2025-11-20
STORE003,SKU02533,54.4,25,10,2025-11-20
STORE004,SKU02533,597.3,25,10,2025-11-20
STORE023,SKU02533,47.4,25,10,2025-11-20
STORE011,SKU02533,83.3,25,10,2025-11-20
STORE013,SKU02533,179.8,25,10,2025-11-20
STORE021,SKU02533,75.5,25,10,2025-11-20
STORE017,SKU02533,58.2,25,10,2025-11-20
STORE016,SKU02533,225.9,25,10,2025-11-20
STORE015,SKU02534,61.0,25,10,2025-11-20
STORE010,SKU02535,8.3,25,10,2025-11-20
STORE025,SKU02535,64.4,25,10,2025-11-20
STORE018,SKU02535,176.3,25,10,2025-11-20
STORE020,SKU02536,88.0,81,40,2025-11-20
STORE025,SKU02537,42.5,28,13,2025-11-20
STORE024,SKU02537,64.4,28,13,2025-11-20
STORE016,SKU02537,35.1,28,13,2025-11-20
STORE022,SKU02538,30.3,25,10,2025-11-20
STORE020,SKU02538,0.6,25,10,2025-11-20
STORE024,SKU02538,12.3,25,10,2025-11-20
STORE027,SKU02538,24.4,25,10,2025-11-20
STORE003,SKU02538,17.9,25,10,2025-11-20
STORE015,SKU02538,2.2,25,10,2025-11-20
STORE025,SKU02538,3.9,25,10,2025-11-20
STORE013,SKU02538,13.9,25,10,2025-11-20
STORE007,SKU02538,1.0,25,10,2025-11-20
STORE008,SKU02538,18.4,25,10,2025-11-20
STORE010,SKU02538,14.0,25,10,2025-11-20
STORE006,SKU02538,14.4,25,10,2025-11-20
STORE016,SKU02538,1.2,25,10,2025-11-20
STORE019,SKU02538,13.9,25,10,2025-11-20
STORE001,SKU02538,12.5,25,10,2025-11-20
STORE004,SKU02538,19.6,25,10,2025-11-20
STORE014,SKU02538,0.5,25,10,2025-11-20
STORE027,SKU02539,12.5,25,10,2025-11-20
STORE018,SKU02539,250.5,25,10,2025-11-20
STORE018,SKU02540,20.0,27,12,2025-11-20
STORE013,SKU02541,273.8,25,10,2025-11-20
STORE022,SKU02541,835.1,25,10,2025-11-20
STORE006,SKU02541,166.4,25,10,2025-11-20
STORE027,SKU02541,624.4,25,10,2025-11-20
STORE003,SKU02541,0.1,25,10,2025-11-20
STORE016,SKU02541,61.8,25,10,2025-11-20
STORE012,SKU02541,10.3,25,10,2025-11-20
STORE023,SKU02541,133.2,25,10,2025-11-20
STORE001,SKU02541,799.9,25,10,2025-11-20
STORE021,SKU02541,34.2,25,10,2025-11-20
STORE018,SKU02541,312.3,25,10,2025-11-20
STORE002,SKU02541,201.2,25,10,2025-11-20
STORE026,SKU02541,934.0,25,10,2025-11-20
STORE030,SKU02541,43.8,25,10,2025-11-20
STORE008,SKU02541,79.8,25,10,2025-11-20
STORE014,SKU02541,10.0,25,10,2025-11-20
STORE029,SKU02541,190.6,25,10,2025-11-20
STORE005,SKU02541,109.0,25,10,2025-11-20
STORE028,SKU02541,683.2,25,10,2025-11-20
STORE011,SKU02541,311.1,25,10,2025-11-20
STORE004,SKU02541,318.9,25,10,2025-11-20
STORE015,SKU02541,254.3,25,10,2025-11-20
STORE007,SKU02541,32.3,25,10,2025-11-20
STORE017,SKU02541,197.2,25,10,2025-11-20
STORE026,SKU02542,139.8,25,10,2025-11-20
STORE008,SKU02542,33.1,25,10,2025-11-20
STORE011,SKU02542,41.1,25,10,2025-11-20
STORE024,SKU02543,0.0,90,32,2025-10-15
STORE018,SKU02543,0.0,97,35,2025-10-15
STORE017,SKU02543,0.0,91,29,2025-10-15
STORE027,SKU02543,0.0,82,48,2025-10-15
STORE005,SKU02543,0.0,103,46,2025-10-15
STORE009,SKU02543,0.0,72,31,2025-10-15
STORE020,SKU02543,0.0,74,28,2025-10-15
STORE008,SKU02543,0.0,100,28,2025-10-15
STORE011,SKU02543,0.0,103,50,2025-10-15
STORE023,SKU02543,0.0,74,28,2025-10-15
STORE010,SKU02543,0.0,66,33,2025-10-15
STORE001,SKU02543,0.0,110,46,2025-10-15
STORE002,SKU02543,0.0,90,26,2025-10-15
STORE004,SKU02543,0.0,101,48,2025-10-15
STORE003,SKU02543,0.0,76,42,2025-10-15
STORE012,SKU02543,0.0,103,35,2025-10-15
STORE014,SKU02543,0.0,82,39,2025-10-15
STORE015,SKU02544,279.8,25,10,2025-11-20
STORE023,SKU02544,17.6,25,10,2025-11-20
STORE026,SKU02544,41.7,25,10,2025-11-20
STORE018,SKU02545,0.0,53,23,2025-10-15
STORE021,SKU02546,81.0,25,10,2025-11-20
STORE022,SKU02547,0.0,118,40,2025-10-15
STORE030,SKU02548,0.0,121,45,2025-10-15
STORE022,SKU02549,198.8,25,10,2025-11-20
STORE011,SKU02549,63.2,25,10,2025-11-20
STORE008,SKU02550,86.0,25,10,2025-11-20
STORE021,SKU02551,45.5,25,10,2025-11-20
STORE020,SKU02551,83.5,25,10,2025-11-20
STORE004,SKU02552,98.5,25,10,2025-11-20
STORE005,SKU02552,198.6,25,10,2025-11-20
STORE018,SKU02552,3.9,25,10,2025-11-20
STORE015,SKU02553,14.0,25,10,2025-11-20
STORE017,SKU02554,168.4,25,10,2025-11-20
STORE022,SKU02554,53.1,25,10,2025-11-20
STORE009,SKU02554,45.5,25,10,2025-11-20
STORE028,SKU02555,132.4,25,10,2025-11-20
STORE018,SKU02555,103.6,25,10,2025-11-20
STORE024,SKU02556,112.0,25,10,2025-11-20
STORE013,SKU02556,90.7,25,10,2025-11-20
STORE026,SKU02556,112.3,25,10,2025-11-20
STORE020,SKU02557,103.6,25,10,2025-11-20
STORE019,SKU02557,45.4,25,10,2025-11-20
STORE019,SKU02558,75.1,25,10,2025-11-20
STORE014,SKU02558,47.2,25,10,2025-11-20
STORE030,SKU02558,111.6,25,10,2025-11-20
STORE017,SKU02558,351.3,25,10,2025-11-20
STORE027,SKU02558,366.7,25,10,2025-11-20
STORE025,SKU02558,285.2,25,10,2025-11-20
STORE005,SKU02558,69.2,25,10,2025-11-20
STORE023,SKU02558,230.1,25,10,2025-11-20
STORE020,SKU02558,219.4,25,10,2025-11-20
STORE002,SKU02558,171.8,25,10,2025-11-20
STORE010,SKU02558,207.2,25,10,2025-11-20
STORE011,SKU02558,175.6,25,10,2025-11-20
STORE016,SKU02558,216.2,25,10,2025-11-20
STORE024,SKU02558,326.1,25,10,2025-11-20
STORE018,SKU02558,30.1,25,10,2025-11-20
STORE021,SKU02558,359.3,25,10,2025-11-20
STORE026,SKU02558,37.9,25,10,2025-11-20
STORE008,SKU02558,17.9,25,10,2025-11-20
STORE028,SKU02558,968.6,25,10,2025-11-20
STORE003,SKU02558,816.3,25,10,2025-11-20
STORE029,SKU02558,16.2,25,10,2025-11-20
STORE007,SKU02558,151.9,25,10,2025-11-20
STORE008,SKU02559,27.0,25,10,2025-11-20
STORE002,SKU02560,100.0,25,10,2025-11-20
STORE026,SKU02561,70.8,25,10,2025-11-20
STORE003,SKU02561,120.1,25,10,2025-11-20
STORE028,SKU02561,40.2,25,10,2025-11-20
STORE024,SKU02562,35.0,25,10,2025-11-20
STORE020,SKU02562,74.0,25,10,2025-11-20
STORE018,SKU02563,0.8,25,10,2025-11-20
STORE024,SKU02563,5.2,25,10,2025-11-20
STORE013,SKU02564,251.3,25,10,2025-11-20
STORE023,SKU02564,100.5,25,10,2025-11-20
STORE009,SKU02564,48.3,25,10,2025-11-20
STORE006,SKU02565,183.0,28,13,2025-11-20
STORE009,SKU02566,72.0,25,10,2025-11-20
STORE005,SKU02567,365.2,25,10,2025-11-20
STORE029,SKU02567,129.2,25,10,2025-11-20
STORE007,SKU02567,84.9,25,10,2025-11-20
STORE027,SKU02567,137.5,25,10,2025-11-20
STORE018,SKU02567,368.7,25,10,2025-11-20
STORE021,SKU02567,28.7,25,10,2025-11-20
STORE008,SKU02567,420.8,25,10,2025-11-20
STORE019,SKU02567,491.7,25,10,2025-11-20
STORE015,SKU02567,632.9,25,10,2025-11-20
STORE006,SKU02567,109.4,25,10,2025-11-20
STORE017,SKU02567,52.8,25,10,2025-11-20
STORE024,SKU02567,101.0,25,10,2025-11-20
STORE023,SKU02567,87.4,25,10,2025-11-20
STORE004,SKU02567,41.8,25,10,2025-11-20
STORE030,SKU02567,201.8,25,10,2025-11-20
STORE002,SKU02567,139.8,25,10,2025-11-20
STORE011,SKU02567,433.4,25,10,2025-11-20
STORE014,SKU02567,7.0,25,10,2025-11-20
STORE009,SKU02567,222.9,25,10,2025-11-20
STORE026,SKU02567,310.7,25,10,2025-11-20
STORE001,SKU02567,307.6,25,10,2025-11-20
STORE028,SKU02567,468.9,25,10,2025-11-20
STORE003,SKU02567,281.9,25,10,2025-11-20
STORE029,SKU02568,38.0,25,10,2025-11-20
STORE019,SKU02569,0.0,67,26,2025-10-15
STORE017,SKU02570,123.4,25,10,2025-11-20
STORE028,SKU02570,213.4,25,10,2025-11-20
STORE030,SKU02570,4.3,25,10,2025-11-20
STORE002,SKU02570,2.1,25,10,2025-11-20
STORE023,SKU02570,83.8,25,10,2025-11-20
STORE019,SKU02570,32.4,25,10,2025-11-20
STORE018,SKU02570,91.9,25,10,2025-11-20
STORE007,SKU02570,59.4,25,10,2025-11-20
STORE006,SKU02570,8.8,25,10,2025-11-20
STORE005,SKU02570,732.1,25,10,2025-11-20
STORE004,SKU02570,2.5,25,10,2025-11-20
STORE027,SKU02570,406.3,25,10,2025-11-20
STORE020,SKU02570,50.3,25,10,2025-11-20
STORE001,SKU02570,742.1,25,10,2025-11-20
STORE022,SKU02570,681.1,25,10,2025-11-20
STORE024,SKU02570,323.6,25,10,2025-11-20
STORE003,SKU02570,340.2,25,10,2025-11-20
STORE029,SKU02571,0.0,51,20,2025-10-15
STORE003,SKU02572,0.4,25,10,2025-11-20
STORE023,SKU02572,333.6,25,10,2025-11-20
STORE017,SKU02573,104.5,25,10,2025-11-20
STORE013,SKU02573,112.0,25,10,2025-11-20
STORE015,SKU02573,53.5,25,10,2025-11-20
STORE014,SKU02574,82.0,25,10,2025-11-20
STORE013,SKU02575,206.8,25,10,2025-11-20
STORE004,SKU02575,31.8,25,10,2025-11-20
STORE002,SKU02575,76.3,25,10,2025-11-20
STORE030,SKU02576,23.3,25,10,2025-11-20
STORE001,SKU02576,564.8,25,10,2025-11-20
STORE017,SKU02576,33.6,25,10,2025-11-20
STORE027,SKU02576,56.4,25,10,2025-11-20
STORE021,SKU02576,180.9,25,10,2025-11-20
STORE020,SKU02576,319.9,25,10,2025-11-20
STORE022,SKU02576,213.9,25,10,2025-11-20
STORE018,SKU02576,58.5,25,10,2025-11-20
STORE024,SKU02576,0.2,25,10,2025-11-20
STORE016,SKU02576,313.4,25,10,2025-11-20
STORE013,SKU02576,933.2,25,10,2025-11-20
STORE004,SKU02576,367.7,25,10,2025-11-20
STORE029,SKU02576,136.5,25,10,2025-11-20
STORE003,SKU02576,518.4,25,10,2025-11-20
STORE010,SKU02576,116.8,25,10,2025-11-20
STORE019,SKU02576,164.8,25,10,2025-11-20
STORE006,SKU02576,143.6,25,10,2025-11-20
STORE013,SKU02577,40.0,25,10,2025-11-20
STORE026,SKU02577,100.6,25,10,2025-11-20
STORE003,SKU02577,50.4,25,10,2025-11-20
STORE010,SKU02578,111.4,25,10,2025-11-20
STORE002,SKU02578,87.4,25,10,2025-11-20
STORE030,SKU02578,11.3,25,10,2025-11-20
STORE024,SKU02578,256.0,25,10,2025-11-20
STORE008,SKU02579,17.0,25,10,2025-11-20
STORE029,SKU02580,34.4,25,10,2025-11-20
STORE018,SKU02580,227.7,25,10,2025-11-20
STORE010,SKU02580,245.3,25,10,2025-11-20
STORE011,SKU02580,299.4,25,10,2025-11-20
STORE021,SKU02580,150.3,25,10,2025-11-20
STORE008,SKU02580,481.7,25,10,2025-11-20
STORE026,SKU02580,591.1,25,10,2025-11-20
STORE003,SKU02580,353.4,25,10,2025-11-20
STORE019,SKU02580,216.6,25,10,2025-11-20
STORE017,SKU02580,77.7,25,10,2025-11-20
STORE002,SKU02580,873.7,25,10,2025-11-20
STORE016,SKU02580,68.8,25,10,2025-11-20
STORE009,SKU02580,48.6,25,10,2025-11-20
STORE014,SKU02580,125.3,25,10,2025-11-20
STORE005,SKU02580,12.6,25,10,2025-11-20
STORE004,SKU02580,823.9,25,10,2025-11-20
STORE006,SKU02580,190.5,25,10,2025-11-20
STORE022,SKU02580,174.7,25,10,2025-11-20
STORE007,SKU02580,228.9,25,10,2025-11-20
STORE028,SKU02580,147.5,25,10,2025-11-20
STORE011,SKU02581,73.0,25,10,2025-11-20
STORE027,SKU02582,66.5,25,10,2025-11-20
STORE022,SKU02582,88.5,25,10,2025-11-20
STORE026,SKU02583,0.0,55,23,2025-10-15
STORE001,SKU02584,157.2,25,10,2025-11-20
STORE007,SKU02584,413.0,25,10,2025-11-20
STORE024,SKU02584,75.1,25,10,2025-11-20
STORE025,SKU02584,72.9,25,10,2025-11-20
STORE030,SKU02584,51.3,25,10,2025-11-20
STORE015,SKU02584,135.7,25,10,2025-11-20
STORE013,SKU02584,547.6,25,10,2025-11-20
STORE006,SKU02584,513.3,25,10,2025-11-20
STORE026,SKU02584,140.8,25,10,2025-11-20
STORE012,SKU02584,259.4,25,10,2025-11-20
STORE009,SKU02584,372.1,25,10,2025-11-20
STORE011,SKU02584,80.5,25,10,2025-11-20
STORE028,SKU02584,53.7,25,10,2025-11-20
STORE027,SKU02584,1043.9,25,10,2025-11-20
STORE003,SKU02584,280.3,25,10,2025-11-20
STORE023,SKU02584,1162.4,25,10,2025-11-20
STORE022,SKU02584,120.2,25,10,2025-11-20
STORE021,SKU02584,354.1,25,10,2025-11-20
STORE014,SKU02584,73.4,25,10,2025-11-20
STORE029,SKU02584,88.3,25,10,2025-11-20
STORE019,SKU02584,209.2,25,10,2025-11-20
STORE010,SKU02584,112.3,25,10,2025-11-20
STORE020,SKU02584,53.5,25,10,2025-11-20
STORE016,SKU02584,89.0,25,10,2025-11-20
STORE018,SKU02584,10.6,25,10,2025-11-20
STORE017,SKU02584,355.5,25,10,2025-11-20
STORE005,SKU02584,197.6,25,10,2025-11-20
STORE029,SKU02585,64.1,25,10,2025-11-20
STORE021,SKU02585,121.9,25,10,2025-11-20
STORE013,SKU02586,21.6,25,10,2025-11-20
STORE030,SKU02586,189.4,25,10,2025-11-20
STORE012,SKU02587,158.0,25,10,2025-11-20
STORE010,SKU02588,0.0,82,47,2025-10-15
STORE023,SKU02589,0.0,97,22,2025-10-15
STORE027,SKU02590,404.9,25,10,2025-11-20
STORE029,SKU02590,6.0,25,10,2025-11-20
STORE008,SKU02590,82.8,25,10,2025-11-20
STORE010,SKU02590,638.5,25,10,2025-11-20
STORE001,SKU02590,365.7,25,10,2025-11-20
STORE015,SKU02590,21.9,25,10,2025-11-20
STORE018,SKU02590,496.5,25,10,2025-11-20
STORE011,SKU02590,196.0,25,10,2025-11-20
STORE004,SKU02590,541.2,25,10,2025-11-20
STORE013,SKU02590,264.9,25,10,2025-11-20
STORE020,SKU02590,330.4,25,10,2025-11-20
STORE019,SKU02590,1452.9,25,10,2025-11-20
STORE009,SKU02590,76.3,25,10,2025-11-20
STORE016,SKU02590,282.2,25,10,2025-11-20
STORE002,SKU02590,177.9,25,10,2025-11-20
STORE024,SKU02590,11.6,25,10,2025-11-20
STORE030,SKU02590,4.2,25,10,2025-11-20
STORE026,SKU02590,36.6,25,10,2025-11-20
STORE006,SKU02590,302.1,25,10,2025-11-20
STORE025,SKU02590,241.6,25,10,2025-11-20
STORE022,SKU02590,232.6,25,10,2025-11-20
STORE007,SKU02590,9.3,25,10,2025-11-20
STORE014,SKU02591,9.1,25,10,2025-11-20
STORE018,SKU02591,36.9,25,10,2025-11-20
STORE007,SKU02592,30.0,25,10,2025-11-20
STORE010,SKU02593,48.8,25,10,2025-11-20
STORE018,SKU02593,75.4,25,10,2025-11-20
STORE005,SKU02593,76.3,25,10,2025-11-20
STORE013,SKU02593,36.5,25,10,2025-11-20
STORE018,SKU02594,63.8,25,10,2025-11-20
STORE024,SKU02594,16.2,25,10,2025-11-20
STORE019,SKU02595,84.0,25,10,2025-11-20
STORE019,SKU02596,31.0,25,10,2025-11-20
STORE020,SKU02596,37.0,25,10,2025-11-20
STORE013,SKU02597,4.4,25,10,2025-11-20
STORE006,SKU02597,127.3,25,10,2025-11-20
STORE020,SKU02597,43.3,25,10,2025-11-20
STORE015,SKU02598,21.4,25,10,2025-11-20
STORE026,SKU02598,21.6,25,10,2025-11-20
STORE001,SKU02599,20.0,25,10,2025-11-20
STORE017,SKU02600,90.6,25,10,2025-11-20
STORE008,SKU02600,40.7,25,10,2025-11-20
STORE018,SKU02600,48.3,25,10,2025-11-20
STORE014,SKU02600,32.4,25,10,2025-11-20
STORE018,SKU02601,226.0,28,13,2025-11-20
STORE018,SKU02602,0.0,106,36,2025-10-15
STORE019,SKU02603,361.3,25,10,2025-11-20
STORE004,SKU02603,19.6,25,10,2025-11-20
STORE016,SKU02603,79.3,25,10,2025-11-20
STORE017,SKU02603,61.8,25,10,2025-11-20
STORE022,SKU02604,49.0,25,10,2025-11-20
STORE022,SKU02605,159.8,25,10,2025-11-20
STORE021,SKU02605,191.2,25,10,2025-11-20
STORE016,SKU02606,31.9,25,10,2025-11-20
STORE026,SKU02606,152.2,25,10,2025-11-20
STORE020,SKU02606,58.7,25,10,2025-11-20
STORE003,SKU02606,43.1,25,10,2025-11-20
STORE012,SKU02606,14.2,25,10,2025-11-20
STORE001,SKU02607,0.0,98,31,2025-10-15
STORE014,SKU02608,208.3,25,10,2025-11-20
STORE006,SKU02608,80.7,25,10,2025-11-20
STORE012,SKU02609,88.8,26,11,2025-11-20
STORE015,SKU02609,117.2,26,11,2025-11-20
STORE028,SKU02610,50.0,25,10,2025-11-20
STORE003,SKU02611,25.4,47,23,2025-11-20
STORE019,SKU02611,19.6,47,23,2025-11-20
STORE015,SKU02612,38.8,25,10,2025-11-20
STORE029,SKU02612,84.2,25,10,2025-11-20
STORE013,SKU02613,50.9,25,10,2025-11-20
STORE001,SKU02613,141.1,25,10,2025-11-20
STORE023,SKU02614,33.9,25,10,2025-11-20
STORE020,SKU02614,3.1,25,10,2025-11-20
STORE008,SKU02614,2.4,25,10,2025-11-20
STORE005,SKU02614,16.3,25,10,2025-11-20
STORE001,SKU02614,5.9,25,10,2025-11-20
STORE003,SKU02614,0.3,25,10,2025-11-20
STORE027,SKU02614,35.9,25,10,2025-11-20
STORE014,SKU02614,4.2,25,10,2025-11-20
STORE012,SKU02614,43.3,25,10,2025-11-20
STORE015,SKU02614,20.7,25,10,2025-11-20
STORE017,SKU02614,23.5,25,10,2025-11-20
STORE019,SKU02614,3.7,25,10,2025-11-20
STORE018,SKU02615,91.8,25,10,2025-11-20
STORE027,SKU02615,253.3,25,10,2025-11-20
STORE028,SKU02615,64.9,25,10,2025-11-20
STORE006,SKU02616,74.6,25,10,2025-11-20
STORE013,SKU02616,79.4,25,10,2025-11-20
STORE001,SKU02617,141.0,28,13,2025-11-20
STORE010,SKU02618,38.6,25,10,2025-11-20
STORE003,SKU02618,261.4,25,10,2025-11-20
STORE018,SKU02619,10.9,25,10,2025-11-20
STORE028,SKU02619,1.7,25,10,2025-11-20
STORE001,SKU02619,58.9,25,10,2025-11-20
STORE025,SKU02619,221.5,25,10,2025-11-20
STORE029,SKU02620,149.9,25,10,2025-11-20
STORE019,SKU02620,47.1,25,10,2025-11-20
STORE012,SKU02621,181.0,25,10,2025-11-20
STORE030,SKU02622,23.7,25,10,2025-11-20
STORE005,SKU02622,15.3,25,10,2025-11-20
STORE003,SKU02623,105.2,25,10,2025-11-20
STORE026,SKU02623,40.8,25,10,2025-11-20
STORE015,SKU02624,125.0,51,25,2025-11-20
STORE012,SKU02625,10.2,25,10,2025-11-20
STORE011,SKU02625,120.7,25,10,2025-11-20
STORE017,SKU02625,137.2,25,10,2025-11-20
STORE011,SKU02626,73.4,25,10,2025-11-20
STORE004,SKU02626,6.6,25,10,2025-11-20
STORE015,SKU02627,0.0,94,35,2025-10-15
STORE010,SKU02628,0.0,77,42,2025-10-15
STORE022,SKU02629,6.1,25,10,2025-11-20
STORE024,SKU02629,258.9,25,10,2025-11-20
STORE005,SKU02630,48.4,25,10,2025-11-20
STORE016,SKU02630,61.6,25,10,2025-11-20
STORE010,SKU02631,34.6,25,10,2025-11-20
STORE013,SKU02631,48.8,25,10,2025-11-20
STORE020,SKU02631,115.6,25,10,2025-11-20
STORE006,SKU02632,53.8,25,10,2025-11-20
STORE026,SKU02632,264.1,25,10,2025-11-20
STORE003,SKU02632,86.1,25,10,2025-11-20
STORE004,SKU02633,109.7,25,10,2025-11-20
STORE018,SKU02633,59.3,25,10,2025-11-20
STORE022,SKU02634,48.9,25,10,2025-11-20
STORE026,SKU02634,13.3,25,10,2025-11-20
STORE027,SKU02634,58.7,25,10,2025-11-20
STORE021,SKU02635,91.7,25,10,2025-11-20
STORE018,SKU02635,225.6,25,10,2025-11-20
STORE005,SKU02635,68.8,25,10,2025-11-20
STORE009,SKU02636,72.8,25,10,2025-11-20
STORE003,SKU02636,43.2,25,10,2025-11-20
STORE020,SKU02636,35.0,25,10,2025-11-20
STORE023,SKU02637,187.1,25,10,2025-11-20
STORE019,SKU02637,9.6,25,10,2025-11-20
STORE013,SKU02637,84.9,25,10,2025-11-20
STORE005,SKU02637,227.4,25,10,2025-11-20
STORE014,SKU02638,5.0,25,10,2025-11-20
STORE009,SKU02638,297.5,25,10,2025-11-20
STORE006,SKU02638,72.2,25,10,2025-11-20
STORE005,SKU02638,10.2,25,10,2025-11-20
STORE020,SKU02639,129.0,25,10,2025-11-20
STORE016,SKU02639,684.8,25,10,2025-11-20
STORE011,SKU02639,3.0,25,10,2025-11-20
STORE017,SKU02639,221.8,25,10,2025-11-20
STORE019,SKU02639,174.2,25,10,2025-11-20
STORE003,SKU02639,517.2,25,10,2025-11-20
STORE015,SKU02639,22.0,25,10,2025-11-20
STORE002,SKU02639,286.3,25,10,2025-11-20
STORE009,SKU02639,285.2,25,10,2025-11-20
STORE012,SKU02639,276.7,25,10,2025-11-20
STORE022,SKU02639,714.0,25,10,2025-11-20
STORE005,SKU02639,433.4,25,10,2025-11-20
STORE004,SKU02639,10.7,25,10,2025-11-20
STORE021,SKU02639,159.4,25,10,2025-11-20
STORE010,SKU02639,127.0,25,10,2025-11-20
STORE006,SKU02639,92.9,25,10,2025-11-20
STORE008,SKU02639,150.2,25,10,2025-11-20
STORE001,SKU02639,121.3,25,10,2025-11-20
STORE024,SKU02639,141.7,25,10,2025-11-20
STORE007,SKU02639,969.9,25,10,2025-11-20
STORE030,SKU02639,23.2,25,10,2025-11-20
STORE005,SKU02640,0.0,124,49,2025-10-15
STORE001,SKU02640,0.0,99,48,2025-10-15
STORE028,SKU02640,0.0,80,33,2025-10-15
STORE019,SKU02640,0.0,83,50,2025-10-15
STORE030,SKU02640,0.0,74,34,2025-10-15
STORE026,SKU02640,0.0,64,26,2025-10-15
STORE012,SKU02640,0.0,88,28,2025-10-15
STORE016,SKU02640,0.0,87,25,2025-10-15
STORE029,SKU02640,0.0,90,25,2025-10-15
STORE027,SKU02640,0.0,89,39,2025-10-15
STORE022,SKU02640,0.0,124,48,2025-10-15
STORE002,SKU02640,0.0,128,48,2025-10-15
STORE003,SKU02640,0.0,58,28,2025-10-15
STORE013,SKU02640,0.0,56,21,2025-10-15
STORE008,SKU02640,0.0,98,35,2025-10-15
STORE021,SKU02641,290.3,25,10,2025-11-20
STORE030,SKU02641,74.4,25,10,2025-11-20
STORE027,SKU02641,111.1,25,10,2025-11-20
STORE017,SKU02641,201.5,25,10,2025-11-20
STORE006,SKU02641,50.8,25,10,2025-11-20
STORE006,SKU02642,97.1,28,13,2025-11-20
STORE023,SKU02642,90.9,28,13,2025-11-20
STORE009,SKU02643,0.0,100,42,2025-10-15
STORE008,SKU02644,105.0,27,12,2025-11-20
STORE003,SKU02645,111.3,25,10,2025-11-20
STORE005,SKU02645,75.7,25,10,2025-11-20
STORE014,SKU02646,0.0,76,22,2025-10-15
STORE030,SKU02647,41.8,25,10,2025-11-20
STORE018,SKU02647,41.5,25,10,2025-11-20
STORE026,SKU02647,202.3,25,10,2025-11-20
STORE025,SKU02647,37.6,25,10,2025-11-20
STORE012,SKU02647,349.7,25,10,2025-11-20
STORE001,SKU02648,0.7,25,10,2025-11-20
STORE016,SKU02648,3.3,25,10,2025-11-20
STORE003,SKU02648,0.0,25,10,2025-11-20
STORE002,SKU02648,1.7,25,10,2025-11-20
STORE026,SKU02648,5.0,25,10,2025-11-20
STORE012,SKU02648,2.9,25,10,2025-11-20
STORE018,SKU02648,16.9,25,10,2025-11-20
STORE021,SKU02648,9.2,25,10,2025-11-20
STORE027,SKU02648,2.0,25,10,2025-11-20
STORE028,SKU02648,0.2,25,10,2025-11-20
STORE004,SKU02648,8.3,25,10,2025-11-20
STORE019,SKU02648,10.7,25,10,2025-11-20
STORE025,SKU02648,7.6,25,10,2025-11-20
STORE030,SKU02648,0.6,25,10,2025-11-20
STORE006,SKU02648,27.3,25,10,2025-11-20
STORE014,SKU02648,1.3,25,10,2025-11-20
STORE008,SKU02648,5.7,25,10,2025-11-20
STORE013,SKU02648,10.5,25,10,2025-11-20
STORE022,SKU02648,1.2,25,10,2025-11-20
STORE027,SKU02649,24.2,25,10,2025-11-20
STORE022,SKU02649,3.8,25,10,2025-11-20
STORE003,SKU02650,212.3,25,10,2025-11-20
STORE011,SKU02650,18.7,25,10,2025-11-20
STORE006,SKU02651,210.6,25,10,2025-11-20
STORE014,SKU02651,3.8,25,10,2025-11-20
STORE003,SKU02651,84.8,25,10,2025-11-20
STORE024,SKU02651,52.2,25,10,2025-11-20
STORE029,SKU02651,44.6,25,10,2025-11-20
STORE002,SKU02652,147.0,25,10,2025-11-20
STORE024,SKU02653,0.0,75,31,2025-10-15
STORE027,SKU02654,0.0,127,47,2025-10-15
STORE015,SKU02655,128.0,66,33,2025-11-20
STORE002,SKU02656,99.0,25,10,2025-11-20
STORE027,SKU02657,13.0,25,10,2025-11-20
STORE019,SKU02657,4.7,25,10,2025-11-20
STORE005,SKU02657,50.4,25,10,2025-11-20
STORE007,SKU02657,0.5,25,10,2025-11-20
STORE002,SKU02657,3.6,25,10,2025-11-20
STORE026,SKU02657,4.5,25,10,2025-11-20
STORE015,SKU02657,8.6,25,10,2025-11-20
STORE003,SKU02657,4.3,25,10,2025-11-20
STORE014,SKU02657,10.9,25,10,2025-11-20
STORE029,SKU02657,33.3,25,10,2025-11-20
STORE011,SKU02657,20.1,25,10,2025-11-20
STORE001,SKU02657,14.0,25,10,2025-11-20
STORE021,SKU02657,1.5,25,10,2025-11-20
STORE016,SKU02657,19.2,25,10,2025-11-20
STORE009,SKU02657,2.9,25,10,2025-11-20
STORE024,SKU02657,25.0,25,10,2025-11-20
STORE012,SKU02657,4.7,25,10,2025-11-20
STORE020,SKU02657,8.7,25,10,2025-11-20
STORE003,SKU02658,159.0,25,10,2025-11-20
STORE029,SKU02659,167.9,25,10,2025-11-20
STORE017,SKU02659,11.6,25,10,2025-11-20
STORE019,SKU02659,71.5,25,10,2025-11-20
STORE026,SKU02660,0.2,25,10,2025-11-20
STORE010,SKU02660,1.5,25,10,2025-11-20
STORE018,SKU02660,3.0,25,10,2025-11-20
STORE023,SKU02660,0.7,25,10,2025-11-20
STORE011,SKU02660,0.8,25,10,2025-11-20
STORE027,SKU02660,3.3,25,10,2025-11-20
STORE029,SKU02660,0.9,25,10,2025-11-20
STORE008,SKU02660,0.8,25,10,2025-11-20
STORE021,SKU02660,1.1,25,10,2025-11-20
STORE005,SKU02660,1.5,25,10,2025-11-20
STORE019,SKU02660,0.1,25,10,2025-11-20
STORE017,SKU02660,2.2,25,10,2025-11-20
STORE015,SKU02660,0.7,25,10,2025-11-20
STORE014,SKU02660,0.1,25,10,2025-11-20
STORE007,SKU02660,1.9,25,10,2025-11-20
STORE020,SKU02660,0.6,25,10,2025-11-20
STORE028,SKU02660,0.1,25,10,2025-11-20
STORE016,SKU02660,1.3,25,10,2025-11-20
STORE012,SKU02661,61.5,25,10,2025-11-20
STORE005,SKU02661,63.5,25,10,2025-11-20
STORE020,SKU02662,571.0,25,10,2025-11-20
STORE009,SKU02662,365.3,25,10,2025-11-20
STORE029,SKU02662,0.4,25,10,2025-11-20
STORE016,SKU02662,86.4,25,10,2025-11-20
STORE025,SKU02662,308.2,25,10,2025-11-20
STORE004,SKU02662,82.4,25,10,2025-11-20
STORE014,SKU02662,166.2,25,10,2025-11-20
STORE003,SKU02662,168.3,25,10,2025-11-20
STORE030,SKU02662,82.0,25,10,2025-11-20
STORE017,SKU02662,424.1,25,10,2025-11-20
STORE005,SKU02662,126.3,25,10,2025-11-20
STORE027,SKU02662,112.9,25,10,2025-11-20
STORE007,SKU02662,1082.9,25,10,2025-11-20
STORE010,SKU02662,122.8,25,10,2025-11-20
STORE023,SKU02662,35.5,25,10,2025-11-20
STORE026,SKU02662,129.9,25,10,2025-11-20
STORE013,SKU02662,303.7,25,10,2025-11-20
STORE012,SKU02662,270.9,25,10,2025-11-20
STORE002,SKU02662,280.6,25,10,2025-11-20
STORE001,SKU02662,222.3,25,10,2025-11-20
STORE022,SKU02662,53.0,25,10,2025-11-20
STORE006,SKU02662,357.7,25,10,2025-11-20
STORE011,SKU02662,404.3,25,10,2025-11-20
STORE024,SKU02662,39.0,25,10,2025-11-20
STORE019,SKU02662,25.2,25,10,2025-11-20
STORE021,SKU02662,670.6,25,10,2025-11-20
STORE015,SKU02662,366.1,25,10,2025-11-20
STORE008,SKU02663,33.4,25,10,2025-11-20
STORE022,SKU02663,32.5,25,10,2025-11-20
STORE006,SKU02663,11.6,25,10,2025-11-20
STORE003,SKU02663,15.5,25,10,2025-11-20
STORE015,SKU02664,72.1,25,10,2025-11-20
STORE029,SKU02664,4.8,25,10,2025-11-20
STORE010,SKU02664,125.1,25,10,2025-11-20
STORE007,SKU02665,105.0,37,18,2025-11-20
STORE029,SKU02666,0.0,125,45,2025-10-15
STORE024,SKU02667,0.0,89,31,2025-10-15
STORE009,SKU02668,0.0,114,36,2025-10-15
STORE029,SKU02669,69.0,31,15,2025-11-20
STORE027,SKU02670,196.0,25,10,2025-11-20
STORE008,SKU02671,3.0,25,10,2025-11-20
STORE011,SKU02672,134.0,25,10,2025-11-20
STORE028,SKU02673,144.0,25,10,2025-11-20
STORE030,SKU02674,15.9,25,10,2025-11-20
STORE005,SKU02674,20.0,25,10,2025-11-20
STORE014,SKU02674,332.0,25,10,2025-11-20
STORE017,SKU02674,15.3,25,10,2025-11-20
STORE002,SKU02674,28.8,25,10,2025-11-20
STORE013,SKU02675,171.0,25,10,2025-11-20
STORE028,SKU02676,66.6,25,10,2025-11-20
STORE009,SKU02676,11.8,25,10,2025-11-20
STORE018,SKU02676,111.6,25,10,2025-11-20
STORE014,SKU02677,296.9,25,10,2025-11-20
STORE002,SKU02677,52.3,25,10,2025-11-20
STORE024,SKU02677,65.8,25,10,2025-11-20
STORE014,SKU02678,28.0,39,19,2025-11-20
STORE015,SKU02679,80.7,25,10,2025-11-20
STORE007,SKU02679,55.3,25,10,2025-11-20
STORE019,SKU02680,11.9,25,10,2025-11-20
STORE018,SKU02680,74.9,25,10,2025-11-20
STORE008,SKU02680,113.3,25,10,2025-11-20
STORE023,SKU02681,61.0,25,10,2025-11-20
STORE009,SKU02681,174.9,25,10,2025-11-20
STORE010,SKU02681,270.3,25,10,2025-11-20
STORE018,SKU02681,116.6,25,10,2025-11-20
STORE017,SKU02681,446.6,25,10,2025-11-20
STORE007,SKU02681,539.8,25,10,2025-11-20
STORE027,SKU02681,115.0,25,10,2025-11-20
STORE028,SKU02681,536.6,25,10,2025-11-20
STORE006,SKU02681,32.2,25,10,2025-11-20
STORE011,SKU02681,534.9,25,10,2025-11-20
STORE008,SKU02681,48.8,25,10,2025-11-20
STORE013,SKU02681,25.5,25,10,2025-11-20
STORE030,SKU02681,301.9,25,10,2025-11-20
STORE019,SKU02681,187.8,25,10,2025-11-20
STORE005,SKU02681,701.4,25,10,2025-11-20
STORE029,SKU02681,132.7,25,10,2025-11-20
STORE002,SKU02682,55.0,25,10,2025-11-20
STORE011,SKU02682,113.0,25,10,2025-11-20
STORE011,SKU02683,3.5,25,10,2025-11-20
STORE002,SKU02683,2.4,25,10,2025-11-20
STORE015,SKU02683,6.7,25,10,2025-11-20
STORE027,SKU02683,8.1,25,10,2025-11-20
STORE028,SKU02683,10.9,25,10,2025-11-20
STORE009,SKU02683,20.6,25,10,2025-11-20
STORE023,SKU02683,1.8,25,10,2025-11-20
STORE029,SKU02683,7.2,25,10,2025-11-20
STORE013,SKU02683,2.9,25,10,2025-11-20
STORE012,SKU02683,6.4,25,10,2025-11-20
STORE026,SKU02683,3.7,25,10,2025-11-20
STORE030,SKU02683,29.0,25,10,2025-11-20
STORE021,SKU02683,7.4,25,10,2025-11-20
STORE003,SKU02683,17.4,25,10,2025-11-20
STORE012,SKU02684,180.0,25,10,2025-11-20
STORE013,SKU02684,233.0,25,10,2025-11-20
STORE006,SKU02685,89.8,25,10,2025-11-20
STORE007,SKU02685,32.8,25,10,2025-11-20
STORE019,SKU02685,15.5,25,10,2025-11-20
STORE006,SKU02686,27.0,25,10,2025-11-20
STORE024,SKU02687,5.5,25,10,2025-11-20
STORE027,SKU02687,198.5,25,10,2025-11-20
STORE001,SKU02688,21.4,25,10,2025-11-20
STORE020,SKU02688,22.6,25,10,2025-11-20
STORE002,SKU02688,111.0,25,10,2025-11-20
STORE018,SKU02689,31.0,25,10,2025-11-20
STORE030,SKU02690,4.4,25,10,2025-11-20
STORE011,SKU02690,11.6,25,10,2025-11-20
STORE029,SKU02691,83.4,25,10,2025-11-20
STORE025,SKU02691,67.6,25,10,2025-11-20
STORE011,SKU02692,3.6,25,10,2025-11-20
STORE004,SKU02692,1.7,25,10,2025-11-20
STORE002,SKU02692,1.9,25,10,2025-11-20
STORE016,SKU02692,4.3,25,10,2025-11-20
STORE021,SKU02692,3.7,25,10,2025-11-20
STORE023,SKU02692,0.3,25,10,2025-11-20
STORE010,SKU02692,2.8,25,10,2025-11-20
STORE001,SKU02692,1.3,25,10,2025-11-20
STORE022,SKU02692,0.8,25,10,2025-11-20
STORE020,SKU02692,0.1,25,10,2025-11-20
STORE029,SKU02692,1.5,25,10,2025-11-20
STORE008,SKU02692,1.0,25,10,2025-11-20
STORE026,SKU02692,0.6,25,10,2025-11-20
STORE003,SKU02692,2.6,25,10,2025-11-20
STORE018,SKU02692,3.3,25,10,2025-11-20
STORE019,SKU02692,0.6,25,10,2025-11-20
STORE025,SKU02693,2.8,25,10,2025-11-20
STORE017,SKU02693,105.6,25,10,2025-11-20
STORE013,SKU02693,0.6,25,10,2025-11-20
STORE004,SKU02694,5.0,33,16,2025-11-20
STORE020,SKU02695,115.5,25,10,2025-11-20
STORE022,SKU02695,45.4,25,10,2025-11-20
STORE001,SKU02695,33.1,25,10,2025-11-20
STORE005,SKU02695,1.1,25,10,2025-11-20
STORE011,SKU02696,132.0,25,10,2025-11-20
STORE026,SKU02697,12.2,25,10,2025-11-20
STORE010,SKU02697,77.8,25,10,2025-11-20
STORE023,SKU02698,16.2,25,10,2025-11-20
STORE015,SKU02698,66.8,25,10,2025-11-20
STORE022,SKU02699,55.8,25,10,2025-11-20
STORE013,SKU02699,22.2,25,10,2025-11-20
STORE002,SKU02700,13.1,25,10,2025-11-20
STORE022,SKU02700,13.9,25,10,2025-11-20
STORE023,SKU02700,9.8,25,10,2025-11-20
STORE006,SKU02700,493.1,25,10,2025-11-20
STORE027,SKU02700,140.5,25,10,2025-11-20
STORE021,SKU02700,583.9,25,10,2025-11-20
STORE001,SKU02700,207.4,25,10,2025-11-20
STORE013,SKU02700,221.4,25,10,2025-11-20
STORE020,SKU02700,263.9,25,10,2025-11-20
STORE012,SKU02700,458.1,25,10,2025-11-20
STORE008,SKU02700,117.3,25,10,2025-11-20
STORE011,SKU02700,47.6,25,10,2025-11-20
STORE009,SKU02700,298.0,25,10,2025-11-20
STORE003,SKU02700,145.3,25,10,2025-11-20
STORE026,SKU02700,214.4,25,10,2025-11-20
STORE024,SKU02700,382.1,25,10,2025-11-20
STORE030,SKU02700,250.1,25,10,2025-11-20
STORE019,SKU02700,355.3,25,10,2025-11-20
STORE017,SKU02700,288.3,25,10,2025-11-20
STORE025,SKU02700,494.0,25,10,2025-11-20
STORE029,SKU02700,449.2,25,10,2025-11-20
STORE016,SKU02700,280.4,25,10,2025-11-20
STORE026,SKU02701,28.4,25,10,2025-11-20
STORE029,SKU02701,51.6,25,10,2025-11-20
STORE019,SKU02702,32.7,25,10,2025-11-20
STORE012,SKU02702,30.8,25,10,2025-11-20
STORE028,SKU02702,83.5,25,10,2025-11-20
STORE002,SKU02703,88.2,25,10,2025-11-20
STORE001,SKU02703,7.4,25,10,2025-11-20
STORE006,SKU02703,224.8,25,10,2025-11-20
STORE028,SKU02703,3.2,25,10,2025-11-20
STORE014,SKU02703,139.3,25,10,2025-11-20
STORE025,SKU02704,155.0,25,10,2025-11-20
STORE026,SKU02705,119.0,83,41,2025-11-20
STORE023,SKU02706,6.9,25,10,2025-11-20
STORE030,SKU02706,112.1,25,10,2025-11-20
STORE002,SKU02707,79.0,25,10,2025-11-20
STORE003,SKU02708,231.4,25,10,2025-11-20
STORE011,SKU02708,54.6,25,10,2025-11-20
STORE004,SKU02709,140.9,25,10,2025-11-20
STORE011,SKU02709,111.1,25,10,2025-11-20
STORE007,SKU02710,25.1,25,10,2025-11-20
STORE028,SKU02710,215.1,25,10,2025-11-20
STORE024,SKU02710,303.9,25,10,2025-11-20
STORE006,SKU02710,330.8,25,10,2025-11-20
STORE012,SKU02710,535.1,25,10,2025-11-20
STORE021,SKU02710,119.5,25,10,2025-11-20
STORE022,SKU02710,694.2,25,10,2025-11-20
STORE029,SKU02710,455.1,25,10,2025-11-20
STORE019,SKU02710,79.8,25,10,2025-11-20
STORE009,SKU02710,39.4,25,10,2025-11-20
STORE015,SKU02710,129.7,25,10,2025-11-20
STORE011,SKU02710,116.6,25,10,2025-11-20
STORE002,SKU02710,194.6,25,10,2025-11-20
STORE020,SKU02710,198.7,25,10,2025-11-20
STORE010,SKU02710,314.6,25,10,2025-11-20
STORE001,SKU02710,161.8,25,10,2025-11-20
STORE014,SKU02710,25.1,25,10,2025-11-20
STORE008,SKU02710,443.4,25,10,2025-11-20
STORE018,SKU02710,84.1,25,10,2025-11-20
STORE013,SKU02710,805.8,25,10,2025-11-20
STORE004,SKU02710,28.5,25,10,2025-11-20
STORE003,SKU02710,720.7,25,10,2025-11-20
STORE023,SKU02710,21.7,25,10,2025-11-20
STORE005,SKU02710,59.6,25,10,2025-11-20
STORE018,SKU02711,2.3,25,10,2025-11-20
STORE002,SKU02711,59.8,25,10,2025-11-20
STORE030,SKU02711,92.9,25,10,2025-11-20
STORE012,SKU02711,27.9,25,10,2025-11-20
STORE023,SKU02711,129.1,25,10,2025-11-20
STORE024,SKU02712,29.0,42,21,2025-11-20
STORE019,SKU02713,69.5,25,10,2025-11-20
STORE022,SKU02713,130.5,25,10,2025-11-20
STORE012,SKU02714,36.1,25,10,2025-11-20
STORE021,SKU02714,44.8,25,10,2025-11-20
STORE001,SKU02714,242.1,25,10,2025-11-20
STORE030,SKU02715,81.9,25,10,2025-11-20
STORE008,SKU02715,132.9,25,10,2025-11-20
STORE022,SKU02715,82.2,25,10,2025-11-20
STORE025,SKU02716,13.7,25,10,2025-11-20
STORE027,SKU02716,175.1,25,10,2025-11-20
STORE003,SKU02716,53.2,25,10,2025-11-20
STORE002,SKU02716,473.0,25,10,2025-11-20
STORE001,SKU02716,64.5,25,10,2025-11-20
STORE013,SKU02716,81.4,25,10,2025-11-20
STORE010,SKU02717,108.9,25,10,2025-11-20
STORE022,SKU02717,56.1,25,10,2025-11-20
STORE020,SKU02718,23.1,25,10,2025-11-20
STORE007,SKU02718,668.3,25,10,2025-11-20
STORE010,SKU02718,479.9,25,10,2025-11-20
STORE025,SKU02718,44.4,25,10,2025-11-20
STORE024,SKU02718,443.4,25,10,2025-11-20
STORE001,SKU02718,290.7,25,10,2025-11-20
STORE029,SKU02718,155.6,25,10,2025-11-20
STORE023,SKU02718,86.7,25,10,2025-11-20
STORE019,SKU02718,580.9,25,10,2025-11-20
STORE004,SKU02718,356.2,25,10,2025-11-20
STORE027,SKU02718,234.7,25,10,2025-11-20
STORE009,SKU02718,278.1,25,10,2025-11-20
STORE012,SKU02718,28.2,25,10,2025-11-20
STORE005,SKU02718,189.9,25,10,2025-11-20
STORE002,SKU02718,63.7,25,10,2025-11-20
STORE015,SKU02718,69.1,25,10,2025-11-20
STORE021,SKU02718,320.2,25,10,2025-11-20
STORE026,SKU02718,716.2,25,10,2025-11-20
STORE030,SKU02718,152.9,25,10,2025-11-20
STORE022,SKU02718,68.9,25,10,2025-11-20
STORE028,SKU02718,309.4,25,10,2025-11-20
STORE017,SKU02718,606.1,25,10,2025-11-20
STORE016,SKU02718,408.0,25,10,2025-11-20
STORE018,SKU02718,600.5,25,10,2025-11-20
STORE011,SKU02718,227.4,25,10,2025-11-20
STORE003,SKU02718,412.2,25,10,2025-11-20
STORE013,SKU02718,44.6,25,10,2025-11-20
STORE014,SKU02718,126.6,25,10,2025-11-20
STORE021,SKU02719,34.6,25,10,2025-11-20
STORE011,SKU02719,50.1,25,10,2025-11-20
STORE029,SKU02719,185.3,25,10,2025-11-20
STORE020,SKU02720,170.2,25,10,2025-11-20
STORE029,SKU02720,11.9,25,10,2025-11-20
STORE006,SKU02720,15.6,25,10,2025-11-20
STORE018,SKU02720,36.3,25,10,2025-11-20
STORE012,SKU02721,0.0,109,31,2025-10-15
STORE025,SKU02722,87.9,25,10,2025-11-20
STORE008,SKU02722,244.1,25,10,2025-11-20
STORE012,SKU02722,596.4,25,10,2025-11-20
STORE022,SKU02722,838.7,25,10,2025-11-20
STORE019,SKU02722,271.3,25,10,2025-11-20
STORE011,SKU02722,466.0,25,10,2025-11-20
STORE005,SKU02722,190.6,25,10,2025-11-20
STORE002,SKU02722,59.8,25,10,2025-11-20
STORE028,SKU02722,190.3,25,10,2025-11-20
STORE013,SKU02722,207.2,25,10,2025-11-20
STORE003,SKU02722,347.1,25,10,2025-11-20
STORE023,SKU02722,63.5,25,10,2025-11-20
STORE026,SKU02722,117.5,25,10,2025-11-20
STORE014,SKU02722,115.8,25,10,2025-11-20
STORE016,SKU02722,820.1,25,10,2025-11-20
STORE010,SKU02722,150.2,25,10,2025-11-20
STORE015,SKU02722,360.0,25,10,2025-11-20
STORE001,SKU02722,355.5,25,10,2025-11-20
STORE030,SKU02722,79.0,25,10,2025-11-20
STORE021,SKU02722,217.1,25,10,2025-11-20
STORE013,SKU02723,66.8,25,10,2025-11-20
STORE019,SKU02723,19.2,25,10,2025-11-20
STORE014,SKU02724,204.0,25,10,2025-11-20
STORE030,SKU02724,17.0,25,10,2025-11-20
STORE030,SKU02725,13.0,25,10,2025-11-20
STORE027,SKU02725,375.0,25,10,2025-11-20
STORE018,SKU02726,118.7,25,10,2025-11-20
STORE002,SKU02726,309.3,25,10,2025-11-20
STORE003,SKU02727,37.9,25,10,2025-11-20
STORE018,SKU02727,92.1,25,10,2025-11-20
STORE013,SKU02728,585.6,25,10,2025-11-20
STORE023,SKU02728,621.2,25,10,2025-11-20
STORE015,SKU02728,281.1,25,10,2025-11-20
STORE016,SKU02728,160.9,25,10,2025-11-20
STORE009,SKU02728,910.2,25,10,2025-11-20
STORE002,SKU02728,188.9,25,10,2025-11-20
STORE029,SKU02728,258.4,25,10,2025-11-20
STORE008,SKU02728,197.2,25,10,2025-11-20
STORE027,SKU02728,277.8,25,10,2025-11-20
STORE017,SKU02728,212.3,25,10,2025-11-20
STORE026,SKU02728,16.4,25,10,2025-11-20
STORE005,SKU02728,713.6,25,10,2025-11-20
STORE007,SKU02728,196.2,25,10,2025-11-20
STORE018,SKU02728,296.8,25,10,2025-11-20
STORE010,SKU02728,50.0,25,10,2025-11-20
STORE019,SKU02728,1.1,25,10,2025-11-20
STORE022,SKU02728,93.9,25,10,2025-11-20
STORE012,SKU02728,407.1,25,10,2025-11-20
STORE006,SKU02728,34.9,25,10,2025-11-20
STORE004,SKU02728,799.8,25,10,2025-11-20
STORE001,SKU02728,80.8,25,10,2025-11-20
STORE014,SKU02728,76.4,25,10,2025-11-20
STORE021,SKU02728,66.9,25,10,2025-11-20
STORE011,SKU02728,4.7,25,10,2025-11-20
STORE024,SKU02728,493.3,25,10,2025-11-20
STORE030,SKU02728,694.3,25,10,2025-11-20
STORE025,SKU02728,317.9,25,10,2025-11-20
STORE028,SKU02728,69.6,25,10,2025-11-20
STORE003,SKU02728,112.1,25,10,2025-11-20
STORE020,SKU02728,215.7,25,10,2025-11-20
STORE007,SKU02729,0.0,95,25,2025-10-15
STORE012,SKU02730,0.0,76,46,2025-10-15
STORE003,SKU02731,245.0,25,10,2025-11-20
STORE016,SKU02731,22.6,25,10,2025-11-20
STORE007,SKU02731,104.4,25,10,2025-11-20
STORE013,SKU02732,16.0,26,11,2025-11-20
STORE011,SKU02733,73.0,27,12,2025-11-20
STORE009,SKU02734,116.8,25,10,2025-11-20
STORE005,SKU02734,14.2,25,10,2025-11-20
STORE029,SKU02735,22.0,25,10,2025-11-20
STORE013,SKU02736,43.6,25,10,2025-11-20
STORE006,SKU02736,202.3,25,10,2025-11-20
STORE010,SKU02736,11.1,25,10,2025-11-20
STORE004,SKU02737,5.3,25,10,2025-11-20
STORE015,SKU02737,0.4,25,10,2025-11-20
STORE018,SKU02737,3.7,25,10,2025-11-20
STORE009,SKU02737,2.8,25,10,2025-11-20
STORE006,SKU02737,5.9,25,10,2025-11-20
STORE019,SKU02737,1.1,25,10,2025-11-20
STORE002,SKU02737,2.2,25,10,2025-11-20
STORE021,SKU02737,0.8,25,10,2025-11-20
STORE026,SKU02737,0.3,25,10,2025-11-20
STORE025,SKU02737,1.0,25,10,2025-11-20
STORE005,SKU02737,0.3,25,10,2025-11-20
STORE008,SKU02737,6.9,25,10,2025-11-20
STORE023,SKU02737,0.2,25,10,2025-11-20
STORE010,SKU02737,1.5,25,10,2025-11-20
STORE011,SKU02737,1.7,25,10,2025-11-20
STORE014,SKU02737,1.3,25,10,2025-11-20
STORE024,SKU02737,1.9,25,10,2025-11-20
STORE029,SKU02737,0.2,25,10,2025-11-20
STORE001,SKU02737,1.4,25,10,2025-11-20
STORE024,SKU02738,37.7,48,24,2025-11-20
STORE026,SKU02738,313.3,48,24,2025-11-20
STORE002,SKU02739,92.8,25,10,2025-11-20
STORE019,SKU02739,232.2,25,10,2025-11-20
STORE002,SKU02740,0.0,82,36,2025-10-15
STORE021,SKU02740,0.0,57,27,2025-10-15
STORE014,SKU02740,0.0,61,24,2025-10-15
STORE027,SKU02740,0.0,76,22,2025-10-15
STORE022,SKU02740,0.0,90,32,2025-10-15
STORE030,SKU02740,0.0,107,27,2025-10-15
STORE012,SKU02740,0.0,93,24,2025-10-15
STORE008,SKU02740,0.0,79,49,2025-10-15
STORE001,SKU02740,0.0,102,29,2025-10-15
STORE029,SKU02740,0.0,89,30,2025-10-15
STORE018,SKU02740,0.0,108,30,2025-10-15
STORE020,SKU02740,0.0,114,48,2025-10-15
STORE028,SKU02740,0.0,117,37,2025-10-15
STORE018,SKU02741,20.3,25,10,2025-11-20
STORE015,SKU02741,177.7,25,10,2025-11-20
STORE011,SKU02742,172.3,25,10,2025-11-20
STORE028,SKU02742,8.9,25,10,2025-11-20
STORE019,SKU02742,219.8,25,10,2025-11-20
STORE028,SKU02743,122.0,26,11,2025-11-20
STORE006,SKU02744,56.0,25,10,2025-11-20
STORE003,SKU02745,66.0,63,31,2025-11-20
STORE006,SKU02746,127.8,25,10,2025-11-20
STORE019,SKU02746,69.2,25,10,2025-11-20
STORE024,SKU02747,9.3,25,10,2025-11-20
STORE019,SKU02747,8.6,25,10,2025-11-20
STORE025,SKU02747,11.2,25,10,2025-11-20
STORE014,SKU02747,3.6,25,10,2025-11-20
STORE010,SKU02747,18.6,25,10,2025-11-20
STORE006,SKU02747,8.4,25,10,2025-11-20
STORE013,SKU02747,35.4,25,10,2025-11-20
STORE002,SKU02747,26.1,25,10,2025-11-20
STORE008,SKU02747,17.4,25,10,2025-11-20
STORE022,SKU02747,8.4,25,10,2025-11-20
STORE027,SKU02747,4.4,25,10,2025-11-20
STORE028,SKU02747,27.7,25,10,2025-11-20
STORE001,SKU02747,12.3,25,10,2025-11-20
STORE005,SKU02747,4.7,25,10,2025-11-20
STORE015,SKU02747,4.0,25,10,2025-11-20
STORE029,SKU02747,3.3,25,10,2025-11-20
STORE016,SKU02747,27.8,25,10,2025-11-20
STORE009,SKU02747,4.8,25,10,2025-11-20
STORE006,SKU02748,55.5,25,10,2025-11-20
STORE003,SKU02748,44.5,25,10,2025-11-20
STORE009,SKU02749,0.0,93,34,2025-10-15
STORE029,SKU02750,0.0,94,20,2025-10-15
STORE020,SKU02751,56.1,25,10,2025-11-20
STORE005,SKU02751,135.9,25,10,2025-11-20
STORE001,SKU02752,311.0,25,10,2025-11-20
STORE030,SKU02752,92.2,25,10,2025-11-20
STORE015,SKU02752,2.4,25,10,2025-11-20
STORE004,SKU02752,85.5,25,10,2025-11-20
STORE003,SKU02753,208.5,34,17,2025-11-20
STORE026,SKU02753,182.5,34,17,2025-11-20
STORE012,SKU02754,124.9,25,10,2025-11-20
STORE027,SKU02754,19.8,25,10,2025-11-20
STORE006,SKU02754,123.3,25,10,2025-11-20
STORE008,SKU02755,36.0,25,10,2025-11-20
STORE023,SKU02756,39.3,25,10,2025-11-20
STORE025,SKU02756,11.7,25,10,2025-11-20
STORE018,SKU02756,35.0,25,10,2025-11-20
STORE001,SKU02757,10.4,25,10,2025-11-20
STORE006,SKU02757,111.0,25,10,2025-11-20
STORE007,SKU02757,258.6,25,10,2025-11-20
STORE014,SKU02758,34.2,25,10,2025-11-20
STORE023,SKU02758,210.7,25,10,2025-11-20
STORE006,SKU02758,132.4,25,10,2025-11-20
STORE004,SKU02758,117.7,25,10,2025-11-20
STORE021,SKU02759,93.0,25,10,2025-11-20
STORE026,SKU02760,0.0,115,39,2025-10-15
STORE022,SKU02761,132.7,25,10,2025-11-20
STORE006,SKU02761,183.3,25,10,2025-11-20
STORE003,SKU02762,0.0,94,31,2025-10-15
STORE026,SKU02763,52.5,25,10,2025-11-20
STORE004,SKU02763,98.5,25,10,2025-11-20
STORE017,SKU02764,75.0,33,16,2025-11-20
STORE019,SKU02765,172.0,27,12,2025-11-20
STORE030,SKU02766,152.5,25,10,2025-11-20
STORE016,SKU02766,3.7,25,10,2025-11-20
STORE024,SKU02766,226.8,25,10,2025-11-20
STORE001,SKU02767,56.4,25,10,2025-11-20
STORE022,SKU02767,64.5,25,10,2025-11-20
STORE012,SKU02767,9.2,25,10,2025-11-20
STORE019,SKU02767,130.4,25,10,2025-11-20
STORE004,SKU02767,28.5,25,10,2025-11-20
STORE014,SKU02768,596.8,25,10,2025-11-20
STORE004,SKU02768,294.2,25,10,2025-11-20
STORE025,SKU02768,307.4,25,10,2025-11-20
STORE029,SKU02768,21.3,25,10,2025-11-20
STORE017,SKU02768,59.6,25,10,2025-11-20
STORE030,SKU02768,2.1,25,10,2025-11-20
STORE007,SKU02768,302.0,25,10,2025-11-20
STORE018,SKU02768,101.3,25,10,2025-11-20
STORE012,SKU02768,370.5,25,10,2025-11-20
STORE011,SKU02768,99.3,25,10,2025-11-20
STORE023,SKU02768,410.3,25,10,2025-11-20
STORE020,SKU02768,33.6,25,10,2025-11-20
STORE003,SKU02768,45.7,25,10,2025-11-20
STORE021,SKU02768,100.0,25,10,2025-11-20
STORE015,SKU02768,125.9,25,10,2025-11-20
STORE022,SKU02768,102.8,25,10,2025-11-20
STORE008,SKU02768,345.9,25,10,2025-11-20
STORE019,SKU02768,24.5,25,10,2025-11-20
STORE016,SKU02768,103.8,25,10,2025-11-20
STORE002,SKU02768,435.4,25,10,2025-11-20
STORE024,SKU02768,16.6,25,10,2025-11-20
STORE009,SKU02768,684.2,25,10,2025-11-20
STORE017,SKU02769,173.0,25,10,2025-11-20
STORE002,SKU02770,35.0,25,10,2025-11-20
STORE023,SKU02771,20.0,25,10,2025-11-20
STORE002,SKU02771,27.0,25,10,2025-11-20
STORE025,SKU02771,87.0,25,10,2025-11-20
STORE025,SKU02772,217.0,25,10,2025-11-20
STORE011,SKU02773,44.0,25,10,2025-11-20
STORE030,SKU02773,60.3,25,10,2025-11-20
STORE008,SKU02773,5.3,25,10,2025-11-20
STORE016,SKU02773,76.3,25,10,2025-11-20
STORE018,SKU02774,227.7,25,10,2025-11-20
STORE025,SKU02774,160.3,25,10,2025-11-20
STORE026,SKU02775,91.2,25,10,2025-11-20
STORE023,SKU02775,49.8,25,10,2025-11-20
STORE020,SKU02776,0.4,25,10,2025-11-20
STORE028,SKU02776,1.0,25,10,2025-11-20
STORE007,SKU02776,1.2,25,10,2025-11-20
STORE003,SKU02776,0.1,25,10,2025-11-20
STORE018,SKU02776,5.3,25,10,2025-11-20
STORE013,SKU02776,0.2,25,10,2025-11-20
STORE030,SKU02776,2.0,25,10,2025-11-20
STORE005,SKU02776,1.2,25,10,2025-11-20
STORE017,SKU02776,0.0,25,10,2025-11-20
STORE019,SKU02776,4.4,25,10,2025-11-20
STORE016,SKU02776,3.3,25,10,2025-11-20
STORE006,SKU02776,1.3,25,10,2025-11-20
STORE022,SKU02776,0.4,25,10,2025-11-20
STORE009,SKU02776,0.2,25,10,2025-11-20
STORE011,SKU02777,66.2,25,10,2025-11-20
STORE029,SKU02777,43.2,25,10,2025-11-20
STORE010,SKU02777,103.6,25,10,2025-11-20
STORE028,SKU02778,166.3,25,10,2025-11-20
STORE002,SKU02778,41.9,25,10,2025-11-20
STORE022,SKU02778,108.2,25,10,2025-11-20
STORE004,SKU02778,51.6,25,10,2025-11-20
STORE017,SKU02779,14.0,25,10,2025-11-20
STORE005,SKU02779,41.9,25,10,2025-11-20
STORE006,SKU02779,13.9,25,10,2025-11-20
STORE024,SKU02779,44.2,25,10,2025-11-20
STORE025,SKU02780,92.0,25,10,2025-11-20
STORE016,SKU02780,36.8,25,10,2025-11-20
STORE006,SKU02780,516.0,25,10,2025-11-20
STORE001,SKU02780,236.3,25,10,2025-11-20
STORE002,SKU02780,587.0,25,10,2025-11-20
STORE028,SKU02780,741.5,25,10,2025-11-20
STORE018,SKU02780,14.7,25,10,2025-11-20
STORE007,SKU02780,185.5,25,10,2025-11-20
STORE020,SKU02780,125.4,25,10,2025-11-20
STORE010,SKU02780,262.4,25,10,2025-11-20
STORE024,SKU02780,421.2,25,10,2025-11-20
STORE005,SKU02780,87.9,25,10,2025-11-20
STORE008,SKU02780,217.2,25,10,2025-11-20
STORE019,SKU02780,329.3,25,10,2025-11-20
STORE017,SKU02780,38.5,25,10,2025-11-20
STORE027,SKU02780,449.1,25,10,2025-11-20
STORE029,SKU02780,248.7,25,10,2025-11-20
STORE026,SKU02780,797.2,25,10,2025-11-20
STORE014,SKU02780,110.7,25,10,2025-11-20
STORE012,SKU02780,30.6,25,10,2025-11-20
STORE022,SKU02780,188.5,25,10,2025-11-20
STORE011,SKU02780,23.9,25,10,2025-11-20
STORE004,SKU02780,931.8,25,10,2025-11-20
STORE030,SKU02780,10.5,25,10,2025-11-20
STORE013,SKU02780,373.8,25,10,2025-11-20
STORE009,SKU02780,198.8,25,10,2025-11-20
STORE015,SKU02780,122.7,25,10,2025-11-20
STORE021,SKU02780,18.2,25,10,2025-11-20
STORE023,SKU02780,259.8,25,10,2025-11-20
STORE003,SKU02780,234.9,25,10,2025-11-20
STORE019,SKU02781,3.4,25,10,2025-11-20
STORE020,SKU02781,24.6,25,10,2025-11-20
STORE023,SKU02782,45.9,25,10,2025-11-20
STORE007,SKU02782,75.7,25,10,2025-11-20
STORE001,SKU02782,99.4,25,10,2025-11-20
STORE022,SKU02783,42.0,25,10,2025-11-20
STORE005,SKU02784,0.0,113,43,2025-10-15
STORE024,SKU02785,315.2,25,10,2025-11-20
STORE001,SKU02785,55.0,25,10,2025-11-20
STORE005,SKU02785,9.9,25,10,2025-11-20
STORE002,SKU02786,14.0,52,26,2025-11-20
STORE021,SKU02787,29.7,25,10,2025-11-20
STORE007,SKU02787,23.3,25,10,2025-11-20
STORE002,SKU02788,87.0,25,10,2025-11-20
STORE009,SKU02789,9.6,25,10,2025-11-20
STORE030,SKU02789,56.5,25,10,2025-11-20
STORE023,SKU02789,288.8,25,10,2025-11-20
STORE023,SKU02790,164.0,58,29,2025-11-20
STORE005,SKU02791,82.0,61,30,2025-11-20
STORE008,SKU02792,8.0,25,10,2025-11-20
STORE028,SKU02792,149.3,25,10,2025-11-20
STORE005,SKU02792,37.1,25,10,2025-11-20
STORE023,SKU02792,78.6,25,10,2025-11-20
STORE015,SKU02793,113.3,25,10,2025-11-20
STORE016,SKU02793,46.7,25,10,2025-11-20
STORE012,SKU02794,79.9,25,10,2025-11-20
STORE028,SKU02794,44.9,25,10,2025-11-20
STORE005,SKU02794,122.9,25,10,2025-11-20
STORE023,SKU02794,237.1,25,10,2025-11-20
STORE004,SKU02794,291.7,25,10,2025-11-20
STORE008,SKU02794,512.1,25,10,2025-11-20
STORE030,SKU02794,350.5,25,10,2025-11-20
STORE027,SKU02794,308.0,25,10,2025-11-20
STORE007,SKU02794,174.2,25,10,2025-11-20
STORE002,SKU02794,210.8,25,10,2025-11-20
STORE029,SKU02794,175.7,25,10,2025-11-20
STORE017,SKU02794,606.0,25,10,2025-11-20
STORE003,SKU02794,85.8,25,10,2025-11-20
STORE014,SKU02794,1.9,25,10,2025-11-20
STORE011,SKU02794,345.8,25,10,2025-11-20
STORE015,SKU02794,74.3,25,10,2025-11-20
STORE001,SKU02794,724.9,25,10,2025-11-20
STORE022,SKU02794,643.1,25,10,2025-11-20
STORE020,SKU02794,26.2,25,10,2025-11-20
STORE013,SKU02794,36.9,25,10,2025-11-20
STORE026,SKU02794,224.4,25,10,2025-11-20
STORE001,SKU02795,76.0,25,10,2025-11-20
STORE022,SKU02795,26.0,25,10,2025-11-20
STORE027,SKU02795,102.0,25,10,2025-11-20
STORE002,SKU02796,103.9,25,10,2025-11-20
STORE012,SKU02796,45.1,25,10,2025-11-20
STORE023,SKU02797,162.0,25,10,2025-11-20
STORE026,SKU02798,117.3,25,10,2025-11-20
STORE020,SKU02798,20.4,25,10,2025-11-20
STORE008,SKU02798,152.1,25,10,2025-11-20
STORE030,SKU02798,46.1,25,10,2025-11-20
STORE027,SKU02799,53.1,25,10,2025-11-20
STORE015,SKU02799,127.3,25,10,2025-11-20
STORE012,SKU02799,122.9,25,10,2025-11-20
STORE013,SKU02799,28.7,25,10,2025-11-20
STORE029,SKU02800,34.2,25,10,2025-11-20
STORE019,SKU02800,217.8,25,10,2025-11-20
STORE004,SKU02800,82.8,25,10,2025-11-20
STORE020,SKU02800,31.1,25,10,2025-11-20
STORE018,SKU02801,232.5,25,10,2025-11-20
STORE008,SKU02801,21.9,25,10,2025-11-20
STORE005,SKU02801,2.6,25,10,2025-11-20
STORE025,SKU02801,2.0,25,10,2025-11-20
STORE003,SKU02802,107.0,28,13,2025-11-20
STORE022,SKU02802,119.0,28,13,2025-11-20
STORE001,SKU02803,72.8,25,10,2025-11-20
STORE021,SKU02803,75.4,25,10,2025-11-20
STORE006,SKU02803,81.1,25,10,2025-11-20
STORE020,SKU02803,222.8,25,10,2025-11-20
STORE003,SKU02804,1.3,25,10,2025-11-20
STORE014,SKU02804,57.1,25,10,2025-11-20
STORE022,SKU02804,5.4,25,10,2025-11-20
STORE029,SKU02804,173.2,25,10,2025-11-20
STORE027,SKU02805,13.3,25,10,2025-11-20
STORE022,SKU02805,104.7,25,10,2025-11-20
STORE024,SKU02805,17.9,25,10,2025-11-20
STORE003,SKU02806,9.3,25,10,2025-11-20
STORE016,SKU02806,228.7,25,10,2025-11-20
STORE010,SKU02807,198.8,25,10,2025-11-20
STORE013,SKU02807,52.5,25,10,2025-11-20
STORE028,SKU02807,123.1,25,10,2025-11-20
STORE020,SKU02807,82.7,25,10,2025-11-20
STORE002,SKU02808,198.8,25,10,2025-11-20
STORE028,SKU02808,39.2,25,10,2025-11-20
STORE006,SKU02808,76.9,25,10,2025-11-20
STORE019,SKU02809,50.6,25,10,2025-11-20
STORE024,SKU02809,33.3,25,10,2025-11-20
STORE017,SKU02809,169.1,25,10,2025-11-20
STORE007,SKU02810,54.0,25,10,2025-11-20
STORE004,SKU02811,28.3,25,10,2025-11-20
STORE026,SKU02811,150.5,25,10,2025-11-20
STORE001,SKU02811,187.5,25,10,2025-11-20
STORE009,SKU02811,37.9,25,10,2025-11-20
STORE008,SKU02811,86.7,25,10,2025-11-20
STORE027,SKU02812,207.9,25,10,2025-11-20
STORE024,SKU02812,20.1,25,10,2025-11-20
STORE018,SKU02812,78.3,25,10,2025-11-20
STORE009,SKU02812,95.7,25,10,2025-11-20
STORE003,SKU02813,89.8,25,10,2025-11-20
STORE020,SKU02813,418.9,25,10,2025-11-20
STORE013,SKU02813,201.6,25,10,2025-11-20
STORE006,SKU02813,92.5,25,10,2025-11-20
STORE005,SKU02813,127.3,25,10,2025-11-20
STORE019,SKU02814,0.0,64,22,2025-10-15
STORE004,SKU02815,102.9,25,10,2025-11-20
STORE014,SKU02815,78.2,25,10,2025-11-20
STORE016,SKU02815,183.9,25,10,2025-11-20
STORE001,SKU02816,125.0,25,10,2025-11-20
STORE017,SKU02816,100.9,25,10,2025-11-20
STORE002,SKU02816,68.1,25,10,2025-11-20
STORE012,SKU02817,4.1,25,10,2025-11-20
STORE013,SKU02817,4.7,25,10,2025-11-20
STORE018,SKU02817,217.2,25,10,2025-11-20
STORE029,SKU02818,58.0,25,10,2025-11-20
STORE012,SKU02819,46.2,31,15,2025-11-20
STORE027,SKU02819,40.8,31,15,2025-11-20
STORE014,SKU02820,41.2,25,10,2025-11-20
STORE027,SKU02820,14.3,25,10,2025-11-20
STORE030,SKU02820,44.5,25,10,2025-11-20
STORE013,SKU02821,31.5,47,23,2025-11-20
STORE015,SKU02821,184.5,47,23,2025-11-20
STORE025,SKU02822,261.7,25,10,2025-11-20
STORE029,SKU02822,64.9,25,10,2025-11-20
STORE002,SKU02822,181.1,25,10,2025-11-20
STORE013,SKU02822,166.1,25,10,2025-11-20
STORE008,SKU02822,32.4,25,10,2025-11-20
STORE023,SKU02822,195.2,25,10,2025-11-20
STORE027,SKU02822,82.5,25,10,2025-11-20
STORE005,SKU02822,11.7,25,10,2025-11-20
STORE003,SKU02822,647.7,25,10,2025-11-20
STORE019,SKU02822,223.8,25,10,2025-11-20
STORE017,SKU02822,457.0,25,10,2025-11-20
STORE024,SKU02822,245.9,25,10,2025-11-20
STORE012,SKU02822,96.3,25,10,2025-11-20
STORE018,SKU02822,156.8,25,10,2025-11-20
STORE028,SKU02822,245.7,25,10,2025-11-20
STORE030,SKU02822,703.5,25,10,2025-11-20
STORE010,SKU02822,63.8,25,10,2025-11-20
STORE015,SKU02822,453.6,25,10,2025-11-20
STORE021,SKU02822,562.4,25,10,2025-11-20
STORE020,SKU02822,242.1,25,10,2025-11-20
STORE001,SKU02822,584.1,25,10,2025-11-20
STORE026,SKU02822,110.7,25,10,2025-11-20
STORE007,SKU02822,667.1,25,10,2025-11-20
STORE004,SKU02822,264.7,25,10,2025-11-20
STORE016,SKU02822,9.4,25,10,2025-11-20
STORE022,SKU02822,517.8,25,10,2025-11-20
STORE006,SKU02822,144.5,25,10,2025-11-20
STORE011,SKU02822,134.5,25,10,2025-11-20
STORE014,SKU02822,182.3,25,10,2025-11-20
STORE019,SKU02823,8.0,25,10,2025-11-20
STORE014,SKU02824,47.0,25,10,2025-11-20
STORE012,SKU02824,132.0,25,10,2025-11-20
STORE001,SKU02825,10.7,25,10,2025-11-20
STORE010,SKU02825,219.6,25,10,2025-11-20
STORE021,SKU02825,1.7,25,10,2025-11-20
STORE020,SKU02826,5.8,25,10,2025-11-20
STORE013,SKU02826,14.1,25,10,2025-11-20
STORE006,SKU02826,17.4,25,10,2025-11-20
STORE015,SKU02826,31.4,25,10,2025-11-20
STORE007,SKU02826,10.2,25,10,2025-11-20
STORE005,SKU02826,3.2,25,10,2025-11-20
STORE028,SKU02826,27.9,25,10,2025-11-20
STORE029,SKU02826,16.2,25,10,2025-11-20
STORE025,SKU02826,9.3,25,10,2025-11-20
STORE014,SKU02826,12.9,25,10,2025-11-20
STORE004,SKU02826,28.0,25,10,2025-11-20
STORE003,SKU02826,13.5,25,10,2025-11-20
STORE010,SKU02826,5.0,25,10,2025-11-20
STORE022,SKU02826,13.5,25,10,2025-11-20
STORE009,SKU02826,0.4,25,10,2025-11-20
STORE030,SKU02826,5.3,25,10,2025-11-20
STORE026,SKU02827,74.1,29,14,2025-11-20
STORE014,SKU02827,25.9,29,14,2025-11-20
STORE022,SKU02828,11.1,25,10,2025-11-20
STORE005,SKU02828,68.3,25,10,2025-11-20
STORE030,SKU02828,507.5,25,10,2025-11-20
STORE027,SKU02829,15.0,25,10,2025-11-20
STORE024,SKU02830,147.8,28,13,2025-11-20
STORE011,SKU02830,14.2,28,13,2025-11-20
STORE021,SKU02831,52.6,25,10,2025-11-20
STORE018,SKU02831,159.1,25,10,2025-11-20
STORE023,SKU02831,10.5,25,10,2025-11-20
STORE011,SKU02831,72.7,25,10,2025-11-20
STORE009,SKU02832,142.2,25,10,2025-11-20
STORE022,SKU02832,9.4,25,10,2025-11-20
STORE005,SKU02832,199.7,25,10,2025-11-20
STORE004,SKU02832,169.6,25,10,2025-11-20
STORE022,SKU02833,0.3,25,10,2025-11-20
STORE017,SKU02833,0.9,25,10,2025-11-20
STORE028,SKU02833,0.5,25,10,2025-11-20
STORE029,SKU02833,3.9,25,10,2025-11-20
STORE021,SKU02833,6.8,25,10,2025-11-20
STORE002,SKU02833,7.2,25,10,2025-11-20
STORE018,SKU02833,3.0,25,10,2025-11-20
STORE016,SKU02833,23.0,25,10,2025-11-20
STORE020,SKU02833,4.4,25,10,2025-11-20
STORE030,SKU02833,0.4,25,10,2025-11-20
STORE004,SKU02833,3.4,25,10,2025-11-20
STORE014,SKU02833,7.2,25,10,2025-11-20
STORE005,SKU02833,5.0,25,10,2025-11-20
STORE008,SKU02833,3.0,25,10,2025-11-20
STORE010,SKU02833,1.3,25,10,2025-11-20
STORE015,SKU02833,16.2,25,10,2025-11-20
STORE019,SKU02833,52.7,25,10,2025-11-20
STORE012,SKU02833,3.8,25,10,2025-11-20
STORE003,SKU02834,100.0,25,10,2025-11-20
STORE022,SKU02835,72.9,25,10,2025-11-20
STORE020,SKU02835,96.1,25,10,2025-11-20
STORE019,SKU02836,50.0,25,10,2025-11-20
STORE022,SKU02836,236.5,25,10,2025-11-20
STORE013,SKU02836,82.5,25,10,2025-11-20
STORE009,SKU02837,33.2,28,13,2025-11-20
STORE008,SKU02837,57.8,28,13,2025-11-20
STORE007,SKU02838,363.0,25,10,2025-11-20
STORE018,SKU02838,188.1,25,10,2025-11-20
STORE011,SKU02838,4.9,25,10,2025-11-20
STORE026,SKU02838,48.0,25,10,2025-11-20
STORE008,SKU02839,53.0,25,10,2025-11-20
STORE029,SKU02840,7.5,25,10,2025-11-20
STORE005,SKU02840,23.9,25,10,2025-11-20
STORE024,SKU02840,34.7,25,10,2025-11-20
STORE010,SKU02840,26.1,25,10,2025-11-20
STORE015,SKU02840,90.1,25,10,2025-11-20
STORE006,SKU02840,6.3,25,10,2025-11-20
STORE012,SKU02840,41.2,25,10,2025-11-20
STORE022,SKU02840,28.9,25,10,2025-11-20
STORE002,SKU02840,8.9,25,10,2025-11-20
STORE028,SKU02840,26.3,25,10,2025-11-20
STORE018,SKU02840,2.2,25,10,2025-11-20
STORE008,SKU02841,245.0,25,10,2025-11-20
STORE009,SKU02841,119.6,25,10,2025-11-20
STORE007,SKU02841,54.4,25,10,2025-11-20
STORE027,SKU02842,289.8,25,10,2025-11-20
STORE002,SKU02842,278.8,25,10,2025-11-20
STORE026,SKU02842,63.9,25,10,2025-11-20
STORE023,SKU02842,8.4,25,10,2025-11-20
STORE008,SKU02842,154.5,25,10,2025-11-20
STORE003,SKU02842,229.0,25,10,2025-11-20
STORE025,SKU02842,568.5,25,10,2025-11-20
STORE030,SKU02842,715.7,25,10,2025-11-20
STORE012,SKU02842,204.5,25,10,2025-11-20
STORE017,SKU02842,380.8,25,10,2025-11-20
STORE016,SKU02842,157.2,25,10,2025-11-20
STORE013,SKU02842,372.5,25,10,2025-11-20
STORE001,SKU02842,62.3,25,10,2025-11-20
STORE022,SKU02842,126.0,25,10,2025-11-20
STORE009,SKU02842,273.3,25,10,2025-11-20
STORE006,SKU02842,5.0,25,10,2025-11-20
STORE014,SKU02842,348.3,25,10,2025-11-20
STORE028,SKU02842,490.5,25,10,2025-11-20
STORE021,SKU02842,138.4,25,10,2025-11-20
STORE007,SKU02842,161.4,25,10,2025-11-20
STORE010,SKU02842,517.8,25,10,2025-11-20
STORE005,SKU02842,406.1,25,10,2025-11-20
STORE019,SKU02842,92.4,25,10,2025-11-20
STORE024,SKU02842,106.4,25,10,2025-11-20
STORE004,SKU02842,308.7,25,10,2025-11-20
STORE013,SKU02843,44.0,39,19,2025-11-20
STORE019,SKU02844,34.9,25,10,2025-11-20
STORE023,SKU02844,73.1,25,10,2025-11-20
STORE029,SKU02845,172.6,25,10,2025-11-20
STORE024,SKU02845,87.4,25,10,2025-11-20
STORE026,SKU02846,265.0,25,10,2025-11-20
STORE009,SKU02847,64.0,25,10,2025-11-20
STORE024,SKU02848,366.6,51,25,2025-11-20
STORE025,SKU02848,31.4,51,25,2025-11-20
STORE029,SKU02849,168.0,85,42,2025-11-20
STORE030,SKU02850,0.8,25,10,2025-11-20
STORE021,SKU02850,45.2,25,10,2025-11-20
STORE011,SKU02851,151.3,25,10,2025-11-20
STORE007,SKU02851,101.7,25,10,2025-11-20
STORE012,SKU02852,0.0,95,50,2025-10-15
STORE014,SKU02853,18.3,25,10,2025-11-20
STORE012,SKU02853,17.7,25,10,2025-11-20
STORE019,SKU02854,0.0,82,35,2025-10-15
STORE013,SKU02855,1.5,25,10,2025-11-20
STORE030,SKU02855,61.8,25,10,2025-11-20
STORE024,SKU02855,30.1,25,10,2025-11-20
STORE020,SKU02855,35.3,25,10,2025-11-20
STORE025,SKU02855,117.3,25,10,2025-11-20
STORE017,SKU02856,36.4,25,10,2025-11-20
STORE013,SKU02856,281.2,25,10,2025-11-20
STORE026,SKU02856,19.4,25,10,2025-11-20
STORE003,SKU02856,106.6,25,10,2025-11-20
STORE014,SKU02856,109.4,25,10,2025-11-20
STORE007,SKU02857,31.1,25,10,2025-11-20
STORE029,SKU02857,42.0,25,10,2025-11-20
STORE009,SKU02857,192.5,25,10,2025-11-20
STORE005,SKU02857,153.4,25,10,2025-11-20
STORE003,SKU02858,6.0,52,26,2025-11-20
STORE006,SKU02858,11.6,52,26,2025-11-20
STORE011,SKU02858,1.0,52,26,2025-11-20
STORE010,SKU02858,3.5,52,26,2025-11-20
STORE012,SKU02858,10.1,52,26,2025-11-20
STORE001,SKU02858,1.4,52,26,2025-11-20
STORE018,SKU02858,28.1,52,26,2025-11-20
STORE023,SKU02858,19.2,52,26,2025-11-20
STORE025,SKU02858,43.5,52,26,2025-11-20
STORE019,SKU02858,17.9,52,26,2025-11-20
STORE028,SKU02858,42.7,52,26,2025-11-20
STORE027,SKU02858,12.2,52,26,2025-11-20
STORE017,SKU02858,13.9,52,26,2025-11-20
STORE003,SKU02859,132.0,25,10,2025-11-20
STORE027,SKU02859,36.0,25,10,2025-11-20
STORE011,SKU02860,3.4,25,10,2025-11-20
STORE006,SKU02860,141.7,25,10,2025-11-20
STORE025,SKU02860,259.8,25,10,2025-11-20
STORE013,SKU02861,250.0,25,10,2025-11-20
STORE020,SKU02861,138.0,25,10,2025-11-20
STORE005,SKU02862,0.0,110,30,2025-10-15
STORE012,SKU02863,32.1,25,10,2025-11-20
STORE019,SKU02863,133.4,25,10,2025-11-20
STORE013,SKU02863,2.7,25,10,2025-11-20
STORE010,SKU02863,31.7,25,10,2025-11-20
STORE028,SKU02864,22.0,25,10,2025-11-20
STORE015,SKU02865,52.0,25,10,2025-11-20
STORE006,SKU02866,45.0,32,16,2025-11-20
STORE004,SKU02867,125.9,25,10,2025-11-20
STORE028,SKU02867,175.1,25,10,2025-11-20
STORE030,SKU02868,141.0,25,10,2025-11-20
STORE008,SKU02869,15.4,25,10,2025-11-20
STORE001,SKU02869,34.6,25,10,2025-11-20
STORE015,SKU02870,1.0,74,37,2025-11-20
STORE028,SKU02871,123.5,25,10,2025-11-20
STORE009,SKU02871,208.8,25,10,2025-11-20
STORE005,SKU02871,883.2,25,10,2025-11-20
STORE008,SKU02871,80.3,25,10,2025-11-20
STORE012,SKU02871,153.9,25,10,2025-11-20
STORE025,SKU02871,290.8,25,10,2025-11-20
STORE023,SKU02871,439.0,25,10,2025-11-20
STORE019,SKU02871,723.1,25,10,2025-11-20
STORE004,SKU02871,770.3,25,10,2025-11-20
STORE029,SKU02871,467.4,25,10,2025-11-20
STORE006,SKU02871,80.8,25,10,2025-11-20
STORE013,SKU02871,7.8,25,10,2025-11-20
STORE022,SKU02871,151.0,25,10,2025-11-20
STORE010,SKU02871,47.6,25,10,2025-11-20
STORE002,SKU02871,386.4,25,10,2025-11-20
STORE011,SKU02871,337.4,25,10,2025-11-20
STORE030,SKU02871,14.0,25,10,2025-11-20
STORE015,SKU02871,564.8,25,10,2025-11-20
STORE021,SKU02871,89.2,25,10,2025-11-20
STORE017,SKU02871,176.5,25,10,2025-11-20
STORE018,SKU02871,343.7,25,10,2025-11-20
STORE024,SKU02871,174.9,25,10,2025-11-20
STORE003,SKU02871,181.5,25,10,2025-11-20
STORE026,SKU02871,21.2,25,10,2025-11-20
STORE001,SKU02871,160.0,25,10,2025-11-20
STORE027,SKU02871,451.3,25,10,2025-11-20
STORE014,SKU02871,769.2,25,10,2025-11-20
STORE016,SKU02871,166.4,25,10,2025-11-20
STORE007,SKU02872,14.4,25,10,2025-11-20
STORE023,SKU02872,31.7,25,10,2025-11-20
STORE026,SKU02872,74.9,25,10,2025-11-20
STORE002,SKU02873,21.0,25,10,2025-11-20
STORE015,SKU02874,19.0,25,10,2025-11-20
STORE019,SKU02874,52.1,25,10,2025-11-20
STORE014,SKU02874,30.9,25,10,2025-11-20
STORE008,SKU02875,68.0,25,10,2025-11-20
STORE022,SKU02876,262.2,25,10,2025-11-20
STORE025,SKU02876,54.8,25,10,2025-11-20
STORE015,SKU02877,60.5,25,10,2025-11-20
STORE008,SKU02877,63.8,25,10,2025-11-20
STORE004,SKU02877,177.1,25,10,2025-11-20
STORE030,SKU02877,52.6,25,10,2025-11-20
STORE022,SKU02878,169.9,25,10,2025-11-20
STORE029,SKU02878,136.1,25,10,2025-11-20
STORE001,SKU02879,142.0,25,10,2025-11-20
STORE001,SKU02880,15.6,25,10,2025-11-20
STORE018,SKU02880,46.2,25,10,2025-11-20
STORE021,SKU02880,17.2,25,10,2025-11-20
STORE022,SKU02881,183.0,27,12,2025-11-20
STORE024,SKU02882,70.8,25,10,2025-11-20
STORE004,SKU02882,47.6,25,10,2025-11-20
STORE016,SKU02882,49.3,25,10,2025-11-20
STORE017,SKU02882,210.4,25,10,2025-11-20
STORE027,SKU02883,34.4,26,11,2025-11-20
STORE012,SKU02883,53.9,26,11,2025-11-20
STORE030,SKU02883,96.8,26,11,2025-11-20
STORE006,SKU02884,108.2,25,10,2025-11-20
STORE005,SKU02884,18.6,25,10,2025-11-20
STORE030,SKU02884,142.1,25,10,2025-11-20
STORE004,SKU02884,1.2,25,10,2025-11-20
STORE003,SKU02885,117.0,28,13,2025-11-20
STORE012,SKU02886,57.8,25,10,2025-11-20
STORE024,SKU02886,8.2,25,10,2025-11-20
STORE018,SKU02887,67.0,25,10,2025-11-20
STORE015,SKU02888,35.1,25,10,2025-11-20
STORE003,SKU02888,92.2,25,10,2025-11-20
STORE030,SKU02888,56.1,25,10,2025-11-20
STORE018,SKU02888,126.3,25,10,2025-11-20
STORE009,SKU02888,219.3,25,10,2025-11-20
STORE011,SKU02889,64.0,25,10,2025-11-20
STORE006,SKU02890,26.6,25,10,2025-11-20
STORE007,SKU02890,313.7,25,10,2025-11-20
STORE012,SKU02890,35.7,25,10,2025-11-20
STORE027,SKU02891,145.0,76,38,2025-11-20
STORE022,SKU02892,0.0,90,50,2025-10-15
STORE009,SKU02892,0.0,118,47,2025-10-15
STORE024,SKU02892,0.0,122,49,2025-10-15
STORE006,SKU02892,0.0,94,20,2025-10-15
STORE014,SKU02892,0.0,92,36,2025-10-15
STORE017,SKU02892,0.0,96,45,2025-10-15
STORE015,SKU02892,0.0,125,48,2025-10-15
STORE029,SKU02892,0.0,85,46,2025-10-15
STORE023,SKU02892,0.0,85,27,2025-10-15
STORE021,SKU02892,0.0,92,34,2025-10-15
STORE016,SKU02892,0.0,90,24,2025-10-15
STORE002,SKU02892,0.0,88,33,2025-10-15
STORE004,SKU02892,0.0,91,41,2025-10-15
STORE020,SKU02892,0.0,75,33,2025-10-15
STORE007,SKU02892,0.0,85,26,2025-10-15
STORE011,SKU02892,0.0,57,20,2025-10-15
STORE009,SKU02893,7.9,25,10,2025-11-20
STORE030,SKU02893,69.1,25,10,2025-11-20
STORE002,SKU02894,83.6,25,10,2025-11-20
STORE021,SKU02894,103.4,25,10,2025-11-20
STORE027,SKU02895,7.0,25,10,2025-11-20
STORE002,SKU02896,45.8,25,10,2025-11-20
STORE030,SKU02896,128.2,25,10,2025-11-20
STORE025,SKU02897,0.0,114,40,2025-10-15
STORE012,SKU02898,4.8,25,10,2025-11-20
STORE027,SKU02898,4.0,25,10,2025-11-20
STORE005,SKU02898,0.9,25,10,2025-11-20
STORE029,SKU02898,0.8,25,10,2025-11-20
STORE015,SKU02898,9.5,25,10,2025-11-20
STORE018,SKU02898,0.0,25,10,2025-11-20
STORE003,SKU02898,6.0,25,10,2025-11-20
STORE001,SKU02898,0.6,25,10,2025-11-20
STORE030,SKU02898,8.3,25,10,2025-11-20
STORE011,SKU02898,1.2,25,10,2025-11-20
STORE017,SKU02898,1.6,25,10,2025-11-20
STORE002,SKU02898,3.5,25,10,2025-11-20
STORE019,SKU02898,2.5,25,10,2025-11-20
STORE023,SKU02898,1.1,25,10,2025-11-20
STORE028,SKU02898,2.3,25,10,2025-11-20
STORE008,SKU02898,3.7,25,10,2025-11-20
STORE014,SKU02898,0.1,25,10,2025-11-20
STORE021,SKU02898,0.0,25,10,2025-11-20
STORE006,SKU02899,0.0,81,43,2025-10-15
STORE003,SKU02900,93.0,25,10,2025-11-20
STORE010,SKU02901,15.9,25,10,2025-11-20
STORE006,SKU02901,123.1,25,10,2025-11-20
STORE011,SKU02902,227.0,33,16,2025-11-20
STORE015,SKU02903,0.0,83,41,2025-10-15
STORE004,SKU02904,59.0,46,23,2025-11-20
STORE014,SKU02905,54.5,25,10,2025-11-20
STORE001,SKU02905,196.9,25,10,2025-11-20
STORE020,SKU02905,30.5,25,10,2025-11-20
STORE010,SKU02906,110.0,25,10,2025-11-20
STORE008,SKU02906,247.0,25,10,2025-11-20
STORE019,SKU02907,649.9,25,10,2025-11-20
STORE023,SKU02907,32.3,25,10,2025-11-20
STORE026,SKU02907,259.7,25,10,2025-11-20
STORE004,SKU02907,14.8,25,10,2025-11-20
STORE025,SKU02907,24.1,25,10,2025-11-20
STORE007,SKU02907,149.8,25,10,2025-11-20
STORE013,SKU02907,131.7,25,10,2025-11-20
STORE017,SKU02907,637.9,25,10,2025-11-20
STORE021,SKU02907,610.4,25,10,2025-11-20
STORE003,SKU02907,318.6,25,10,2025-11-20
STORE016,SKU02907,194.2,25,10,2025-11-20
STORE006,SKU02907,127.9,25,10,2025-11-20
STORE002,SKU02907,92.8,25,10,2025-11-20
STORE028,SKU02907,619.2,25,10,2025-11-20
STORE027,SKU02907,194.6,25,10,2025-11-20
STORE020,SKU02907,182.3,25,10,2025-11-20
STORE029,SKU02907,55.6,25,10,2025-11-20
STORE010,SKU02907,10.1,25,10,2025-11-20
STORE030,SKU02907,611.8,25,10,2025-11-20
STORE012,SKU02907,79.3,25,10,2025-11-20
STORE022,SKU02907,123.1,25,10,2025-11-20
STORE009,SKU02907,25.7,25,10,2025-11-20
STORE014,SKU02907,382.1,25,10,2025-11-20
STORE006,SKU02908,1.3,25,10,2025-11-20
STORE030,SKU02908,83.7,25,10,2025-11-20
STORE024,SKU02909,6.4,25,10,2025-11-20
STORE001,SKU02909,92.2,25,10,2025-11-20
STORE020,SKU02909,55.4,25,10,2025-11-20
STORE021,SKU02910,35.1,25,10,2025-11-20
STORE006,SKU02910,162.9,25,10,2025-11-20
STORE019,SKU02911,43.3,25,10,2025-11-20
STORE024,SKU02911,22.7,25,10,2025-11-20
STORE021,SKU02911,226.4,25,10,2025-11-20
STORE028,SKU02911,59.7,25,10,2025-11-20
STORE016,SKU02912,164.7,35,17,2025-11-20
STORE026,SKU02912,60.3,35,17,2025-11-20
STORE008,SKU02913,6.0,25,10,2025-11-20
STORE012,SKU02914,0.0,100,24,2025-10-15
STORE012,SKU02915,405.5,25,10,2025-11-20
STORE020,SKU02915,89.1,25,10,2025-11-20
STORE030,SKU02915,598.3,25,10,2025-11-20
STORE027,SKU02915,577.7,25,10,2025-11-20
STORE022,SKU02915,30.9,25,10,2025-11-20
STORE026,SKU02915,38.6,25,10,2025-11-20
STORE007,SKU02915,392.2,25,10,2025-11-20
STORE008,SKU02915,98.5,25,10,2025-11-20
STORE005,SKU02915,0.9,25,10,2025-11-20
STORE006,SKU02915,63.2,25,10,2025-11-20
STORE025,SKU02915,179.8,25,10,2025-11-20
STORE015,SKU02915,317.2,25,10,2025-11-20
STORE023,SKU02915,28.3,25,10,2025-11-20
STORE024,SKU02915,23.1,25,10,2025-11-20
STORE021,SKU02915,504.2,25,10,2025-11-20
STORE001,SKU02915,274.8,25,10,2025-11-20
STORE029,SKU02915,176.0,25,10,2025-11-20
STORE016,SKU02915,289.6,25,10,2025-11-20
STORE018,SKU02915,110.7,25,10,2025-11-20
STORE004,SKU02915,280.7,25,10,2025-11-20
STORE013,SKU02915,91.8,25,10,2025-11-20
STORE011,SKU02915,55.3,25,10,2025-11-20
STORE003,SKU02915,257.9,25,10,2025-11-20
STORE002,SKU02915,107.5,25,10,2025-11-20
STORE009,SKU02915,786.9,25,10,2025-11-20
STORE014,SKU02916,23.5,25,10,2025-11-20
STORE003,SKU02916,139.5,25,10,2025-11-20
STORE017,SKU02917,113.4,25,10,2025-11-20
STORE012,SKU02917,11.6,25,10,2025-11-20
STORE002,SKU02918,130.7,25,10,2025-11-20
STORE016,SKU02918,46.3,25,10,2025-11-20
STORE013,SKU02918,203.8,25,10,2025-11-20
STORE003,SKU02918,48.8,25,10,2025-11-20
STORE030,SKU02918,111.4,25,10,2025-11-20
STORE002,SKU02919,131.8,25,10,2025-11-20
STORE018,SKU02919,54.2,25,10,2025-11-20
STORE015,SKU02920,40.9,28,13,2025-11-20
STORE002,SKU02920,102.1,28,13,2025-11-20
STORE017,SKU02921,92.0,25,10,2025-11-20
STORE006,SKU02921,60.7,25,10,2025-11-20
STORE013,SKU02921,76.2,25,10,2025-11-20
STORE020,SKU02922,35.9,25,10,2025-11-20
STORE016,SKU02922,71.1,25,10,2025-11-20
STORE026,SKU02922,4.9,25,10,2025-11-20
STORE004,SKU02923,17.0,25,10,2025-11-20
STORE025,SKU02923,45.8,25,10,2025-11-20
STORE017,SKU02923,5.2,25,10,2025-11-20
STORE026,SKU02923,0.1,25,10,2025-11-20
STORE006,SKU02923,1.9,25,10,2025-11-20
STORE007,SKU02923,10.5,25,10,2025-11-20
STORE013,SKU02923,9.4,25,10,2025-11-20
STORE002,SKU02923,15.5,25,10,2025-11-20
STORE030,SKU02923,2.9,25,10,2025-11-20
STORE001,SKU02923,14.4,25,10,2025-11-20
STORE016,SKU02923,11.6,25,10,2025-11-20
STORE022,SKU02923,3.9,25,10,2025-11-20
STORE005,SKU02923,7.9,25,10,2025-11-20
STORE013,SKU02924,12.7,25,10,2025-11-20
STORE004,SKU02924,48.0,25,10,2025-11-20
STORE012,SKU02924,169.7,25,10,2025-11-20
STORE021,SKU02924,43.6,25,10,2025-11-20
STORE028,SKU02925,230.6,25,10,2025-11-20
STORE027,SKU02925,112.4,25,10,2025-11-20
STORE018,SKU02926,17.1,25,10,2025-11-20
STORE008,SKU02926,69.9,25,10,2025-11-20
STORE029,SKU02927,175.0,25,10,2025-11-20
STORE018,SKU02927,126.2,25,10,2025-11-20
STORE022,SKU02927,31.6,25,10,2025-11-20
STORE030,SKU02927,133.8,25,10,2025-11-20
STORE021,SKU02927,18.7,25,10,2025-11-20
STORE006,SKU02927,25.8,25,10,2025-11-20
STORE023,SKU02927,133.4,25,10,2025-11-20
STORE003,SKU02927,90.4,25,10,2025-11-20
STORE028,SKU02928,0.0,107,35,2025-10-15
STORE026,SKU02929,186.2,25,10,2025-11-20
STORE027,SKU02929,33.8,25,10,2025-11-20
STORE021,SKU02929,101.6,25,10,2025-11-20
STORE014,SKU02929,54.2,25,10,2025-11-20
STORE030,SKU02929,87.3,25,10,2025-11-20
STORE023,SKU02930,0.0,90,44,2025-10-15
STORE025,SKU02930,0.0,63,24,2025-10-15
STORE009,SKU02930,0.0,69,26,2025-10-15
STORE018,SKU02930,0.0,81,42,2025-10-15
STORE028,SKU02930,0.0,64,24,2025-10-15
STORE029,SKU02930,0.0,124,49,2025-10-15
STORE013,SKU02930,0.0,67,36,2025-10-15
STORE016,SKU02930,0.0,76,40,2025-10-15
STORE007,SKU02930,0.0,112,44,2025-10-15
STORE011,SKU02930,0.0,75,29,2025-10-15
STORE015,SKU02930,0.0,76,24,2025-10-15
STORE018,SKU02931,19.2,25,10,2025-11-20
STORE022,SKU02931,181.6,25,10,2025-11-20
STORE028,SKU02931,48.2,25,10,2025-11-20
STORE024,SKU02932,147.4,25,10,2025-11-20
STORE019,SKU02932,37.6,25,10,2025-11-20
STORE005,SKU02933,17.0,27,12,2025-11-20
STORE023,SKU02934,168.8,25,10,2025-11-20
STORE027,SKU02934,1.2,25,10,2025-11-20
STORE022,SKU02935,35.6,25,10,2025-11-20
STORE021,SKU02935,11.8,25,10,2025-11-20
STORE028,SKU02935,54.4,25,10,2025-11-20
STORE006,SKU02935,214.2,25,10,2025-11-20
STORE006,SKU02936,51.3,25,10,2025-11-20
STORE024,SKU02936,139.7,25,10,2025-11-20
STORE012,SKU02937,81.2,25,10,2025-11-20
STORE013,SKU02937,78.5,25,10,2025-11-20
STORE002,SKU02937,305.3,25,10,2025-11-20
STORE013,SKU02938,668.2,25,10,2025-11-20
STORE006,SKU02938,466.5,25,10,2025-11-20
STORE027,SKU02938,106.4,25,10,2025-11-20
STORE020,SKU02938,238.4,25,10,2025-11-20
STORE011,SKU02938,76.7,25,10,2025-11-20
STORE007,SKU02938,177.7,25,10,2025-11-20
STORE012,SKU02938,200.4,25,10,2025-11-20
STORE021,SKU02938,539.4,25,10,2025-11-20
STORE002,SKU02938,685.3,25,10,2025-11-20
STORE030,SKU02938,162.1,25,10,2025-11-20
STORE008,SKU02938,5.4,25,10,2025-11-20
STORE016,SKU02938,599.1,25,10,2025-11-20
STORE028,SKU02938,58.0,25,10,2025-11-20
STORE003,SKU02938,294.4,25,10,2025-11-20
STORE004,SKU02938,7.7,25,10,2025-11-20
STORE009,SKU02938,154.4,25,10,2025-11-20
STORE001,SKU02938,1291.5,25,10,2025-11-20
STORE005,SKU02938,32.1,25,10,2025-11-20
STORE025,SKU02938,166.9,25,10,2025-11-20
STORE026,SKU02938,111.1,25,10,2025-11-20
STORE018,SKU02938,712.9,25,10,2025-11-20
STORE023,SKU02938,616.2,25,10,2025-11-20
STORE022,SKU02938,82.2,25,10,2025-11-20
STORE024,SKU02938,25.6,25,10,2025-11-20
STORE010,SKU02938,298.7,25,10,2025-11-20
STORE014,SKU02938,124.1,25,10,2025-11-20
STORE019,SKU02938,337.6,25,10,2025-11-20
STORE017,SKU02938,9.9,25,10,2025-11-20
STORE011,SKU02939,18.0,25,10,2025-11-20
STORE008,SKU02940,98.0,25,10,2025-11-20
STORE028,SKU02940,20.2,25,10,2025-11-20
STORE018,SKU02940,164.8,25,10,2025-11-20
STORE010,SKU02941,55.0,25,10,2025-11-20
STORE025,SKU02942,10.6,25,10,2025-11-20
STORE004,SKU02942,286.4,25,10,2025-11-20
STORE021,SKU02942,24.8,25,10,2025-11-20
STORE018,SKU02942,53.1,25,10,2025-11-20
STORE011,SKU02943,19.1,25,10,2025-11-20
STORE005,SKU02943,89.2,25,10,2025-11-20
STORE001,SKU02943,122.7,25,10,2025-11-20
STORE029,SKU02944,60.4,25,10,2025-11-20
STORE022,SKU02944,282.6,25,10,2025-11-20
STORE003,SKU02945,141.0,34,17,2025-11-20
STORE008,SKU02946,168.6,25,10,2025-11-20
STORE025,SKU02946,279.1,25,10,2025-11-20
STORE013,SKU02946,294.2,25,10,2025-11-20
STORE006,SKU02946,61.9,25,10,2025-11-20
STORE028,SKU02946,176.3,25,10,2025-11-20
STORE022,SKU02946,144.0,25,10,2025-11-20
STORE002,SKU02946,175.3,25,10,2025-11-20
STORE017,SKU02946,489.9,25,10,2025-11-20
STORE010,SKU02946,225.4,25,10,2025-11-20
STORE026,SKU02946,964.4,25,10,2025-11-20
STORE030,SKU02946,119.0,25,10,2025-11-20
STORE019,SKU02946,183.9,25,10,2025-11-20
STORE016,SKU02946,529.1,25,10,2025-11-20
STORE012,SKU02946,270.2,25,10,2025-11-20
STORE021,SKU02946,271.0,25,10,2025-11-20
STORE024,SKU02946,18.8,25,10,2025-11-20
STORE011,SKU02947,21.0,31,15,2025-11-20
STORE024,SKU02948,4.5,25,10,2025-11-20
STORE009,SKU02948,103.5,25,10,2025-11-20
STORE026,SKU02949,24.0,25,10,2025-11-20
STORE016,SKU02949,140.6,25,10,2025-11-20
STORE002,SKU02949,73.4,25,10,2025-11-20
STORE012,SKU02950,0.0,56,22,2025-10-15
STORE011,SKU02950,0.0,117,38,2025-10-15
STORE009,SKU02950,0.0,122,49,2025-10-15
STORE019,SKU02950,0.0,81,30,2025-10-15
STORE003,SKU02950,0.0,80,33,2025-10-15
STORE006,SKU02950,0.0,86,20,2025-10-15
STORE021,SKU02950,0.0,121,49,2025-10-15
STORE022,SKU02950,0.0,88,22,2025-10-15
STORE026,SKU02950,0.0,97,43,2025-10-15
STORE030,SKU02950,0.0,81,38,2025-10-15
STORE023,SKU02950,0.0,88,38,2025-10-15
STORE014,SKU02950,0.0,99,34,2025-10-15
STORE028,SKU02950,0.0,87,35,2025-10-15
STORE026,SKU02951,98.0,52,26,2025-11-20
STORE006,SKU02952,0.0,81,21,2025-10-15
STORE026,SKU02953,58.2,25,10,2025-11-20
STORE001,SKU02953,136.3,25,10,2025-11-20
STORE005,SKU02953,159.5,25,10,2025-11-20
STORE001,SKU02954,0.2,35,17,2025-11-20
STORE009,SKU02954,0.4,35,17,2025-11-20
STORE006,SKU02954,0.4,35,17,2025-11-20
STORE014,SKU02954,0.0,35,17,2025-11-20
STORE028,SKU02954,0.8,35,17,2025-11-20
STORE022,SKU02954,1.7,35,17,2025-11-20
STORE030,SKU02954,0.4,35,17,2025-11-20
STORE003,SKU02954,1.2,35,17,2025-11-20
STORE020,SKU02954,0.8,35,17,2025-11-20
STORE021,SKU02954,0.4,35,17,2025-11-20
STORE016,SKU02954,0.1,35,17,2025-11-20
STORE004,SKU02954,1.1,35,17,2025-11-20
STORE005,SKU02954,1.7,35,17,2025-11-20
STORE023,SKU02954,1.0,35,17,2025-11-20
STORE005,SKU02955,100.0,25,10,2025-11-20
STORE010,SKU02956,68.0,25,10,2025-11-20
STORE003,SKU02956,20.1,25,10,2025-11-20
STORE007,SKU02956,235.9,25,10,2025-11-20
STORE019,SKU02957,131.1,25,10,2025-11-20
STORE008,SKU02957,10.9,25,10,2025-11-20
STORE025,SKU02957,169.1,25,10,2025-11-20
STORE023,SKU02958,0.0,102,33,2025-10-15
STORE013,SKU02959,9.5,25,10,2025-11-20
STORE015,SKU02959,13.7,25,10,2025-11-20
STORE018,SKU02959,41.7,25,10,2025-11-20
STORE019,SKU02960,100.0,26,11,2025-11-20
STORE021,SKU02961,221.1,25,10,2025-11-20
STORE015,SKU02961,12.9,25,10,2025-11-20
STORE013,SKU02962,251.0,27,12,2025-11-20
STORE002,SKU02963,63.2,25,10,2025-11-20
STORE019,SKU02963,78.4,25,10,2025-11-20
STORE017,SKU02963,23.4,25,10,2025-11-20
STORE016,SKU02964,178.0,25,10,2025-11-20
STORE007,SKU02964,243.1,25,10,2025-11-20
STORE003,SKU02964,353.0,25,10,2025-11-20
STORE006,SKU02964,25.6,25,10,2025-11-20
STORE014,SKU02964,327.9,25,10,2025-11-20
STORE030,SKU02964,129.6,25,10,2025-11-20
STORE025,SKU02964,118.2,25,10,2025-11-20
STORE008,SKU02964,108.9,25,10,2025-11-20
STORE028,SKU02964,140.5,25,10,2025-11-20
STORE020,SKU02964,572.7,25,10,2025-11-20
STORE027,SKU02964,156.8,25,10,2025-11-20
STORE005,SKU02964,604.3,25,10,2025-11-20
STORE015,SKU02964,39.2,25,10,2025-11-20
STORE013,SKU02964,254.2,25,10,2025-11-20
STORE001,SKU02964,330.2,25,10,2025-11-20
STORE023,SKU02964,224.4,25,10,2025-11-20
STORE021,SKU02964,184.3,25,10,2025-11-20
STORE012,SKU02964,164.2,25,10,2025-11-20
STORE010,SKU02964,389.4,25,10,2025-11-20
STORE009,SKU02964,340.3,25,10,2025-11-20
STORE011,SKU02964,25.7,25,10,2025-11-20
STORE018,SKU02964,372.7,25,10,2025-11-20
STORE029,SKU02964,105.5,25,10,2025-11-20
STORE012,SKU02965,28.6,25,10,2025-11-20
STORE008,SKU02965,199.1,25,10,2025-11-20
STORE027,SKU02965,55.3,25,10,2025-11-20
STORE021,SKU02966,74.0,25,10,2025-11-20
STORE030,SKU02967,129.5,25,10,2025-11-20
STORE007,SKU02967,1.7,25,10,2025-11-20
STORE021,SKU02967,289.8,25,10,2025-11-20
STORE022,SKU02968,90.0,48,24,2025-11-20
STORE019,SKU02969,188.1,25,10,2025-11-20
STORE029,SKU02969,43.3,25,10,2025-11-20
STORE030,SKU02969,78.6,25,10,2025-11-20
STORE023,SKU02970,16.5,25,10,2025-11-20
STORE010,SKU02970,61.3,25,10,2025-11-20
STORE007,SKU02970,276.1,25,10,2025-11-20
STORE004,SKU02971,15.6,25,10,2025-11-20
STORE020,SKU02971,98.8,25,10,2025-11-20
STORE003,SKU02971,236.6,25,10,2025-11-20
STORE021,SKU02972,177.0,43,21,2025-11-20
STORE025,SKU02973,30.0,84,42,2025-11-20
STORE013,SKU02974,66.5,25,10,2025-11-20
STORE011,SKU02974,166.5,25,10,2025-11-20
STORE010,SKU02975,0.0,57,26,2025-10-15
STORE017,SKU02976,82.8,25,10,2025-11-20
STORE022,SKU02976,46.2,25,10,2025-11-20
STORE024,SKU02977,91.4,25,10,2025-11-20
STORE026,SKU02977,97.7,25,10,2025-11-20
STORE019,SKU02977,47.9,25,10,2025-11-20
STORE021,SKU02978,35.0,25,10,2025-11-20
STORE011,SKU02979,0.0,69,25,2025-10-15
STORE004,SKU02980,234.0,46,23,2025-11-20
STORE005,SKU02981,63.3,25,10,2025-11-20
STORE002,SKU02981,35.7,25,10,2025-11-20
STORE006,SKU02981,128.2,25,10,2025-11-20
STORE004,SKU02981,22.8,25,10,2025-11-20
STORE019,SKU02982,14.9,25,10,2025-11-20
STORE003,SKU02982,88.1,25,10,2025-11-20
STORE012,SKU02983,17.4,25,10,2025-11-20
STORE027,SKU02983,7.9,25,10,2025-11-20
STORE001,SKU02983,1.5,25,10,2025-11-20
STORE025,SKU02983,2.6,25,10,2025-11-20
STORE030,SKU02983,11.7,25,10,2025-11-20
STORE016,SKU02983,5.3,25,10,2025-11-20
STORE013,SKU02983,19.8,25,10,2025-11-20
STORE009,SKU02983,32.8,25,10,2025-11-20
STORE010,SKU02983,17.9,25,10,2025-11-20
STORE019,SKU02983,5.2,25,10,2025-11-20
STORE015,SKU02983,17.0,25,10,2025-11-20
STORE022,SKU02983,4.7,25,10,2025-11-20
STORE029,SKU02983,2.0,25,10,2025-11-20
STORE001,SKU02984,54.0,26,11,2025-11-20
STORE023,SKU02985,0.0,51,21,2025-10-15
STORE005,SKU02986,42.0,25,10,2025-11-20
STORE014,SKU02986,201.5,25,10,2025-11-20
STORE018,SKU02986,23.5,25,10,2025-11-20
STORE015,SKU02987,21.3,25,10,2025-11-20
STORE013,SKU02987,322.4,25,10,2025-11-20
STORE010,SKU02987,2.3,25,10,2025-11-20
STORE010,SKU02988,195.6,25,10,2025-11-20
STORE018,SKU02988,49.2,25,10,2025-11-20
STORE022,SKU02988,4.9,25,10,2025-11-20
STORE025,SKU02988,317.3,25,10,2025-11-20
STORE014,SKU02988,19.1,25,10,2025-11-20
STORE016,SKU02988,101.9,25,10,2025-11-20
STORE013,SKU02989,133.8,25,10,2025-11-20
STORE010,SKU02989,28.2,25,10,2025-11-20
STORE019,SKU02990,27.4,25,10,2025-11-20
STORE015,SKU02990,65.6,25,10,2025-11-20
STORE019,SKU02991,11.3,25,10,2025-11-20
STORE015,SKU02991,218.7,25,10,2025-11-20
STORE030,SKU02992,37.0,25,10,2025-11-20
STORE010,SKU02993,0.0,83,48,2025-10-15
STORE014,SKU02994,80.0,25,10,2025-11-20
STORE027,SKU02995,159.0,25,10,2025-11-20
STORE007,SKU02996,58.5,25,10,2025-11-20
STORE013,SKU02996,53.5,25,10,2025-11-20
STORE029,SKU02997,361.2,25,10,2025-11-20
STORE012,SKU02997,620.3,25,10,2025-11-20
STORE014,SKU02997,110.6,25,10,2025-11-20
STORE023,SKU02997,137.8,25,10,2025-11-20
STORE002,SKU02997,273.2,25,10,2025-11-20
STORE009,SKU02997,280.6,25,10,2025-11-20
STORE011,SKU02997,188.7,25,10,2025-11-20
STORE026,SKU02997,147.0,25,10,2025-11-20
STORE001,SKU02997,1229.6,25,10,2025-11-20
STORE028,SKU02997,494.3,25,10,2025-11-20
STORE008,SKU02997,164.0,25,10,2025-11-20
STORE030,SKU02997,373.2,25,10,2025-11-20
STORE024,SKU02997,90.2,25,10,2025-11-20
STORE020,SKU02997,30.3,25,10,2025-11-20
STORE016,SKU02997,124.8,25,10,2025-11-20
STORE004,SKU02997,148.1,25,10,2025-11-20
STORE022,SKU02997,4.8,25,10,2025-11-20
STORE010,SKU02997,484.3,25,10,2025-11-20
STORE019,SKU02997,127.8,25,10,2025-11-20
STORE007,SKU02997,249.4,25,10,2025-11-20
STORE005,SKU02997,22.1,25,10,2025-11-20
STORE018,SKU02997,55.2,25,10,2025-11-20
STORE003,SKU02997,633.1,25,10,2025-11-20
STORE015,SKU02997,269.4,25,10,2025-11-20
STORE015,SKU02998,0.0,59,22,2025-10-15
STORE029,SKU02999,500.6,25,10,2025-11-20
STORE021,SKU02999,1115.0,25,10,2025-11-20
STORE019,SKU02999,77.6,25,10,2025-11-20
STORE030,SKU02999,59.2,25,10,2025-11-20
STORE012,SKU02999,326.0,25,10,2025-11-20
STORE005,SKU02999,1097.5,25,10,2025-11-20
STORE028,SKU02999,165.7,25,10,2025-11-20
STORE023,SKU02999,264.5,25,10,2025-11-20
STORE013,SKU02999,253.9,25,10,2025-11-20
STORE008,SKU02999,73.2,25,10,2025-11-20
STORE011,SKU02999,142.4,25,10,2025-11-20
STORE007,SKU02999,298.6,25,10,2025-11-20
STORE002,SKU02999,194.3,25,10,2025-11-20
STORE026,SKU02999,3.6,25,10,2025-11-20
STORE015,SKU02999,68.5,25,10,2025-11-20
STORE017,SKU02999,26.0,25,10,2025-11-20
STORE001,SKU02999,44.2,25,10,2025-11-20
STORE003,SKU02999,393.5,25,10,2025-11-20
STORE006,SKU02999,6.3,25,10,2025-11-20
STORE016,SKU02999,41.4,25,10,2025-11-20
STORE004,SKU03000,45.0,25,10,2025-11-20
STORE006,SKU03001,56.8,25,10,2025-11-20
STORE017,SKU03001,45.2,25,10,2025-11-20
STORE006,SKU03002,68.3,25,10,2025-11-20
STORE015,SKU03002,49.8,25,10,2025-11-20
STORE014,SKU03002,74.9,25,10,2025-11-20
STORE022,SKU03003,56.5,25,10,2025-11-20
STORE007,SKU03003,25.6,25,10,2025-11-20
STORE014,SKU03003,238.8,25,10,2025-11-20
STORE010,SKU03004,87.4,28,13,2025-11-20
STORE008,SKU03004,8.5,28,13,2025-11-20
STORE003,SKU03004,183.1,28,13,2025-11-20
STORE028,SKU03005,97.6,25,10,2025-11-20
STORE011,SKU03005,259.5,25,10,2025-11-20
STORE020,SKU03005,80.3,25,10,2025-11-20
STORE010,SKU03005,207.1,25,10,2025-11-20
STORE017,SKU03005,362.2,25,10,2025-11-20
STORE030,SKU03005,644.3,25,10,2025-11-20
STORE018,SKU03005,74.1,25,10,2025-11-20
STORE019,SKU03005,99.8,25,10,2025-11-20
STORE029,SKU03005,152.8,25,10,2025-11-20
STORE025,SKU03005,641.5,25,10,2025-11-20
STORE013,SKU03005,567.3,25,10,2025-11-20
STORE012,SKU03005,23.1,25,10,2025-11-20
STORE027,SKU03005,34.6,25,10,2025-11-20
STORE014,SKU03005,167.5,25,10,2025-11-20
STORE026,SKU03005,27.6,25,10,2025-11-20
STORE004,SKU03005,103.8,25,10,2025-11-20
STORE005,SKU03005,39.3,25,10,2025-11-20
STORE006,SKU03005,247.5,25,10,2025-11-20
STORE016,SKU03005,731.1,25,10,2025-11-20
STORE023,SKU03005,1401.7,25,10,2025-11-20
STORE015,SKU03005,115.2,25,10,2025-11-20
STORE022,SKU03005,223.8,25,10,2025-11-20
STORE009,SKU03005,475.0,25,10,2025-11-20
STORE007,SKU03005,30.6,25,10,2025-11-20
STORE001,SKU03005,286.5,25,10,2025-11-20
STORE026,SKU03006,173.0,25,10,2025-11-20
STORE029,SKU03007,69.9,25,10,2025-11-20
STORE010,SKU03007,156.1,25,10,2025-11-20
STORE020,SKU03008,0.0,78,23,2025-10-15
STORE019,SKU03009,16.6,25,10,2025-11-20
STORE030,SKU03009,249.2,25,10,2025-11-20
STORE020,SKU03009,61.1,25,10,2025-11-20
STORE008,SKU03009,78.2,25,10,2025-11-20
STORE025,SKU03010,17.8,30,15,2025-11-20
STORE020,SKU03010,276.2,30,15,2025-11-20
STORE008,SKU03011,88.1,25,10,2025-11-20
STORE027,SKU03011,109.9,25,10,2025-11-20
STORE023,SKU03012,6.1,25,10,2025-11-20
STORE028,SKU03012,3.9,25,10,2025-11-20
STORE009,SKU03013,26.8,25,10,2025-11-20
STORE019,SKU03013,171.2,25,10,2025-11-20
STORE015,SKU03013,17.0,25,10,2025-11-20
STORE010,SKU03014,29.9,25,10,2025-11-20
STORE008,SKU03014,337.3,25,10,2025-11-20
STORE019,SKU03014,63.8,25,10,2025-11-20
STORE009,SKU03014,99.8,25,10,2025-11-20
STORE014,SKU03014,175.6,25,10,2025-11-20
STORE027,SKU03014,162.5,25,10,2025-11-20
STORE001,SKU03014,335.8,25,10,2025-11-20
STORE017,SKU03014,266.0,25,10,2025-11-20
STORE022,SKU03014,281.6,25,10,2025-11-20
STORE018,SKU03014,341.0,25,10,2025-11-20
STORE006,SKU03014,94.3,25,10,2025-11-20
STORE005,SKU03014,106.0,25,10,2025-11-20
STORE029,SKU03014,157.0,25,10,2025-11-20
STORE002,SKU03014,100.1,25,10,2025-11-20
STORE011,SKU03014,1142.7,25,10,2025-11-20
STORE025,SKU03014,458.2,25,10,2025-11-20
STORE007,SKU03014,49.0,25,10,2025-11-20
STORE003,SKU03014,1.5,25,10,2025-11-20
STORE030,SKU03014,11.9,25,10,2025-11-20
STORE021,SKU03014,76.2,25,10,2025-11-20
STORE004,SKU03014,33.1,25,10,2025-11-20
STORE015,SKU03014,207.6,25,10,2025-11-20
STORE028,SKU03014,531.6,25,10,2025-11-20
STORE024,SKU03014,363.5,25,10,2025-11-20
STORE008,SKU03015,30.7,25,10,2025-11-20
STORE006,SKU03015,64.5,25,10,2025-11-20
STORE004,SKU03015,89.7,25,10,2025-11-20
STORE001,SKU03015,210.2,25,10,2025-11-20
STORE029,SKU03016,5.0,34,17,2025-11-20
STORE025,SKU03017,88.8,25,10,2025-11-20
STORE019,SKU03017,26.3,25,10,2025-11-20
STORE015,SKU03017,43.8,25,10,2025-11-20
STORE005,SKU03017,4.4,25,10,2025-11-20
STORE002,SKU03017,30.8,25,10,2025-11-20
STORE023,SKU03018,93.0,25,10,2025-11-20
STORE006,SKU03019,0.0,83,23,2025-10-15
STORE025,SKU03020,146.2,25,10,2025-11-20
STORE002,SKU03020,260.1,25,10,2025-11-20
STORE016,SKU03020,76.8,25,10,2025-11-20
STORE011,SKU03020,13.9,25,10,2025-11-20
STORE010,SKU03021,79.3,26,11,2025-11-20
STORE029,SKU03021,172.7,26,11,2025-11-20
STORE028,SKU03022,0.9,25,10,2025-11-20
STORE017,SKU03022,12.5,25,10,2025-11-20
STORE012,SKU03022,29.3,25,10,2025-11-20
STORE007,SKU03022,26.7,25,10,2025-11-20
STORE010,SKU03022,462.6,25,10,2025-11-20
STORE021,SKU03023,178.0,25,10,2025-11-20
STORE023,SKU03024,132.0,72,36,2025-11-20
STORE026,SKU03025,55.3,25,10,2025-11-20
STORE014,SKU03025,136.7,25,10,2025-11-20
STORE012,SKU03026,152.7,25,10,2025-11-20
STORE011,SKU03026,47.3,25,10,2025-11-20
STORE016,SKU03027,41.6,25,10,2025-11-20
STORE026,SKU03027,63.3,25,10,2025-11-20
STORE019,SKU03027,65.7,25,10,2025-11-20
STORE005,SKU03027,55.4,25,10,2025-11-20
STORE028,SKU03028,28.0,25,10,2025-11-20
STORE025,SKU03028,28.0,25,10,2025-11-20
STORE005,SKU03029,139.2,25,10,2025-11-20
STORE002,SKU03029,90.4,25,10,2025-11-20
STORE008,SKU03029,165.1,25,10,2025-11-20
STORE001,SKU03029,274.4,25,10,2025-11-20
STORE010,SKU03029,0.9,25,10,2025-11-20
STORE009,SKU03030,10.6,25,10,2025-11-20
STORE019,SKU03030,0.4,25,10,2025-11-20
STORE014,SKU03030,1.4,25,10,2025-11-20
STORE010,SKU03030,4.5,25,10,2025-11-20
STORE013,SKU03030,0.6,25,10,2025-11-20
STORE003,SKU03030,1.4,25,10,2025-11-20
STORE005,SKU03030,0.3,25,10,2025-11-20
STORE020,SKU03030,1.1,25,10,2025-11-20
STORE008,SKU03030,0.4,25,10,2025-11-20
STORE029,SKU03030,1.0,25,10,2025-11-20
STORE002,SKU03030,1.0,25,10,2025-11-20
STORE001,SKU03030,10.9,25,10,2025-11-20
STORE024,SKU03030,11.5,25,10,2025-11-20
STORE012,SKU03030,0.3,25,10,2025-11-20
STORE004,SKU03030,2.8,25,10,2025-11-20
STORE025,SKU03030,0.1,25,10,2025-11-20
STORE026,SKU03030,0.1,25,10,2025-11-20
STORE023,SKU03030,0.2,25,10,2025-11-20
STORE016,SKU03030,7.4,25,10,2025-11-20
STORE024,SKU03031,808.9,25,10,2025-11-20
STORE028,SKU03031,61.7,25,10,2025-11-20
STORE015,SKU03031,50.4,25,10,2025-11-20
STORE011,SKU03031,78.7,25,10,2025-11-20
STORE013,SKU03031,207.3,25,10,2025-11-20
STORE012,SKU03031,241.2,25,10,2025-11-20
STORE017,SKU03031,71.7,25,10,2025-11-20
STORE023,SKU03031,404.2,25,10,2025-11-20
STORE020,SKU03031,106.0,25,10,2025-11-20
STORE026,SKU03031,730.2,25,10,2025-11-20
STORE007,SKU03031,305.8,25,10,2025-11-20
STORE027,SKU03031,164.0,25,10,2025-11-20
STORE019,SKU03031,446.3,25,10,2025-11-20
STORE016,SKU03031,487.2,25,10,2025-11-20
STORE001,SKU03031,98.2,25,10,2025-11-20
STORE009,SKU03031,118.7,25,10,2025-11-20
STORE022,SKU03031,786.1,25,10,2025-11-20
STORE021,SKU03031,51.5,25,10,2025-11-20
STORE002,SKU03031,12.3,25,10,2025-11-20
STORE010,SKU03031,173.1,25,10,2025-11-20
STORE018,SKU03031,462.1,25,10,2025-11-20
STORE004,SKU03031,422.5,25,10,2025-11-20
STORE025,SKU03031,720.8,25,10,2025-11-20
STORE003,SKU03031,217.9,25,10,2025-11-20
STORE006,SKU03031,30.2,25,10,2025-11-20
STORE014,SKU03031,254.1,25,10,2025-11-20
STORE005,SKU03031,431.0,25,10,2025-11-20
STORE030,SKU03031,28.0,25,10,2025-11-20
STORE008,SKU03031,54.2,25,10,2025-11-20
STORE023,SKU03032,4.2,25,10,2025-11-20
STORE011,SKU03032,304.8,25,10,2025-11-20
STORE013,SKU03033,165.0,25,10,2025-11-20
STORE013,SKU03034,0.0,62,27,2025-10-15
STORE003,SKU03035,104.0,25,10,2025-11-20
STORE008,SKU03036,811.0,25,10,2025-11-20
STORE018,SKU03036,13.1,25,10,2025-11-20
STORE029,SKU03036,470.7,25,10,2025-11-20
STORE012,SKU03036,339.4,25,10,2025-11-20
STORE002,SKU03036,76.1,25,10,2025-11-20
STORE007,SKU03036,732.7,25,10,2025-11-20
STORE010,SKU03036,68.5,25,10,2025-11-20
STORE006,SKU03036,444.1,25,10,2025-11-20
STORE025,SKU03036,429.0,25,10,2025-11-20
STORE014,SKU03036,286.0,25,10,2025-11-20
STORE023,SKU03036,167.2,25,10,2025-11-20
STORE005,SKU03036,25.8,25,10,2025-11-20
STORE026,SKU03036,153.2,25,10,2025-11-20
STORE030,SKU03036,89.0,25,10,2025-11-20
STORE022,SKU03036,317.0,25,10,2025-11-20
STORE019,SKU03036,286.4,25,10,2025-11-20
STORE017,SKU03036,487.2,25,10,2025-11-20
STORE015,SKU03036,3.0,25,10,2025-11-20
STORE003,SKU03036,334.1,25,10,2025-11-20
STORE013,SKU03036,562.5,25,10,2025-11-20
STORE016,SKU03036,314.2,25,10,2025-11-20
STORE004,SKU03036,28.1,25,10,2025-11-20
STORE028,SKU03036,17.1,25,10,2025-11-20
STORE001,SKU03036,4.3,25,10,2025-11-20
STORE027,SKU03036,199.9,25,10,2025-11-20
STORE021,SKU03036,200.4,25,10,2025-11-20
STORE022,SKU03037,158.0,25,10,2025-11-20
STORE015,SKU03038,75.2,25,10,2025-11-20
STORE023,SKU03038,59.8,25,10,2025-11-20
STORE019,SKU03039,0.0,95,33,2025-10-15
STORE024,SKU03040,148.4,25,10,2025-11-20
STORE023,SKU03040,264.6,25,10,2025-11-20
STORE022,SKU03041,168.0,25,10,2025-11-20
STORE026,SKU03042,194.0,25,10,2025-11-20
STORE022,SKU03043,263.3,25,10,2025-11-20
STORE013,SKU03043,476.9,25,10,2025-11-20
STORE026,SKU03043,918.2,25,10,2025-11-20
STORE027,SKU03043,319.2,25,10,2025-11-20
STORE018,SKU03043,115.6,25,10,2025-11-20
STORE001,SKU03043,88.0,25,10,2025-11-20
STORE002,SKU03043,0.1,25,10,2025-11-20
STORE028,SKU03043,599.5,25,10,2025-11-20
STORE021,SKU03043,55.7,25,10,2025-11-20
STORE011,SKU03043,132.3,25,10,2025-11-20
STORE005,SKU03043,167.4,25,10,2025-11-20
STORE019,SKU03043,389.0,25,10,2025-11-20
STORE009,SKU03043,240.2,25,10,2025-11-20
STORE029,SKU03043,531.5,25,10,2025-11-20
STORE024,SKU03043,27.1,25,10,2025-11-20
STORE003,SKU03043,62.6,25,10,2025-11-20
STORE017,SKU03043,327.3,25,10,2025-11-20
STORE030,SKU03043,194.5,25,10,2025-11-20
STORE016,SKU03043,166.0,25,10,2025-11-20
STORE014,SKU03043,32.8,25,10,2025-11-20
STORE022,SKU03044,0.0,93,35,2025-10-15
STORE029,SKU03045,31.0,25,10,2025-11-20
STORE010,SKU03046,144.1,25,10,2025-11-20
STORE003,SKU03046,15.9,25,10,2025-11-20
STORE015,SKU03047,0.0,70,28,2025-10-15
STORE002,SKU03048,1.9,25,10,2025-11-20
STORE010,SKU03048,104.1,25,10,2025-11-20
STORE007,SKU03049,100.5,38,19,2025-11-20
STORE027,SKU03049,47.5,38,19,2025-11-20
STORE011,SKU03050,48.0,41,20,2025-11-20
STORE002,SKU03051,151.0,25,10,2025-11-20
STORE005,SKU03051,162.0,25,10,2025-11-20
STORE008,SKU03052,94.1,25,10,2025-11-20
STORE018,SKU03052,81.3,25,10,2025-11-20
STORE026,SKU03052,1.6,25,10,2025-11-20
STORE027,SKU03052,378.0,25,10,2025-11-20
STORE012,SKU03053,1.0,25,10,2025-11-20
STORE002,SKU03053,0.3,25,10,2025-11-20
STORE006,SKU03053,2.9,25,10,2025-11-20
STORE028,SKU03053,2.8,25,10,2025-11-20
STORE018,SKU03053,5.1,25,10,2025-11-20
STORE020,SKU03053,2.4,25,10,2025-11-20
STORE009,SKU03053,6.9,25,10,2025-11-20
STORE014,SKU03053,0.3,25,10,2025-11-20
STORE013,SKU03053,2.1,25,10,2025-11-20
STORE011,SKU03053,2.0,25,10,2025-11-20
STORE027,SKU03053,0.3,25,10,2025-11-20
STORE015,SKU03053,0.1,25,10,2025-11-20
STORE021,SKU03053,4.4,25,10,2025-11-20
STORE025,SKU03053,0.4,25,10,2025-11-20
STORE007,SKU03054,240.6,25,10,2025-11-20
STORE030,SKU03054,0.5,25,10,2025-11-20
STORE005,SKU03054,2.5,25,10,2025-11-20
STORE017,SKU03054,73.7,25,10,2025-11-20
STORE028,SKU03054,32.1,25,10,2025-11-20
STORE020,SKU03054,137.6,25,10,2025-11-20
STORE008,SKU03054,98.0,25,10,2025-11-20
STORE001,SKU03055,118.0,81,40,2025-11-20
STORE005,SKU03056,49.9,25,10,2025-11-20
STORE001,SKU03056,138.1,25,10,2025-11-20
STORE005,SKU03057,2.9,25,10,2025-11-20
STORE011,SKU03057,22.2,25,10,2025-11-20
STORE013,SKU03057,7.6,25,10,2025-11-20
STORE019,SKU03057,1.4,25,10,2025-11-20
STORE004,SKU03057,9.4,25,10,2025-11-20
STORE007,SKU03057,1.3,25,10,2025-11-20
STORE025,SKU03057,2.0,25,10,2025-11-20
STORE001,SKU03057,3.9,25,10,2025-11-20
STORE008,SKU03057,27.8,25,10,2025-11-20
STORE023,SKU03057,36.6,25,10,2025-11-20
STORE022,SKU03057,24.8,25,10,2025-11-20
STORE024,SKU03057,5.8,25,10,2025-11-20
STORE009,SKU03057,4.5,25,10,2025-11-20
STORE014,SKU03057,11.3,25,10,2025-11-20
STORE015,SKU03057,18.1,25,10,2025-11-20
STORE020,SKU03057,70.9,25,10,2025-11-20
STORE002,SKU03057,2.0,25,10,2025-11-20
STORE012,SKU03057,0.7,25,10,2025-11-20
STORE023,SKU03058,307.1,25,10,2025-11-20
STORE004,SKU03058,462.5,25,10,2025-11-20
STORE022,SKU03058,485.3,25,10,2025-11-20
STORE014,SKU03058,294.0,25,10,2025-11-20
STORE026,SKU03058,797.8,25,10,2025-11-20
STORE015,SKU03058,185.3,25,10,2025-11-20
STORE012,SKU03058,635.1,25,10,2025-11-20
STORE001,SKU03058,890.2,25,10,2025-11-20
STORE025,SKU03058,486.6,25,10,2025-11-20
STORE027,SKU03058,96.0,25,10,2025-11-20
STORE005,SKU03058,56.6,25,10,2025-11-20
STORE016,SKU03058,205.8,25,10,2025-11-20
STORE024,SKU03058,156.3,25,10,2025-11-20
STORE011,SKU03058,544.5,25,10,2025-11-20
STORE008,SKU03058,27.3,25,10,2025-11-20
STORE028,SKU03058,77.2,25,10,2025-11-20
STORE018,SKU03058,361.0,25,10,2025-11-20
STORE030,SKU03058,25.9,25,10,2025-11-20
STORE003,SKU03058,100.2,25,10,2025-11-20
STORE020,SKU03058,126.9,25,10,2025-11-20
STORE006,SKU03058,252.5,25,10,2025-11-20
STORE029,SKU03058,44.6,25,10,2025-11-20
STORE013,SKU03058,510.5,25,10,2025-11-20
STORE019,SKU03058,153.7,25,10,2025-11-20
STORE002,SKU03058,644.9,25,10,2025-11-20
STORE010,SKU03058,163.4,25,10,2025-11-20
STORE021,SKU03058,83.3,25,10,2025-11-20
STORE017,SKU03058,39.6,25,10,2025-11-20
STORE007,SKU03058,1.0,25,10,2025-11-20
STORE009,SKU03058,196.8,25,10,2025-11-20
STORE001,SKU03059,70.0,25,10,2025-11-20
STORE007,SKU03060,56.3,25,10,2025-11-20
STORE009,SKU03060,100.7,25,10,2025-11-20
STORE023,SKU03061,61.4,25,10,2025-11-20
STORE030,SKU03061,36.6,25,10,2025-11-20
STORE026,SKU03062,172.9,25,10,2025-11-20
STORE005,SKU03062,340.2,25,10,2025-11-20
STORE002,SKU03062,12.3,25,10,2025-11-20
STORE018,SKU03062,19.6,25,10,2025-11-20
STORE010,SKU03063,0.9,25,10,2025-11-20
STORE015,SKU03063,0.0,25,10,2025-11-20
STORE003,SKU03063,1.1,25,10,2025-11-20
STORE026,SKU03063,0.0,25,10,2025-11-20
STORE019,SKU03063,0.6,25,10,2025-11-20
STORE024,SKU03063,0.1,25,10,2025-11-20
STORE001,SKU03063,0.8,25,10,2025-11-20
STORE028,SKU03063,0.1,25,10,2025-11-20
STORE029,SKU03063,0.3,25,10,2025-11-20
STORE006,SKU03063,0.0,25,10,2025-11-20
STORE021,SKU03063,0.1,25,10,2025-11-20
STORE022,SKU03064,0.0,83,45,2025-10-15
STORE010,SKU03065,50.7,25,10,2025-11-20
STORE002,SKU03065,25.6,25,10,2025-11-20
STORE029,SKU03065,89.7,25,10,2025-11-20
STORE012,SKU03066,88.9,25,10,2025-11-20
STORE002,SKU03066,323.6,25,10,2025-11-20
STORE015,SKU03066,94.6,25,10,2025-11-20
STORE027,SKU03067,129.0,25,10,2025-11-20
STORE029,SKU03068,252.6,25,10,2025-11-20
STORE024,SKU03068,31.4,25,10,2025-11-20
STORE014,SKU03069,203.5,25,10,2025-11-20
STORE030,SKU03069,176.3,25,10,2025-11-20
STORE027,SKU03069,22.2,25,10,2025-11-20
STORE009,SKU03070,190.3,25,10,2025-11-20
STORE022,SKU03070,14.7,25,10,2025-11-20
STORE029,SKU03071,1.0,25,10,2025-11-20
STORE018,SKU03072,56.0,25,10,2025-11-20
STORE015,SKU03073,23.2,25,10,2025-11-20
STORE024,SKU03073,161.4,25,10,2025-11-20
STORE025,SKU03073,271.6,25,10,2025-11-20
STORE004,SKU03073,609.6,25,10,2025-11-20
STORE016,SKU03073,1155.4,25,10,2025-11-20
STORE021,SKU03073,182.8,25,10,2025-11-20
STORE028,SKU03073,19.7,25,10,2025-11-20
STORE023,SKU03073,436.6,25,10,2025-11-20
STORE026,SKU03073,263.0,25,10,2025-11-20
STORE011,SKU03073,187.6,25,10,2025-11-20
STORE009,SKU03073,116.8,25,10,2025-11-20
STORE014,SKU03073,220.4,25,10,2025-11-20
STORE027,SKU03073,130.6,25,10,2025-11-20
STORE006,SKU03073,446.7,25,10,2025-11-20
STORE020,SKU03073,247.9,25,10,2025-11-20
STORE001,SKU03073,661.3,25,10,2025-11-20
STORE007,SKU03073,247.7,25,10,2025-11-20
STORE017,SKU03073,85.9,25,10,2025-11-20
STORE029,SKU03073,601.4,25,10,2025-11-20
STORE022,SKU03073,257.3,25,10,2025-11-20
STORE008,SKU03074,0.0,95,37,2025-10-15
STORE005,SKU03075,132.0,25,10,2025-11-20
STORE026,SKU03076,48.0,36,18,2025-11-20
STORE022,SKU03077,10.8,49,24,2025-11-20
STORE016,SKU03077,45.2,49,24,2025-11-20
STORE021,SKU03078,83.0,25,10,2025-11-20
STORE005,SKU03078,178.2,25,10,2025-11-20
STORE011,SKU03078,13.8,25,10,2025-11-20
STORE017,SKU03079,0.0,81,47,2025-10-15
STORE006,SKU03080,25.4,25,10,2025-11-20
STORE005,SKU03080,206.2,25,10,2025-11-20
STORE011,SKU03080,83.4,25,10,2025-11-20
STORE020,SKU03081,34.7,25,10,2025-11-20
STORE002,SKU03081,64.7,25,10,2025-11-20
STORE026,SKU03081,79.6,25,10,2025-11-20
STORE019,SKU03082,210.0,25,10,2025-11-20
STORE026,SKU03083,180.5,25,10,2025-11-20
STORE023,SKU03083,176.6,25,10,2025-11-20
STORE011,SKU03083,91.0,25,10,2025-11-20
STORE013,SKU03084,247.1,25,10,2025-11-20
STORE025,SKU03084,85.3,25,10,2025-11-20
STORE018,SKU03084,19.6,25,10,2025-11-20
STORE010,SKU03085,9.0,25,10,2025-11-20
STORE023,SKU03085,33.0,25,10,2025-11-20
STORE009,SKU03086,127.2,25,10,2025-11-20
STORE030,SKU03086,69.8,25,10,2025-11-20
STORE017,SKU03087,66.2,25,10,2025-11-20
STORE024,SKU03087,169.8,25,10,2025-11-20
STORE024,SKU03088,3.8,33,16,2025-11-20
STORE005,SKU03088,2.8,33,16,2025-11-20
STORE008,SKU03088,25.8,33,16,2025-11-20
STORE016,SKU03088,13.6,33,16,2025-11-20
STORE028,SKU03088,2.7,33,16,2025-11-20
STORE021,SKU03088,4.3,33,16,2025-11-20
STORE007,SKU03088,3.7,33,16,2025-11-20
STORE015,SKU03088,1.1,33,16,2025-11-20
STORE019,SKU03088,21.6,33,16,2025-11-20
STORE003,SKU03088,3.5,33,16,2025-11-20
STORE006,SKU03088,14.2,33,16,2025-11-20
STORE004,SKU03088,1.4,33,16,2025-11-20
STORE029,SKU03088,5.4,33,16,2025-11-20
STORE025,SKU03088,0.2,33,16,2025-11-20
STORE017,SKU03088,9.9,33,16,2025-11-20
STORE002,SKU03089,265.4,25,10,2025-11-20
STORE004,SKU03089,299.8,25,10,2025-11-20
STORE017,SKU03089,16.2,25,10,2025-11-20
STORE015,SKU03089,72.3,25,10,2025-11-20
STORE028,SKU03089,23.6,25,10,2025-11-20
STORE030,SKU03089,104.0,25,10,2025-11-20
STORE008,SKU03089,301.3,25,10,2025-11-20
STORE023,SKU03089,254.9,25,10,2025-11-20
STORE012,SKU03089,289.0,25,10,2025-11-20
STORE018,SKU03089,243.2,25,10,2025-11-20
STORE014,SKU03089,97.3,25,10,2025-11-20
STORE025,SKU03089,85.6,25,10,2025-11-20
STORE003,SKU03089,45.0,25,10,2025-11-20
STORE027,SKU03089,577.0,25,10,2025-11-20
STORE019,SKU03089,292.5,25,10,2025-11-20
STORE020,SKU03089,63.0,25,10,2025-11-20
STORE026,SKU03089,59.5,25,10,2025-11-20
STORE024,SKU03089,629.8,25,10,2025-11-20
STORE005,SKU03089,414.3,25,10,2025-11-20
STORE001,SKU03089,328.7,25,10,2025-11-20
STORE029,SKU03089,159.4,25,10,2025-11-20
STORE021,SKU03089,92.7,25,10,2025-11-20
STORE006,SKU03089,1185.5,25,10,2025-11-20
STORE011,SKU03089,487.0,25,10,2025-11-20
STORE022,SKU03089,109.6,25,10,2025-11-20
STORE013,SKU03089,574.0,25,10,2025-11-20
STORE009,SKU03089,434.1,25,10,2025-11-20
STORE010,SKU03089,107.6,25,10,2025-11-20
STORE016,SKU03089,169.7,25,10,2025-11-20
STORE006,SKU03090,48.0,25,10,2025-11-20
STORE020,SKU03090,27.5,25,10,2025-11-20
STORE011,SKU03090,299.6,25,10,2025-11-20
STORE024,SKU03090,72.7,25,10,2025-11-20
STORE025,SKU03090,400.5,25,10,2025-11-20
STORE004,SKU03090,1267.6,25,10,2025-11-20
STORE016,SKU03090,18.6,25,10,2025-11-20
STORE026,SKU03090,149.6,25,10,2025-11-20
STORE030,SKU03090,378.3,25,10,2025-11-20
STORE022,SKU03090,363.3,25,10,2025-11-20
STORE005,SKU03090,333.3,25,10,2025-11-20
STORE027,SKU03090,100.2,25,10,2025-11-20
STORE013,SKU03090,141.3,25,10,2025-11-20
STORE009,SKU03090,211.1,25,10,2025-11-20
STORE008,SKU03090,851.8,25,10,2025-11-20
STORE023,SKU03090,92.7,25,10,2025-11-20
STORE017,SKU03090,599.2,25,10,2025-11-20
STORE019,SKU03090,73.3,25,10,2025-11-20
STORE003,SKU03090,1054.8,25,10,2025-11-20
STORE012,SKU03090,259.1,25,10,2025-11-20
STORE001,SKU03090,145.4,25,10,2025-11-20
STORE021,SKU03090,221.9,25,10,2025-11-20
STORE029,SKU03090,74.3,25,10,2025-11-20
STORE002,SKU03090,74.8,25,10,2025-11-20
STORE007,SKU03090,28.1,25,10,2025-11-20
STORE010,SKU03090,28.3,25,10,2025-11-20
STORE015,SKU03090,99.8,25,10,2025-11-20
STORE006,SKU03091,117.5,25,10,2025-11-20
STORE013,SKU03091,76.5,25,10,2025-11-20
STORE022,SKU03092,78.0,25,10,2025-11-20
STORE011,SKU03093,96.7,25,10,2025-11-20
STORE022,SKU03093,46.5,25,10,2025-11-20
STORE026,SKU03093,163.8,25,10,2025-11-20
STORE009,SKU03094,12.0,25,10,2025-11-20
STORE019,SKU03095,40.1,25,10,2025-11-20
STORE029,SKU03095,133.9,25,10,2025-11-20
STORE021,SKU03096,248.7,25,10,2025-11-20
STORE013,SKU03096,6.8,25,10,2025-11-20
STORE028,SKU03096,3.6,25,10,2025-11-20
STORE007,SKU03096,33.0,25,10,2025-11-20
STORE030,SKU03097,40.9,25,10,2025-11-20
STORE007,SKU03097,79.2,25,10,2025-11-20
STORE024,SKU03097,94.2,25,10,2025-11-20
STORE001,SKU03097,20.9,25,10,2025-11-20
STORE023,SKU03097,157.8,25,10,2025-11-20
STORE018,SKU03098,3.0,26,11,2025-11-20
STORE027,SKU03099,147.1,25,10,2025-11-20
STORE007,SKU03099,5.8,25,10,2025-11-20
STORE010,SKU03099,34.1,25,10,2025-11-20
STORE010,SKU03100,98.2,25,10,2025-11-20
STORE015,SKU03100,33.0,25,10,2025-11-20
STORE029,SKU03100,93.4,25,10,2025-11-20
STORE027,SKU03100,195.4,25,10,2025-11-20
STORE001,SKU03101,96.6,25,10,2025-11-20
STORE010,SKU03101,32.0,25,10,2025-11-20
STORE017,SKU03101,51.4,25,10,2025-11-20
STORE027,SKU03101,116.0,25,10,2025-11-20
STORE017,SKU03102,74.0,25,10,2025-11-20
STORE016,SKU03103,223.0,25,10,2025-11-20
STORE017,SKU03104,172.0,29,14,2025-11-20
STORE020,SKU03105,130.8,25,10,2025-11-20
STORE019,SKU03105,132.1,25,10,2025-11-20
STORE011,SKU03105,615.2,25,10,2025-11-20
STORE001,SKU03105,11.6,25,10,2025-11-20
STORE009,SKU03105,1285.7,25,10,2025-11-20
STORE015,SKU03105,317.5,25,10,2025-11-20
STORE027,SKU03105,332.4,25,10,2025-11-20
STORE006,SKU03105,11.3,25,10,2025-11-20
STORE024,SKU03105,270.5,25,10,2025-11-20
STORE012,SKU03105,192.8,25,10,2025-11-20
STORE030,SKU03105,32.5,25,10,2025-11-20
STORE013,SKU03105,94.7,25,10,2025-11-20
STORE017,SKU03105,642.7,25,10,2025-11-20
STORE021,SKU03105,232.2,25,10,2025-11-20
STORE003,SKU03105,155.1,25,10,2025-11-20
STORE010,SKU03105,21.9,25,10,2025-11-20
STORE029,SKU03105,364.1,25,10,2025-11-20
STORE023,SKU03105,352.9,25,10,2025-11-20
STORE004,SKU03105,276.8,25,10,2025-11-20
STORE028,SKU03105,207.6,25,10,2025-11-20
STORE008,SKU03105,165.4,25,10,2025-11-20
STORE025,SKU03105,261.6,25,10,2025-11-20
STORE005,SKU03105,77.3,25,10,2025-11-20
STORE026,SKU03105,824.3,25,10,2025-11-20
STORE014,SKU03105,258.4,25,10,2025-11-20
STORE002,SKU03105,108.4,25,10,2025-11-20
STORE013,SKU03106,56.5,25,10,2025-11-20
STORE014,SKU03106,155.0,25,10,2025-11-20
STORE021,SKU03106,16.7,25,10,2025-11-20
STORE022,SKU03106,32.8,25,10,2025-11-20
STORE007,SKU03107,155.3,25,10,2025-11-20
STORE006,SKU03107,51.7,25,10,2025-11-20
STORE029,SKU03108,340.4,25,10,2025-11-20
STORE020,SKU03108,30.3,25,10,2025-11-20
STORE024,SKU03108,311.3,25,10,2025-11-20
STORE011,SKU03108,15.3,25,10,2025-11-20
STORE014,SKU03108,2.7,25,10,2025-11-20
STORE008,SKU03108,494.5,25,10,2025-11-20
STORE009,SKU03108,188.4,25,10,2025-11-20
STORE006,SKU03108,93.8,25,10,2025-11-20
STORE015,SKU03108,57.3,25,10,2025-11-20
STORE016,SKU03108,207.6,25,10,2025-11-20
STORE021,SKU03108,153.9,25,10,2025-11-20
STORE027,SKU03108,1034.3,25,10,2025-11-20
STORE023,SKU03108,884.6,25,10,2025-11-20
STORE018,SKU03108,218.1,25,10,2025-11-20
STORE012,SKU03108,126.6,25,10,2025-11-20
STORE010,SKU03108,146.2,25,10,2025-11-20
STORE003,SKU03108,248.3,25,10,2025-11-20
STORE001,SKU03108,23.2,25,10,2025-11-20
STORE014,SKU03109,58.5,25,10,2025-11-20
STORE003,SKU03109,11.5,25,10,2025-11-20
STORE029,SKU03110,0.0,84,32,2025-10-15
STORE018,SKU03111,12.3,25,10,2025-11-20
STORE003,SKU03111,35.2,25,10,2025-11-20
STORE005,SKU03111,107.2,25,10,2025-11-20
STORE026,SKU03111,248.0,25,10,2025-11-20
STORE020,SKU03111,107.3,25,10,2025-11-20
STORE028,SKU03111,66.0,25,10,2025-11-20
STORE001,SKU03112,12.2,25,10,2025-11-20
STORE021,SKU03112,113.4,25,10,2025-11-20
STORE012,SKU03112,44.9,25,10,2025-11-20
STORE019,SKU03112,135.4,25,10,2025-11-20
STORE024,SKU03112,536.4,25,10,2025-11-20
STORE006,SKU03112,16.7,25,10,2025-11-20
STORE005,SKU03113,75.0,25,10,2025-11-20
STORE019,SKU03114,50.0,25,10,2025-11-20
STORE010,SKU03115,878.8,25,10,2025-11-20
STORE004,SKU03115,375.2,25,10,2025-11-20
STORE003,SKU03115,580.2,25,10,2025-11-20
STORE011,SKU03115,103.1,25,10,2025-11-20
STORE025,SKU03115,1227.1,25,10,2025-11-20
STORE014,SKU03115,27.6,25,10,2025-11-20
STORE007,SKU03115,13.8,25,10,2025-11-20
STORE002,SKU03115,491.3,25,10,2025-11-20
STORE005,SKU03115,665.4,25,10,2025-11-20
STORE019,SKU03115,24.1,25,10,2025-11-20
STORE027,SKU03115,30.6,25,10,2025-11-20
STORE020,SKU03115,8.6,25,10,2025-11-20
STORE013,SKU03115,28.0,25,10,2025-11-20
STORE008,SKU03115,59.7,25,10,2025-11-20
STORE026,SKU03115,890.9,25,10,2025-11-20
STORE029,SKU03115,279.8,25,10,2025-11-20
STORE017,SKU03115,382.8,25,10,2025-11-20
STORE021,SKU03115,380.0,25,10,2025-11-20
STORE012,SKU03115,194.5,25,10,2025-11-20
STORE028,SKU03115,405.5,25,10,2025-11-20
STORE024,SKU03115,230.0,25,10,2025-11-20
STORE018,SKU03115,95.9,25,10,2025-11-20
STORE022,SKU03115,209.1,25,10,2025-11-20
STORE006,SKU03115,193.6,25,10,2025-11-20
STORE023,SKU03115,440.3,25,10,2025-11-20
STORE001,SKU03115,1016.2,25,10,2025-11-20
STORE015,SKU03115,134.4,25,10,2025-11-20
STORE030,SKU03115,366.0,25,10,2025-11-20
STORE016,SKU03115,26.7,25,10,2025-11-20
STORE011,SKU03116,12.0,25,10,2025-11-20
STORE022,SKU03117,48.1,25,10,2025-11-20
STORE009,SKU03117,4.2,25,10,2025-11-20
STORE020,SKU03117,46.8,25,10,2025-11-20
STORE017,SKU03118,171.0,25,10,2025-11-20
STORE001,SKU03119,17.2,25,10,2025-11-20
STORE021,SKU03119,348.8,25,10,2025-11-20
STORE022,SKU03120,7.0,25,10,2025-11-20
STORE018,SKU03121,259.0,25,10,2025-11-20
STORE011,SKU03122,80.0,25,10,2025-11-20
STORE004,SKU03122,26.0,25,10,2025-11-20
STORE007,SKU03123,247.0,25,10,2025-11-20
STORE007,SKU03124,90.6,25,10,2025-11-20
STORE024,SKU03124,61.7,25,10,2025-11-20
STORE004,SKU03124,74.7,25,10,2025-11-20
STORE008,SKU03125,27.2,25,10,2025-11-20
STORE021,SKU03125,36.9,25,10,2025-11-20
STORE018,SKU03125,253.5,25,10,2025-11-20
STORE025,SKU03125,13.3,25,10,2025-11-20
STORE028,SKU03126,18.0,28,13,2025-11-20
STORE002,SKU03127,41.0,25,10,2025-11-20
STORE002,SKU03128,34.6,25,10,2025-11-20
STORE009,SKU03128,34.4,25,10,2025-11-20
STORE019,SKU03129,404.7,25,10,2025-11-20
STORE018,SKU03129,99.3,25,10,2025-11-20
STORE028,SKU03130,4.1,25,10,2025-11-20
STORE008,SKU03130,196.7,25,10,2025-11-20
STORE023,SKU03130,186.3,25,10,2025-11-20
STORE028,SKU03131,69.0,25,10,2025-11-20
STORE006,SKU03132,47.7,25,10,2025-11-20
STORE003,SKU03132,22.3,25,10,2025-11-20
STORE027,SKU03132,167.0,25,10,2025-11-20
STORE021,SKU03133,84.6,47,23,2025-11-20
STORE003,SKU03133,114.4,47,23,2025-11-20
STORE006,SKU03134,29.3,43,21,2025-11-20
STORE028,SKU03134,140.7,43,21,2025-11-20
STORE005,SKU03135,151.0,34,17,2025-11-20
STORE004,SKU03136,112.6,25,10,2025-11-20
STORE027,SKU03136,53.4,25,10,2025-11-20
STORE006,SKU03137,81.7,25,10,2025-11-20
STORE026,SKU03137,200.6,25,10,2025-11-20
STORE003,SKU03137,26.6,25,10,2025-11-20
STORE012,SKU03138,203.0,38,19,2025-11-20
STORE024,SKU03139,731.2,25,10,2025-11-20
STORE010,SKU03139,43.4,25,10,2025-11-20
STORE017,SKU03139,291.8,25,10,2025-11-20
STORE022,SKU03139,218.7,25,10,2025-11-20
STORE004,SKU03139,261.2,25,10,2025-11-20
STORE023,SKU03139,99.3,25,10,2025-11-20
STORE012,SKU03139,86.4,25,10,2025-11-20
STORE018,SKU03139,264.5,25,10,2025-11-20
STORE005,SKU03139,55.7,25,10,2025-11-20
STORE014,SKU03139,124.8,25,10,2025-11-20
STORE025,SKU03139,47.8,25,10,2025-11-20
STORE021,SKU03139,1.9,25,10,2025-11-20
STORE020,SKU03139,805.0,25,10,2025-11-20
STORE016,SKU03139,129.7,25,10,2025-11-20
STORE013,SKU03139,799.6,25,10,2025-11-20
STORE027,SKU03139,34.7,25,10,2025-11-20
STORE001,SKU03139,203.1,25,10,2025-11-20
STORE002,SKU03139,51.5,25,10,2025-11-20
STORE029,SKU03139,358.2,25,10,2025-11-20
STORE028,SKU03139,351.3,25,10,2025-11-20
STORE009,SKU03139,27.4,25,10,2025-11-20
STORE006,SKU03139,557.8,25,10,2025-11-20
STORE015,SKU03139,49.7,25,10,2025-11-20
STORE008,SKU03139,217.8,25,10,2025-11-20
STORE007,SKU03139,973.5,25,10,2025-11-20
STORE019,SKU03139,491.1,25,10,2025-11-20
STORE013,SKU03140,195.8,25,10,2025-11-20
STORE010,SKU03140,26.2,25,10,2025-11-20
STORE025,SKU03140,7.0,25,10,2025-11-20
STORE005,SKU03141,0.0,119,46,2025-10-15
STORE001,SKU03142,0.0,101,21,2025-10-15
STORE013,SKU03143,16.0,25,10,2025-11-20
STORE006,SKU03143,53.2,25,10,2025-11-20
STORE019,SKU03143,120.8,25,10,2025-11-20
STORE030,SKU03144,35.0,25,10,2025-11-20
STORE017,SKU03144,232.0,25,10,2025-11-20
STORE030,SKU03145,0.0,110,49,2025-10-15
STORE015,SKU03146,70.8,25,10,2025-11-20
STORE021,SKU03146,75.6,25,10,2025-11-20
STORE017,SKU03146,196.5,25,10,2025-11-20
STORE016,SKU03147,77.2,25,10,2025-11-20
STORE008,SKU03147,205.0,25,10,2025-11-20
STORE027,SKU03147,20.8,25,10,2025-11-20
STORE011,SKU03148,45.1,25,10,2025-11-20
STORE017,SKU03148,1.9,25,10,2025-11-20
STORE011,SKU03149,22.4,43,21,2025-11-20
STORE025,SKU03149,110.6,43,21,2025-11-20
STORE024,SKU03150,642.8,25,10,2025-11-20
STORE013,SKU03150,97.0,25,10,2025-11-20
STORE021,SKU03150,131.9,25,10,2025-11-20
STORE029,SKU03150,256.5,25,10,2025-11-20
STORE010,SKU03150,79.1,25,10,2025-11-20
STORE027,SKU03150,555.0,25,10,2025-11-20
STORE030,SKU03150,494.6,25,10,2025-11-20
STORE026,SKU03150,52.3,25,10,2025-11-20
STORE004,SKU03150,207.5,25,10,2025-11-20
STORE020,SKU03150,496.4,25,10,2025-11-20
STORE014,SKU03150,137.0,25,10,2025-11-20
STORE005,SKU03150,333.8,25,10,2025-11-20
STORE007,SKU03150,17.2,25,10,2025-11-20
STORE023,SKU03150,312.4,25,10,2025-11-20
STORE006,SKU03150,55.2,25,10,2025-11-20
STORE002,SKU03150,591.1,25,10,2025-11-20
STORE017,SKU03150,146.2,25,10,2025-11-20
STORE003,SKU03150,110.1,25,10,2025-11-20
STORE012,SKU03150,612.0,25,10,2025-11-20
STORE018,SKU03150,17.1,25,10,2025-11-20
STORE025,SKU03150,168.2,25,10,2025-11-20
STORE028,SKU03150,153.8,25,10,2025-11-20
STORE015,SKU03150,111.6,25,10,2025-11-20
STORE008,SKU03150,808.3,25,10,2025-11-20
STORE011,SKU03150,462.8,25,10,2025-11-20
STORE001,SKU03150,22.0,25,10,2025-11-20
STORE010,SKU03151,0.0,76,42,2025-10-15
STORE002,SKU03152,241.8,25,10,2025-11-20
STORE010,SKU03152,144.5,25,10,2025-11-20
STORE006,SKU03152,445.6,25,10,2025-11-20
STORE020,SKU03152,72.4,25,10,2025-11-20
STORE009,SKU03152,164.6,25,10,2025-11-20
STORE018,SKU03152,133.9,25,10,2025-11-20
STORE007,SKU03152,129.7,25,10,2025-11-20
STORE004,SKU03152,117.4,25,10,2025-11-20
STORE029,SKU03152,44.4,25,10,2025-11-20
STORE016,SKU03152,271.7,25,10,2025-11-20
STORE017,SKU03152,115.7,25,10,2025-11-20
STORE019,SKU03152,613.6,25,10,2025-11-20
STORE023,SKU03152,58.3,25,10,2025-11-20
STORE003,SKU03152,221.4,25,10,2025-11-20
STORE021,SKU03152,544.8,25,10,2025-11-20
STORE014,SKU03152,210.0,25,10,2025-11-20
STORE022,SKU03152,395.3,25,10,2025-11-20
STORE008,SKU03152,338.8,25,10,2025-11-20
STORE027,SKU03152,86.1,25,10,2025-11-20
STORE024,SKU03152,176.7,25,10,2025-11-20
STORE015,SKU03152,32.8,25,10,2025-11-20
STORE005,SKU03152,147.9,25,10,2025-11-20
STORE030,SKU03152,50.5,25,10,2025-11-20
STORE028,SKU03152,262.5,25,10,2025-11-20
STORE013,SKU03152,144.8,25,10,2025-11-20
STORE017,SKU03153,4.0,27,12,2025-11-20
STORE023,SKU03154,7.5,25,10,2025-11-20
STORE007,SKU03154,159.6,25,10,2025-11-20
STORE004,SKU03154,1.8,25,10,2025-11-20
STORE024,SKU03154,1.1,25,10,2025-11-20
STORE018,SKU03155,130.0,25,10,2025-11-20
STORE001,SKU03156,203.2,25,10,2025-11-20
STORE002,SKU03156,222.2,25,10,2025-11-20
STORE008,SKU03156,61.0,25,10,2025-11-20
STORE029,SKU03156,121.6,25,10,2025-11-20
STORE014,SKU03157,0.0,89,33,2025-10-15
STORE001,SKU03158,0.0,117,43,2025-10-15
STORE024,SKU03159,8.6,28,13,2025-11-20
STORE006,SKU03159,127.4,28,13,2025-11-20
STORE023,SKU03160,41.0,28,13,2025-11-20
STORE001,SKU03161,14.4,25,10,2025-11-20
STORE002,SKU03161,16.0,25,10,2025-11-20
STORE012,SKU03161,114.6,25,10,2025-11-20
STORE030,SKU03162,166.1,25,10,2025-11-20
STORE007,SKU03162,49.9,25,10,2025-11-20
STORE024,SKU03163,69.6,25,10,2025-11-20
STORE006,SKU03163,10.4,25,10,2025-11-20
STORE018,SKU03163,3.0,25,10,2025-11-20
STORE011,SKU03164,61.0,25,10,2025-11-20
STORE007,SKU03164,110.5,25,10,2025-11-20
STORE018,SKU03164,173.5,25,10,2025-11-20
STORE013,SKU03165,72.6,25,10,2025-11-20
STORE007,SKU03165,106.4,25,10,2025-11-20
STORE028,SKU03166,53.9,25,10,2025-11-20
STORE004,SKU03166,180.1,25,10,2025-11-20
STORE001,SKU03167,159.0,25,10,2025-11-20
STORE011,SKU03168,4.8,25,10,2025-11-20
STORE021,SKU03168,208.1,25,10,2025-11-20
STORE002,SKU03168,79.0,25,10,2025-11-20
STORE026,SKU03168,27.8,25,10,2025-11-20
STORE006,SKU03168,296.3,25,10,2025-11-20
STORE009,SKU03169,27.0,29,14,2025-11-20
STORE008,SKU03170,71.0,29,14,2025-11-20
STORE029,SKU03171,0.7,25,10,2025-11-20
STORE017,SKU03171,0.9,25,10,2025-11-20
STORE008,SKU03171,6.0,25,10,2025-11-20
STORE018,SKU03171,3.2,25,10,2025-11-20
STORE023,SKU03171,8.2,25,10,2025-11-20
STORE001,SKU03171,0.9,25,10,2025-11-20
STORE012,SKU03171,0.4,25,10,2025-11-20
STORE027,SKU03171,0.0,25,10,2025-11-20
STORE006,SKU03171,2.4,25,10,2025-11-20
STORE014,SKU03171,21.5,25,10,2025-11-20
STORE020,SKU03171,4.0,25,10,2025-11-20
STORE022,SKU03171,1.2,25,10,2025-11-20
STORE002,SKU03171,7.0,25,10,2025-11-20
STORE026,SKU03171,5.1,25,10,2025-11-20
STORE015,SKU03171,0.1,25,10,2025-11-20
STORE007,SKU03171,5.7,25,10,2025-11-20
STORE009,SKU03171,1.2,25,10,2025-11-20
STORE024,SKU03171,0.5,25,10,2025-11-20
STORE016,SKU03171,0.9,25,10,2025-11-20
STORE006,SKU03172,221.1,25,10,2025-11-20
STORE027,SKU03172,193.5,25,10,2025-11-20
STORE015,SKU03172,119.3,25,10,2025-11-20
STORE025,SKU03172,66.1,25,10,2025-11-20
STORE014,SKU03173,397.4,25,10,2025-11-20
STORE008,SKU03173,1277.1,25,10,2025-11-20
STORE028,SKU03173,416.1,25,10,2025-11-20
STORE029,SKU03173,97.1,25,10,2025-11-20
STORE006,SKU03173,77.7,25,10,2025-11-20
STORE018,SKU03173,67.9,25,10,2025-11-20
STORE007,SKU03173,40.7,25,10,2025-11-20
STORE017,SKU03173,221.7,25,10,2025-11-20
STORE020,SKU03173,257.3,25,10,2025-11-20
STORE013,SKU03173,338.2,25,10,2025-11-20
STORE024,SKU03173,315.4,25,10,2025-11-20
STORE022,SKU03173,95.7,25,10,2025-11-20
STORE016,SKU03173,110.9,25,10,2025-11-20
STORE030,SKU03173,316.5,25,10,2025-11-20
STORE003,SKU03173,118.9,25,10,2025-11-20
STORE009,SKU03173,66.1,25,10,2025-11-20
STORE026,SKU03173,129.7,25,10,2025-11-20
STORE011,SKU03173,87.9,25,10,2025-11-20
STORE002,SKU03173,25.6,25,10,2025-11-20
STORE021,SKU03173,490.4,25,10,2025-11-20
STORE015,SKU03173,530.6,25,10,2025-11-20
STORE030,SKU03174,117.0,42,21,2025-11-20
STORE026,SKU03175,25.0,29,14,2025-11-20
STORE025,SKU03176,0.0,125,46,2025-10-15
STORE013,SKU03177,372.6,25,10,2025-11-20
STORE006,SKU03177,66.0,25,10,2025-11-20
STORE030,SKU03177,138.7,25,10,2025-11-20
STORE015,SKU03177,18.4,25,10,2025-11-20
STORE004,SKU03177,71.2,25,10,2025-11-20
STORE008,SKU03177,437.0,25,10,2025-11-20
STORE014,SKU03177,452.8,25,10,2025-11-20
STORE018,SKU03177,64.4,25,10,2025-11-20
STORE010,SKU03177,113.6,25,10,2025-11-20
STORE026,SKU03177,40.0,25,10,2025-11-20
STORE001,SKU03177,21.4,25,10,2025-11-20
STORE003,SKU03177,1346.0,25,10,2025-11-20
STORE007,SKU03177,295.8,25,10,2025-11-20
STORE005,SKU03177,216.8,25,10,2025-11-20
STORE029,SKU03177,402.5,25,10,2025-11-20
STORE021,SKU03177,508.7,25,10,2025-11-20
STORE027,SKU03177,456.1,25,10,2025-11-20
STORE012,SKU03177,4.6,25,10,2025-11-20
STORE022,SKU03177,57.4,25,10,2025-11-20
STORE019,SKU03177,295.3,25,10,2025-11-20
STORE002,SKU03177,130.8,25,10,2025-11-20
STORE022,SKU03178,169.0,25,10,2025-11-20
STORE018,SKU03179,252.2,25,10,2025-11-20
STORE028,SKU03179,722.5,25,10,2025-11-20
STORE017,SKU03179,51.8,25,10,2025-11-20
STORE024,SKU03179,459.6,25,10,2025-11-20
STORE008,SKU03179,89.3,25,10,2025-11-20
STORE012,SKU03179,1051.2,25,10,2025-11-20
STORE006,SKU03179,39.5,25,10,2025-11-20
STORE015,SKU03179,167.3,25,10,2025-11-20
STORE020,SKU03179,362.7,25,10,2025-11-20
STORE003,SKU03179,130.6,25,10,2025-11-20
STORE029,SKU03179,145.4,25,10,2025-11-20
STORE016,SKU03179,989.4,25,10,2025-11-20
STORE011,SKU03179,127.6,25,10,2025-11-20
STORE001,SKU03179,213.5,25,10,2025-11-20
STORE013,SKU03179,12.9,25,10,2025-11-20
STORE023,SKU03179,425.4,25,10,2025-11-20
STORE026,SKU03179,240.7,25,10,2025-11-20
STORE014,SKU03179,119.2,25,10,2025-11-20
STORE007,SKU03179,3.8,25,10,2025-11-20
STORE002,SKU03179,206.4,25,10,2025-11-20
STORE022,SKU03179,2.9,25,10,2025-11-20
STORE014,SKU03180,0.3,25,10,2025-11-20
STORE025,SKU03180,209.8,25,10,2025-11-20
STORE021,SKU03180,45.9,25,10,2025-11-20
STORE024,SKU03181,7.0,25,10,2025-11-20
STORE012,SKU03182,251.6,25,10,2025-11-20
STORE027,SKU03182,13.1,25,10,2025-11-20
STORE019,SKU03182,89.3,25,10,2025-11-20
STORE006,SKU03183,47.0,25,10,2025-11-20
STORE001,SKU03184,82.5,25,10,2025-11-20
STORE021,SKU03184,103.1,25,10,2025-11-20
STORE029,SKU03184,121.4,25,10,2025-11-20
STORE030,SKU03184,28.0,25,10,2025-11-20
STORE018,SKU03185,135.4,25,10,2025-11-20
STORE017,SKU03185,118.6,25,10,2025-11-20
STORE004,SKU03186,31.6,25,10,2025-11-20
STORE028,SKU03186,165.6,25,10,2025-11-20
STORE021,SKU03186,13.9,25,10,2025-11-20
STORE027,SKU03186,16.9,25,10,2025-11-20
STORE009,SKU03187,279.0,26,11,2025-11-20
STORE008,SKU03188,254.0,25,10,2025-11-20
STORE025,SKU03189,88.0,25,10,2025-11-20
STORE003,SKU03190,114.2,25,10,2025-11-20
STORE020,SKU03190,218.9,25,10,2025-11-20
STORE005,SKU03190,73.9,25,10,2025-11-20
STORE015,SKU03190,16.0,25,10,2025-11-20
STORE020,SKU03191,0.0,90,34,2025-10-15
STORE004,SKU03192,87.8,25,10,2025-11-20
STORE015,SKU03192,278.9,25,10,2025-11-20
STORE017,SKU03192,243.9,25,10,2025-11-20
STORE023,SKU03192,194.5,25,10,2025-11-20
STORE030,SKU03192,295.1,25,10,2025-11-20
STORE012,SKU03192,260.6,25,10,2025-11-20
STORE019,SKU03192,547.5,25,10,2025-11-20
STORE014,SKU03192,226.5,25,10,2025-11-20
STORE024,SKU03192,387.3,25,10,2025-11-20
STORE018,SKU03192,73.5,25,10,2025-11-20
STORE008,SKU03192,291.2,25,10,2025-11-20
STORE021,SKU03192,597.1,25,10,2025-11-20
STORE010,SKU03192,125.2,25,10,2025-11-20
STORE025,SKU03192,387.9,25,10,2025-11-20
STORE016,SKU03192,331.4,25,10,2025-11-20
STORE003,SKU03192,15.8,25,10,2025-11-20
STORE028,SKU03192,223.7,25,10,2025-11-20
STORE011,SKU03192,35.8,25,10,2025-11-20
STORE001,SKU03192,878.7,25,10,2025-11-20
STORE029,SKU03192,428.5,25,10,2025-11-20
STORE007,SKU03192,29.9,25,10,2025-11-20
STORE022,SKU03192,33.3,25,10,2025-11-20
STORE012,SKU03193,186.3,35,17,2025-11-20
STORE023,SKU03193,87.3,35,17,2025-11-20
STORE027,SKU03193,7.3,35,17,2025-11-20
STORE013,SKU03194,133.2,27,12,2025-11-20
STORE018,SKU03194,83.8,27,12,2025-11-20
STORE013,SKU03195,0.0,84,44,2025-10-15
STORE020,SKU03196,76.0,72,36,2025-11-20
STORE028,SKU03197,80.7,25,10,2025-11-20
STORE012,SKU03197,122.9,25,10,2025-11-20
STORE019,SKU03197,70.4,25,10,2025-11-20
STORE027,SKU03198,27.0,36,18,2025-11-20
STORE004,SKU03199,0.0,103,33,2025-10-15
STORE005,SKU03199,0.0,70,40,2025-10-15
STORE011,SKU03199,0.0,102,44,2025-10-15
STORE015,SKU03199,0.0,92,43,2025-10-15
STORE007,SKU03199,0.0,86,48,2025-10-15
STORE010,SKU03199,0.0,106,38,2025-10-15
STORE020,SKU03199,0.0,78,20,2025-10-15
STORE017,SKU03199,0.0,98,28,2025-10-15
STORE019,SKU03199,0.0,74,35,2025-10-15
STORE022,SKU03199,0.0,113,44,2025-10-15
STORE006,SKU03199,0.0,90,33,2025-10-15
STORE028,SKU03199,0.0,87,38,2025-10-15
STORE021,SKU03199,0.0,100,22,2025-10-15
STORE008,SKU03199,0.0,100,34,2025-10-15
STORE009,SKU03199,0.0,94,39,2025-10-15
STORE018,SKU03199,0.0,66,35,2025-10-15
STORE018,SKU03200,144.2,25,10,2025-11-20
STORE001,SKU03200,180.8,25,10,2025-11-20
STORE018,SKU03201,4.7,25,10,2025-11-20
STORE026,SKU03201,29.4,25,10,2025-11-20
STORE020,SKU03201,59.9,25,10,2025-11-20
STORE015,SKU03202,92.9,25,10,2025-11-20
STORE010,SKU03202,157.1,25,10,2025-11-20
STORE022,SKU03202,75.0,25,10,2025-11-20
STORE022,SKU03203,76.0,28,13,2025-11-20
STORE016,SKU03203,86.0,28,13,2025-11-20
STORE009,SKU03204,11.0,25,10,2025-11-20
STORE018,SKU03204,4.5,25,10,2025-11-20
STORE012,SKU03204,167.5,25,10,2025-11-20
STORE022,SKU03205,18.4,25,10,2025-11-20
STORE020,SKU03205,25.6,25,10,2025-11-20
STORE028,SKU03206,67.7,25,10,2025-11-20
STORE019,SKU03206,27.0,25,10,2025-11-20
STORE010,SKU03206,53.6,25,10,2025-11-20
STORE013,SKU03206,52.8,25,10,2025-11-20
STORE009,SKU03206,40.8,25,10,2025-11-20
STORE003,SKU03207,66.2,25,10,2025-11-20
STORE017,SKU03207,23.1,25,10,2025-11-20
STORE007,SKU03207,35.7,25,10,2025-11-20
STORE026,SKU03208,209.1,25,10,2025-11-20
STORE020,SKU03208,186.2,25,10,2025-11-20
STORE017,SKU03208,204.7,25,10,2025-11-20
STORE028,SKU03209,170.7,25,10,2025-11-20
STORE010,SKU03209,19.3,25,10,2025-11-20
STORE004,SKU03210,89.7,25,10,2025-11-20
STORE014,SKU03210,96.9,25,10,2025-11-20
STORE015,SKU03210,712.2,25,10,2025-11-20
STORE008,SKU03210,310.8,25,10,2025-11-20
STORE010,SKU03210,25.3,25,10,2025-11-20
STORE028,SKU03210,43.2,25,10,2025-11-20
STORE017,SKU03210,50.2,25,10,2025-11-20
STORE021,SKU03210,295.3,25,10,2025-11-20
STORE011,SKU03210,394.4,25,10,2025-11-20
STORE007,SKU03210,582.5,25,10,2025-11-20
STORE013,SKU03210,837.7,25,10,2025-11-20
STORE019,SKU03210,66.8,25,10,2025-11-20
STORE018,SKU03210,110.0,25,10,2025-11-20
STORE030,SKU03210,81.5,25,10,2025-11-20
STORE020,SKU03210,131.8,25,10,2025-11-20
STORE005,SKU03210,730.1,25,10,2025-11-20
STORE016,SKU03210,253.9,25,10,2025-11-20
STORE026,SKU03210,397.5,25,10,2025-11-20
STORE009,SKU03210,199.8,25,10,2025-11-20
STORE001,SKU03210,8.7,25,10,2025-11-20
STORE025,SKU03210,19.7,25,10,2025-11-20
STORE010,SKU03211,58.3,25,10,2025-11-20
STORE011,SKU03211,95.7,25,10,2025-11-20
STORE001,SKU03212,146.0,25,10,2025-11-20
STORE026,SKU03213,65.9,27,12,2025-11-20
STORE020,SKU03213,85.7,27,12,2025-11-20
STORE006,SKU03213,27.3,27,12,2025-11-20
STORE022,SKU03214,142.0,25,10,2025-11-20
STORE021,SKU03214,53.6,25,10,2025-11-20
STORE017,SKU03214,117.4,25,10,2025-11-20
STORE026,SKU03215,69.2,25,10,2025-11-20
STORE013,SKU03215,230.8,25,10,2025-11-20
STORE029,SKU03216,122.0,25,10,2025-11-20
STORE001,SKU03217,0.0,70,30,2025-10-15
STORE004,SKU03218,72.8,25,10,2025-11-20
STORE027,SKU03218,24.9,25,10,2025-11-20
STORE029,SKU03218,31.4,25,10,2025-11-20
STORE002,SKU03219,11.0,28,13,2025-11-20
STORE006,SKU03220,808.4,25,10,2025-11-20
STORE013,SKU03220,163.0,25,10,2025-11-20
STORE005,SKU03220,64.4,25,10,2025-11-20
STORE015,SKU03220,109.0,25,10,2025-11-20
STORE002,SKU03220,197.1,25,10,2025-11-20
STORE029,SKU03220,111.5,25,10,2025-11-20
STORE025,SKU03220,86.4,25,10,2025-11-20
STORE010,SKU03220,432.5,25,10,2025-11-20
STORE018,SKU03220,2.6,25,10,2025-11-20
STORE020,SKU03220,251.6,25,10,2025-11-20
STORE026,SKU03220,512.7,25,10,2025-11-20
STORE001,SKU03220,100.5,25,10,2025-11-20
STORE022,SKU03220,300.2,25,10,2025-11-20
STORE030,SKU03220,358.9,25,10,2025-11-20
STORE009,SKU03220,345.6,25,10,2025-11-20
STORE016,SKU03220,191.7,25,10,2025-11-20
STORE014,SKU03220,138.2,25,10,2025-11-20
STORE028,SKU03220,586.9,25,10,2025-11-20
STORE017,SKU03220,461.3,25,10,2025-11-20
STORE027,SKU03220,125.8,25,10,2025-11-20
STORE021,SKU03220,35.3,25,10,2025-11-20
STORE004,SKU03220,24.2,25,10,2025-11-20
STORE019,SKU03220,32.2,25,10,2025-11-20
STORE018,SKU03221,99.0,25,10,2025-11-20
STORE029,SKU03222,7.6,25,10,2025-11-20
STORE018,SKU03222,58.7,25,10,2025-11-20
STORE019,SKU03222,200.0,25,10,2025-11-20
STORE007,SKU03222,49.8,25,10,2025-11-20
STORE028,SKU03222,205.9,25,10,2025-11-20
STORE022,SKU03223,149.5,25,10,2025-11-20
STORE026,SKU03223,30.8,25,10,2025-11-20
STORE002,SKU03223,142.6,25,10,2025-11-20
STORE011,SKU03224,14.0,25,10,2025-11-20
STORE016,SKU03225,0.0,101,29,2025-10-15
STORE027,SKU03226,0.0,102,37,2025-10-15
STORE008,SKU03227,25.4,25,10,2025-11-20
STORE020,SKU03227,11.9,25,10,2025-11-20
STORE024,SKU03227,37.0,25,10,2025-11-20
STORE016,SKU03227,127.6,25,10,2025-11-20
STORE009,SKU03227,51.2,25,10,2025-11-20
STORE027,SKU03228,38.3,27,12,2025-11-20
STORE028,SKU03228,231.7,27,12,2025-11-20
STORE024,SKU03229,36.8,25,10,2025-11-20
STORE004,SKU03229,59.1,25,10,2025-11-20
STORE018,SKU03229,87.4,25,10,2025-11-20
STORE012,SKU03229,47.7,25,10,2025-11-20
STORE014,SKU03230,0.0,92,47,2025-10-15
STORE001,SKU03231,124.3,25,10,2025-11-20
STORE005,SKU03231,94.7,25,10,2025-11-20
STORE030,SKU03232,41.0,87,43,2025-11-20
STORE015,SKU03233,9.0,25,10,2025-11-20
STORE026,SKU03233,99.3,25,10,2025-11-20
STORE012,SKU03233,150.9,25,10,2025-11-20
STORE030,SKU03233,8.1,25,10,2025-11-20
STORE001,SKU03233,36.8,25,10,2025-11-20
STORE002,SKU03234,34.8,25,10,2025-11-20
STORE001,SKU03234,163.1,25,10,2025-11-20
STORE007,SKU03234,148.5,25,10,2025-11-20
STORE022,SKU03234,17.6,25,10,2025-11-20
STORE012,SKU03235,565.2,25,10,2025-11-20
STORE024,SKU03235,53.8,25,10,2025-11-20
STORE013,SKU03235,430.4,25,10,2025-11-20
STORE025,SKU03235,164.7,25,10,2025-11-20
STORE022,SKU03235,107.3,25,10,2025-11-20
STORE028,SKU03235,46.5,25,10,2025-11-20
STORE004,SKU03235,49.5,25,10,2025-11-20
STORE019,SKU03235,292.4,25,10,2025-11-20
STORE020,SKU03235,215.6,25,10,2025-11-20
STORE030,SKU03235,35.1,25,10,2025-11-20
STORE007,SKU03235,32.2,25,10,2025-11-20
STORE001,SKU03235,20.2,25,10,2025-11-20
STORE021,SKU03235,367.2,25,10,2025-11-20
STORE027,SKU03235,335.6,25,10,2025-11-20
STORE010,SKU03235,16.2,25,10,2025-11-20
STORE002,SKU03235,221.6,25,10,2025-11-20
STORE009,SKU03235,23.9,25,10,2025-11-20
STORE005,SKU03235,631.3,25,10,2025-11-20
STORE016,SKU03235,640.9,25,10,2025-11-20
STORE029,SKU03235,323.1,25,10,2025-11-20
STORE008,SKU03235,702.9,25,10,2025-11-20
STORE014,SKU03235,449.9,25,10,2025-11-20
STORE017,SKU03235,475.6,25,10,2025-11-20
STORE011,SKU03235,227.4,25,10,2025-11-20
STORE026,SKU03235,98.5,25,10,2025-11-20
STORE018,SKU03235,66.2,25,10,2025-11-20
STORE023,SKU03235,106.9,25,10,2025-11-20
STORE003,SKU03235,267.0,25,10,2025-11-20
STORE015,SKU03235,51.1,25,10,2025-11-20
STORE006,SKU03235,80.7,25,10,2025-11-20
STORE021,SKU03236,18.9,25,10,2025-11-20
STORE004,SKU03236,7.9,25,10,2025-11-20
STORE017,SKU03236,26.5,25,10,2025-11-20
STORE016,SKU03236,76.7,25,10,2025-11-20
STORE006,SKU03237,83.1,25,10,2025-11-20
STORE014,SKU03237,66.2,25,10,2025-11-20
STORE029,SKU03237,52.7,25,10,2025-11-20
STORE021,SKU03238,121.5,25,10,2025-11-20
STORE026,SKU03238,37.5,25,10,2025-11-20
STORE002,SKU03239,82.3,25,10,2025-11-20
STORE001,SKU03239,10.5,25,10,2025-11-20
STORE004,SKU03239,3.5,25,10,2025-11-20
STORE021,SKU03239,50.7,25,10,2025-11-20
STORE025,SKU03240,98.7,25,10,2025-11-20
STORE007,SKU03240,237.6,25,10,2025-11-20
STORE014,SKU03240,14.7,25,10,2025-11-20
STORE012,SKU03241,28.3,25,10,2025-11-20
STORE029,SKU03241,36.5,25,10,2025-11-20
STORE023,SKU03241,10.7,25,10,2025-11-20
STORE004,SKU03241,205.4,25,10,2025-11-20
STORE002,SKU03242,215.5,29,14,2025-11-20
STORE008,SKU03242,55.5,29,14,2025-11-20
STORE009,SKU03243,10.0,25,10,2025-11-20
STORE030,SKU03244,2.0,25,10,2025-11-20
STORE010,SKU03245,68.0,25,10,2025-11-20
STORE010,SKU03246,64.0,64,32,2025-11-20
STORE009,SKU03247,80.0,25,10,2025-11-20
STORE005,SKU03247,45.0,25,10,2025-11-20
STORE020,SKU03248,112.6,25,10,2025-11-20
STORE002,SKU03248,169.9,25,10,2025-11-20
STORE013,SKU03248,93.5,25,10,2025-11-20
STORE016,SKU03248,117.0,25,10,2025-11-20
STORE009,SKU03249,103.6,25,10,2025-11-20
STORE022,SKU03249,13.4,25,10,2025-11-20
STORE011,SKU03250,50.5,25,10,2025-11-20
STORE014,SKU03250,143.5,25,10,2025-11-20
STORE018,SKU03251,244.4,25,10,2025-11-20
STORE029,SKU03251,50.9,25,10,2025-11-20
STORE013,SKU03251,122.0,25,10,2025-11-20
STORE027,SKU03251,163.2,25,10,2025-11-20
STORE012,SKU03251,140.6,25,10,2025-11-20
STORE006,SKU03251,50.8,25,10,2025-11-20
STORE010,SKU03251,668.0,25,10,2025-11-20
STORE002,SKU03251,371.6,25,10,2025-11-20
STORE028,SKU03251,169.8,25,10,2025-11-20
STORE005,SKU03251,294.8,25,10,2025-11-20
STORE021,SKU03251,588.6,25,10,2025-11-20
STORE004,SKU03251,37.9,25,10,2025-11-20
STORE011,SKU03251,74.5,25,10,2025-11-20
STORE026,SKU03251,202.4,25,10,2025-11-20
STORE014,SKU03251,415.0,25,10,2025-11-20
STORE016,SKU03251,9.6,25,10,2025-11-20
STORE008,SKU03251,1069.9,25,10,2025-11-20
STORE005,SKU03252,139.0,25,10,2025-11-20
STORE011,SKU03253,0.0,106,49,2025-10-15
STORE025,SKU03254,145.9,25,10,2025-11-20
STORE006,SKU03254,113.6,25,10,2025-11-20
STORE029,SKU03254,62.8,25,10,2025-11-20
STORE028,SKU03254,514.1,25,10,2025-11-20
STORE004,SKU03254,1019.8,25,10,2025-11-20
STORE020,SKU03254,175.0,25,10,2025-11-20
STORE001,SKU03254,998.5,25,10,2025-11-20
STORE011,SKU03254,569.2,25,10,2025-11-20
STORE008,SKU03254,215.1,25,10,2025-11-20
STORE007,SKU03254,367.5,25,10,2025-11-20
STORE010,SKU03254,187.2,25,10,2025-11-20
STORE015,SKU03254,268.2,25,10,2025-11-20
STORE024,SKU03254,19.6,25,10,2025-11-20
STORE009,SKU03254,390.7,25,10,2025-11-20
STORE016,SKU03254,17.8,25,10,2025-11-20
STORE005,SKU03254,557.0,25,10,2025-11-20
STORE022,SKU03254,571.4,25,10,2025-11-20
STORE021,SKU03254,88.7,25,10,2025-11-20
STORE019,SKU03254,128.2,25,10,2025-11-20
STORE017,SKU03254,215.2,25,10,2025-11-20
STORE012,SKU03254,297.7,25,10,2025-11-20
STORE027,SKU03254,111.1,25,10,2025-11-20
STORE023,SKU03254,294.3,25,10,2025-11-20
STORE030,SKU03254,115.9,25,10,2025-11-20
STORE002,SKU03254,18.7,25,10,2025-11-20
STORE013,SKU03254,0.8,25,10,2025-11-20
STORE014,SKU03255,8.5,25,10,2025-11-20
STORE011,SKU03255,124.8,25,10,2025-11-20
STORE006,SKU03255,258.5,25,10,2025-11-20
STORE004,SKU03255,44.2,25,10,2025-11-20
STORE028,SKU03256,114.0,25,10,2025-11-20
STORE027,SKU03257,57.2,25,10,2025-11-20
STORE030,SKU03257,288.5,25,10,2025-11-20
STORE008,SKU03257,56.3,25,10,2025-11-20
STORE018,SKU03257,340.4,25,10,2025-11-20
STORE028,SKU03257,975.3,25,10,2025-11-20
STORE011,SKU03257,78.5,25,10,2025-11-20
STORE001,SKU03257,521.1,25,10,2025-11-20
STORE016,SKU03257,8.6,25,10,2025-11-20
STORE003,SKU03257,169.6,25,10,2025-11-20
STORE005,SKU03257,42.3,25,10,2025-11-20
STORE010,SKU03257,156.6,25,10,2025-11-20
STORE025,SKU03257,68.7,25,10,2025-11-20
STORE012,SKU03257,168.4,25,10,2025-11-20
STORE007,SKU03257,194.7,25,10,2025-11-20
STORE004,SKU03257,128.8,25,10,2025-11-20
STORE022,SKU03257,385.1,25,10,2025-11-20
STORE029,SKU03257,904.9,25,10,2025-11-20
STORE020,SKU03257,184.4,25,10,2025-11-20
STORE024,SKU03257,77.0,25,10,2025-11-20
STORE014,SKU03257,113.7,25,10,2025-11-20
STORE023,SKU03257,693.2,25,10,2025-11-20
STORE017,SKU03257,305.4,25,10,2025-11-20
STORE015,SKU03257,218.7,25,10,2025-11-20
STORE006,SKU03257,58.4,25,10,2025-11-20
STORE002,SKU03257,215.2,25,10,2025-11-20
STORE019,SKU03257,117.6,25,10,2025-11-20
STORE021,SKU03257,1033.1,25,10,2025-11-20
STORE026,SKU03257,776.3,25,10,2025-11-20
STORE025,SKU03258,8.0,25,10,2025-11-20
STORE016,SKU03259,5.3,25,10,2025-11-20
STORE008,SKU03259,1.9,25,10,2025-11-20
STORE025,SKU03259,3.9,25,10,2025-11-20
STORE021,SKU03259,15.3,25,10,2025-11-20
STORE005,SKU03259,5.5,25,10,2025-11-20
STORE027,SKU03259,3.0,25,10,2025-11-20
STORE015,SKU03259,1.7,25,10,2025-11-20
STORE030,SKU03259,11.8,25,10,2025-11-20
STORE006,SKU03259,7.2,25,10,2025-11-20
STORE014,SKU03259,4.6,25,10,2025-11-20
STORE009,SKU03259,1.8,25,10,2025-11-20
STORE018,SKU03259,3.0,25,10,2025-11-20
STORE019,SKU03259,23.5,25,10,2025-11-20
STORE029,SKU03259,5.4,25,10,2025-11-20
STORE012,SKU03259,3.7,25,10,2025-11-20
STORE020,SKU03259,5.4,25,10,2025-11-20
STORE011,SKU03260,52.0,28,13,2025-11-20
STORE023,SKU03261,39.8,25,10,2025-11-20
STORE022,SKU03261,18.9,25,10,2025-11-20
STORE011,SKU03261,84.3,25,10,2025-11-20
STORE018,SKU03262,39.1,25,10,2025-11-20
STORE011,SKU03262,44.6,25,10,2025-11-20
STORE006,SKU03262,76.3,25,10,2025-11-20
STORE006,SKU03263,133.5,25,10,2025-11-20
STORE019,SKU03263,22.5,25,10,2025-11-20
STORE022,SKU03264,234.0,25,10,2025-11-20
STORE010,SKU03265,25.8,25,10,2025-11-20
STORE006,SKU03265,44.2,25,10,2025-11-20
STORE022,SKU03266,280.4,25,10,2025-11-20
STORE027,SKU03266,202.1,25,10,2025-11-20
STORE012,SKU03266,58.7,25,10,2025-11-20
STORE005,SKU03266,359.5,25,10,2025-11-20
STORE023,SKU03266,416.1,25,10,2025-11-20
STORE011,SKU03266,205.7,25,10,2025-11-20
STORE004,SKU03266,171.3,25,10,2025-11-20
STORE013,SKU03266,30.9,25,10,2025-11-20
STORE024,SKU03266,22.4,25,10,2025-11-20
STORE017,SKU03266,106.0,25,10,2025-11-20
STORE025,SKU03266,95.1,25,10,2025-11-20
STORE016,SKU03266,784.8,25,10,2025-11-20
STORE028,SKU03266,391.1,25,10,2025-11-20
STORE003,SKU03266,275.6,25,10,2025-11-20
STORE015,SKU03266,186.3,25,10,2025-11-20
STORE002,SKU03266,46.8,25,10,2025-11-20
STORE001,SKU03266,980.6,25,10,2025-11-20
STORE006,SKU03266,120.1,25,10,2025-11-20
STORE014,SKU03266,28.9,25,10,2025-11-20
STORE009,SKU03266,174.0,25,10,2025-11-20
STORE018,SKU03266,529.3,25,10,2025-11-20
STORE026,SKU03266,557.8,25,10,2025-11-20
STORE029,SKU03266,2.8,25,10,2025-11-20
STORE008,SKU03266,555.5,25,10,2025-11-20
STORE010,SKU03266,80.9,25,10,2025-11-20
STORE021,SKU03266,10.2,25,10,2025-11-20
STORE030,SKU03266,481.0,25,10,2025-11-20
STORE019,SKU03266,509.5,25,10,2025-11-20
STORE007,SKU03266,231.7,25,10,2025-11-20
STORE009,SKU03267,68.8,25,10,2025-11-20
STORE016,SKU03267,135.0,25,10,2025-11-20
STORE008,SKU03267,124.2,25,10,2025-11-20
STORE025,SKU03268,106.3,25,10,2025-11-20
STORE012,SKU03268,38.7,25,10,2025-11-20
STORE021,SKU03269,26.0,25,10,2025-11-20
STORE007,SKU03269,42.0,25,10,2025-11-20
STORE012,SKU03270,2.6,25,10,2025-11-20
STORE025,SKU03270,39.4,25,10,2025-11-20
STORE005,SKU03271,128.7,25,10,2025-11-20
STORE010,SKU03271,91.1,25,10,2025-11-20
STORE015,SKU03271,176.4,25,10,2025-11-20
STORE028,SKU03271,10.7,25,10,2025-11-20
STORE017,SKU03272,0.0,120,43,2025-10-15
STORE028,SKU03273,72.8,25,10,2025-11-20
STORE024,SKU03273,211.2,25,10,2025-11-20
STORE010,SKU03274,2.6,25,10,2025-11-20
STORE004,SKU03274,6.0,25,10,2025-11-20
STORE027,SKU03274,30.2,25,10,2025-11-20
STORE026,SKU03274,6.0,25,10,2025-11-20
STORE015,SKU03274,4.8,25,10,2025-11-20
STORE029,SKU03274,6.3,25,10,2025-11-20
STORE012,SKU03274,7.9,25,10,2025-11-20
STORE019,SKU03274,10.8,25,10,2025-11-20
STORE030,SKU03274,17.4,25,10,2025-11-20
STORE023,SKU03274,6.5,25,10,2025-11-20
STORE028,SKU03274,18.3,25,10,2025-11-20
STORE007,SKU03274,8.2,25,10,2025-11-20
STORE009,SKU03274,4.5,25,10,2025-11-20
STORE022,SKU03274,11.6,25,10,2025-11-20
STORE021,SKU03274,13.6,25,10,2025-11-20
STORE001,SKU03274,8.8,25,10,2025-11-20
STORE006,SKU03274,0.6,25,10,2025-11-20
STORE008,SKU03275,41.0,25,10,2025-11-20
STORE016,SKU03275,73.9,25,10,2025-11-20
STORE017,SKU03275,73.1,25,10,2025-11-20
STORE018,SKU03276,226.3,29,14,2025-11-20
STORE001,SKU03276,3.7,29,14,2025-11-20
STORE008,SKU03277,274.0,25,10,2025-11-20
STORE007,SKU03277,60.0,25,10,2025-11-20
STORE004,SKU03277,72.2,25,10,2025-11-20
STORE017,SKU03277,146.0,25,10,2025-11-20
STORE029,SKU03277,47.3,25,10,2025-11-20
STORE014,SKU03277,419.7,25,10,2025-11-20
STORE003,SKU03277,17.4,25,10,2025-11-20
STORE024,SKU03277,114.3,25,10,2025-11-20
STORE026,SKU03277,368.2,25,10,2025-11-20
STORE030,SKU03277,186.0,25,10,2025-11-20
STORE027,SKU03277,67.2,25,10,2025-11-20
STORE006,SKU03277,106.2,25,10,2025-11-20
STORE025,SKU03277,238.5,25,10,2025-11-20
STORE002,SKU03277,704.3,25,10,2025-11-20
STORE016,SKU03277,434.8,25,10,2025-11-20
STORE009,SKU03277,81.5,25,10,2025-11-20
STORE015,SKU03277,1228.7,25,10,2025-11-20
STORE023,SKU03277,0.7,25,10,2025-11-20
STORE018,SKU03277,5.4,25,10,2025-11-20
STORE020,SKU03277,337.6,25,10,2025-11-20
STORE012,SKU03278,17.0,25,10,2025-11-20
STORE026,SKU03279,17.2,25,10,2025-11-20
STORE006,SKU03279,74.3,25,10,2025-11-20
STORE016,SKU03279,152.5,25,10,2025-11-20
STORE018,SKU03280,0.0,77,35,2025-10-15
STORE001,SKU03281,170.1,25,10,2025-11-20
STORE010,SKU03281,127.0,25,10,2025-11-20
STORE027,SKU03281,35.2,25,10,2025-11-20
STORE018,SKU03281,90.7,25,10,2025-11-20
STORE014,SKU03282,45.0,28,13,2025-11-20
STORE006,SKU03283,218.5,25,10,2025-11-20
STORE011,SKU03283,50.5,25,10,2025-11-20
STORE022,SKU03284,855.4,25,10,2025-11-20
STORE003,SKU03284,261.6,25,10,2025-11-20
STORE011,SKU03284,13.7,25,10,2025-11-20
STORE006,SKU03284,7.6,25,10,2025-11-20
STORE004,SKU03284,39.1,25,10,2025-11-20
STORE015,SKU03284,276.1,25,10,2025-11-20
STORE023,SKU03284,43.1,25,10,2025-11-20
STORE010,SKU03284,152.0,25,10,2025-11-20
STORE014,SKU03284,20.8,25,10,2025-11-20
STORE028,SKU03284,538.2,25,10,2025-11-20
STORE007,SKU03284,89.4,25,10,2025-11-20
STORE021,SKU03284,506.4,25,10,2025-11-20
STORE008,SKU03284,614.8,25,10,2025-11-20
STORE016,SKU03284,1.3,25,10,2025-11-20
STORE002,SKU03284,132.3,25,10,2025-11-20
STORE017,SKU03284,5.3,25,10,2025-11-20
STORE017,SKU03285,188.0,51,25,2025-11-20
STORE019,SKU03286,139.1,25,10,2025-11-20
STORE028,SKU03286,14.8,25,10,2025-11-20
STORE004,SKU03286,22.2,25,10,2025-11-20
STORE012,SKU03286,92.1,25,10,2025-11-20
STORE014,SKU03286,536.3,25,10,2025-11-20
STORE022,SKU03286,224.7,25,10,2025-11-20
STORE016,SKU03286,384.9,25,10,2025-11-20
STORE007,SKU03286,86.9,25,10,2025-11-20
STORE010,SKU03286,8.4,25,10,2025-11-20
STORE009,SKU03286,697.0,25,10,2025-11-20
STORE013,SKU03286,3.3,25,10,2025-11-20
STORE024,SKU03286,561.5,25,10,2025-11-20
STORE003,SKU03286,87.5,25,10,2025-11-20
STORE030,SKU03286,1.9,25,10,2025-11-20
STORE015,SKU03286,222.4,25,10,2025-11-20
STORE027,SKU03286,749.9,25,10,2025-11-20
STORE013,SKU03287,280.4,25,10,2025-11-20
STORE030,SKU03287,14.6,25,10,2025-11-20
STORE006,SKU03288,91.0,25,10,2025-11-20
STORE019,SKU03289,0.0,100,45,2025-10-15
STORE019,SKU03290,51.2,25,10,2025-11-20
STORE030,SKU03290,62.3,25,10,2025-11-20
STORE003,SKU03290,82.6,25,10,2025-11-20
STORE010,SKU03291,39.7,25,10,2025-11-20
STORE008,SKU03291,634.8,25,10,2025-11-20
STORE007,SKU03291,202.3,25,10,2025-11-20
STORE027,SKU03291,373.1,25,10,2025-11-20
STORE013,SKU03291,154.3,25,10,2025-11-20
STORE005,SKU03291,106.3,25,10,2025-11-20
STORE019,SKU03291,751.2,25,10,2025-11-20
STORE020,SKU03291,173.4,25,10,2025-11-20
STORE024,SKU03291,400.7,25,10,2025-11-20
STORE009,SKU03291,608.9,25,10,2025-11-20
STORE026,SKU03291,223.6,25,10,2025-11-20
STORE014,SKU03291,158.2,25,10,2025-11-20
STORE021,SKU03291,0.7,25,10,2025-11-20
STORE011,SKU03291,8.1,25,10,2025-11-20
STORE002,SKU03291,44.6,25,10,2025-11-20
STORE020,SKU03292,6.4,59,29,2025-11-20
STORE019,SKU03292,9.1,59,29,2025-11-20
STORE029,SKU03292,11.3,59,29,2025-11-20
STORE028,SKU03292,13.8,59,29,2025-11-20
STORE026,SKU03292,16.9,59,29,2025-11-20
STORE001,SKU03292,3.2,59,29,2025-11-20
STORE023,SKU03292,1.3,59,29,2025-11-20
STORE002,SKU03292,34.8,59,29,2025-11-20
STORE004,SKU03292,23.9,59,29,2025-11-20
STORE024,SKU03292,18.2,59,29,2025-11-20
STORE018,SKU03292,31.2,59,29,2025-11-20
STORE030,SKU03292,54.5,59,29,2025-11-20
STORE011,SKU03292,17.3,59,29,2025-11-20
STORE016,SKU03292,31.8,59,29,2025-11-20
STORE008,SKU03292,95.2,59,29,2025-11-20
STORE019,SKU03293,0.0,84,20,2025-10-15
STORE029,SKU03294,185.7,25,10,2025-11-20
STORE008,SKU03294,56.3,25,10,2025-11-20
STORE027,SKU03294,105.0,25,10,2025-11-20
STORE030,SKU03295,39.9,25,10,2025-11-20
STORE022,SKU03295,168.5,25,10,2025-11-20
STORE023,SKU03295,815.8,25,10,2025-11-20
STORE011,SKU03295,149.7,25,10,2025-11-20
STORE006,SKU03295,538.2,25,10,2025-11-20
STORE004,SKU03295,107.2,25,10,2025-11-20
STORE028,SKU03295,1386.1,25,10,2025-11-20
STORE003,SKU03295,177.4,25,10,2025-11-20
STORE018,SKU03295,8.9,25,10,2025-11-20
STORE020,SKU03295,181.1,25,10,2025-11-20
STORE014,SKU03295,65.8,25,10,2025-11-20
STORE017,SKU03295,6.8,25,10,2025-11-20
STORE010,SKU03295,352.4,25,10,2025-11-20
STORE029,SKU03295,66.1,25,10,2025-11-20
STORE026,SKU03295,326.3,25,10,2025-11-20
STORE027,SKU03295,69.7,25,10,2025-11-20
STORE010,SKU03296,0.0,79,32,2025-10-15
STORE024,SKU03297,19.3,25,10,2025-11-20
STORE017,SKU03297,325.6,25,10,2025-11-20
STORE025,SKU03297,40.1,25,10,2025-11-20
STORE017,SKU03298,153.2,25,10,2025-11-20
STORE010,SKU03298,156.8,25,10,2025-11-20
STORE020,SKU03298,136.9,25,10,2025-11-20
STORE025,SKU03299,129.8,25,10,2025-11-20
STORE029,SKU03299,59.2,25,10,2025-11-20
STORE027,SKU03300,51.9,25,10,2025-11-20
STORE022,SKU03300,199.1,25,10,2025-11-20
STORE020,SKU03301,46.6,25,10,2025-11-20
STORE024,SKU03301,183.4,25,10,2025-11-20
STORE015,SKU03302,167.8,25,10,2025-11-20
STORE019,SKU03302,54.8,25,10,2025-11-20
STORE012,SKU03302,94.8,25,10,2025-11-20
STORE030,SKU03302,59.2,25,10,2025-11-20
STORE006,SKU03302,102.1,25,10,2025-11-20
STORE018,SKU03302,161.4,25,10,2025-11-20
STORE030,SKU03303,259.0,25,10,2025-11-20
STORE029,SKU03304,37.1,25,10,2025-11-20
STORE012,SKU03304,131.9,25,10,2025-11-20
STORE027,SKU03305,112.9,25,10,2025-11-20
STORE025,SKU03305,24.1,25,10,2025-11-20
STORE029,SKU03306,2.8,25,10,2025-11-20
STORE016,SKU03306,290.2,25,10,2025-11-20
STORE011,SKU03307,63.3,25,10,2025-11-20
STORE021,SKU03307,21.7,25,10,2025-11-20
STORE023,SKU03308,76.5,25,10,2025-11-20
STORE019,SKU03308,31.9,25,10,2025-11-20
STORE012,SKU03308,65.6,25,10,2025-11-20
STORE025,SKU03309,61.7,25,10,2025-11-20
STORE017,SKU03309,37.3,25,10,2025-11-20
STORE005,SKU03310,234.0,25,10,2025-11-20
STORE017,SKU03311,1436.0,25,10,2025-11-20
STORE024,SKU03311,42.5,25,10,2025-11-20
STORE004,SKU03311,13.3,25,10,2025-11-20
STORE027,SKU03311,94.9,25,10,2025-11-20
STORE019,SKU03311,146.9,25,10,2025-11-20
STORE002,SKU03311,54.4,25,10,2025-11-20
STORE006,SKU03311,85.1,25,10,2025-11-20
STORE005,SKU03311,53.2,25,10,2025-11-20
STORE003,SKU03311,353.1,25,10,2025-11-20
STORE015,SKU03311,295.8,25,10,2025-11-20
STORE026,SKU03311,239.1,25,10,2025-11-20
STORE021,SKU03311,116.2,25,10,2025-11-20
STORE018,SKU03311,568.7,25,10,2025-11-20
STORE022,SKU03311,828.2,25,10,2025-11-20
STORE023,SKU03311,45.2,25,10,2025-11-20
STORE016,SKU03311,59.9,25,10,2025-11-20
STORE009,SKU03311,176.9,25,10,2025-11-20
STORE014,SKU03311,22.7,25,10,2025-11-20
STORE028,SKU03311,136.0,25,10,2025-11-20
STORE011,SKU03311,206.8,25,10,2025-11-20
STORE010,SKU03311,175.1,25,10,2025-11-20
STORE008,SKU03311,95.3,25,10,2025-11-20
STORE025,SKU03311,185.5,25,10,2025-11-20
STORE012,SKU03311,756.6,25,10,2025-11-20
STORE001,SKU03311,54.7,25,10,2025-11-20
STORE030,SKU03312,304.6,25,10,2025-11-20
STORE011,SKU03312,12.7,25,10,2025-11-20
STORE025,SKU03312,19.7,25,10,2025-11-20
STORE019,SKU03313,215.8,25,10,2025-11-20
STORE017,SKU03313,29.8,25,10,2025-11-20
STORE010,SKU03313,6.1,25,10,2025-11-20
STORE030,SKU03313,50.6,25,10,2025-11-20
STORE009,SKU03313,223.7,25,10,2025-11-20
STORE030,SKU03314,331.0,25,10,2025-11-20
STORE011,SKU03314,61.6,25,10,2025-11-20
STORE026,SKU03314,300.5,25,10,2025-11-20
STORE004,SKU03314,54.9,25,10,2025-11-20
STORE026,SKU03315,175.0,25,10,2025-11-20
STORE009,SKU03316,1.0,25,10,2025-11-20
STORE026,SKU03317,187.0,25,10,2025-11-20
STORE030,SKU03318,226.4,25,10,2025-11-20
STORE007,SKU03318,118.4,25,10,2025-11-20
STORE014,SKU03318,0.2,25,10,2025-11-20
STORE016,SKU03319,62.0,36,18,2025-11-20
STORE025,SKU03320,24.5,25,10,2025-11-20
STORE028,SKU03320,1091.3,25,10,2025-11-20
STORE006,SKU03320,118.1,25,10,2025-11-20
STORE017,SKU03320,171.7,25,10,2025-11-20
STORE013,SKU03320,34.3,25,10,2025-11-20
STORE027,SKU03320,42.5,25,10,2025-11-20
STORE004,SKU03320,462.9,25,10,2025-11-20
STORE003,SKU03320,1030.5,25,10,2025-11-20
STORE029,SKU03320,336.6,25,10,2025-11-20
STORE007,SKU03320,448.9,25,10,2025-11-20
STORE001,SKU03320,512.1,25,10,2025-11-20
STORE021,SKU03320,108.8,25,10,2025-11-20
STORE030,SKU03320,16.5,25,10,2025-11-20
STORE018,SKU03320,0.7,25,10,2025-11-20
STORE011,SKU03320,154.1,25,10,2025-11-20
STORE026,SKU03320,98.6,25,10,2025-11-20
STORE019,SKU03320,23.0,25,10,2025-11-20
STORE009,SKU03320,70.6,25,10,2025-11-20
STORE002,SKU03320,47.4,25,10,2025-11-20
STORE012,SKU03320,879.0,25,10,2025-11-20
STORE010,SKU03320,53.9,25,10,2025-11-20
STORE008,SKU03321,92.8,25,10,2025-11-20
STORE020,SKU03321,108.2,25,10,2025-11-20
STORE016,SKU03322,122.6,25,10,2025-11-20
STORE027,SKU03322,16.3,25,10,2025-11-20
STORE018,SKU03322,60.0,25,10,2025-11-20
STORE003,SKU03323,0.7,25,10,2025-11-20
STORE009,SKU03323,6.9,25,10,2025-11-20
STORE011,SKU03323,2.8,25,10,2025-11-20
STORE019,SKU03323,11.2,25,10,2025-11-20
STORE001,SKU03323,16.1,25,10,2025-11-20
STORE026,SKU03323,10.3,25,10,2025-11-20
STORE024,SKU03323,7.7,25,10,2025-11-20
STORE020,SKU03323,6.7,25,10,2025-11-20
STORE022,SKU03323,25.1,25,10,2025-11-20
STORE027,SKU03323,3.4,25,10,2025-11-20
STORE006,SKU03323,18.0,25,10,2025-11-20
STORE004,SKU03323,19.3,25,10,2025-11-20
STORE015,SKU03323,7.4,25,10,2025-11-20
STORE018,SKU03323,4.8,25,10,2025-11-20
STORE002,SKU03323,8.7,25,10,2025-11-20
STORE023,SKU03323,1.3,25,10,2025-11-20
STORE017,SKU03323,0.6,25,10,2025-11-20
STORE005,SKU03324,34.9,25,10,2025-11-20
STORE018,SKU03324,61.1,25,10,2025-11-20
STORE028,SKU03325,46.8,25,10,2025-11-20
STORE014,SKU03325,126.2,25,10,2025-11-20
STORE030,SKU03325,17.9,25,10,2025-11-20
STORE014,SKU03326,15.0,25,10,2025-11-20
STORE019,SKU03327,135.3,25,10,2025-11-20
STORE007,SKU03327,139.4,25,10,2025-11-20
STORE008,SKU03327,79.3,25,10,2025-11-20
STORE027,SKU03328,239.1,25,10,2025-11-20
STORE026,SKU03328,39.9,25,10,2025-11-20
STORE012,SKU03329,62.2,25,10,2025-11-20
STORE003,SKU03329,60.5,25,10,2025-11-20
STORE021,SKU03329,140.3,25,10,2025-11-20
STORE027,SKU03330,93.0,25,10,2025-11-20
STORE022,SKU03331,0.0,107,30,2025-10-15
STORE017,SKU03332,223.4,25,10,2025-11-20
STORE018,SKU03332,133.3,25,10,2025-11-20
STORE025,SKU03332,64.8,25,10,2025-11-20
STORE001,SKU03332,1.5,25,10,2025-11-20
STORE025,SKU03333,27.0,25,10,2025-11-20
STORE024,SKU03334,38.7,25,10,2025-11-20
STORE015,SKU03334,83.2,25,10,2025-11-20
STORE001,SKU03334,33.5,25,10,2025-11-20
STORE025,SKU03334,118.5,25,10,2025-11-20
STORE027,SKU03335,67.6,25,10,2025-11-20
STORE022,SKU03335,125.4,25,10,2025-11-20
STORE011,SKU03336,0.0,64,26,2025-10-15
STORE022,SKU03337,27.4,25,10,2025-11-20
STORE013,SKU03337,329.6,25,10,2025-11-20
STORE001,SKU03338,78.6,25,10,2025-11-20
STORE024,SKU03338,13.1,25,10,2025-11-20
STORE004,SKU03338,14.7,25,10,2025-11-20
STORE019,SKU03338,182.6,25,10,2025-11-20
STORE008,SKU03339,7.9,25,10,2025-11-20
STORE026,SKU03339,149.1,25,10,2025-11-20
STORE019,SKU03340,14.0,40,20,2025-11-20
STORE003,SKU03341,187.0,29,14,2025-11-20
STORE001,SKU03342,240.3,25,10,2025-11-20
STORE008,SKU03342,58.7,25,10,2025-11-20
STORE028,SKU03343,136.0,25,10,2025-11-20
STORE018,SKU03344,0.0,90,24,2025-10-15
STORE016,SKU03345,0.0,67,29,2025-10-15
STORE021,SKU03346,231.0,26,11,2025-11-20
STORE028,SKU03347,340.2,25,10,2025-11-20
STORE011,SKU03347,505.2,25,10,2025-11-20
STORE012,SKU03347,128.3,25,10,2025-11-20
STORE004,SKU03347,59.2,25,10,2025-11-20
STORE008,SKU03347,117.9,25,10,2025-11-20
STORE024,SKU03347,279.6,25,10,2025-11-20
STORE014,SKU03347,25.7,25,10,2025-11-20
STORE002,SKU03347,70.0,25,10,2025-11-20
STORE019,SKU03347,10.6,25,10,2025-11-20
STORE023,SKU03347,125.7,25,10,2025-11-20
STORE017,SKU03347,390.2,25,10,2025-11-20
STORE029,SKU03347,5.5,25,10,2025-11-20
STORE018,SKU03347,249.8,25,10,2025-11-20
STORE027,SKU03347,598.6,25,10,2025-11-20
STORE020,SKU03347,60.0,25,10,2025-11-20
STORE001,SKU03347,262.7,25,10,2025-11-20
STORE005,SKU03347,820.1,25,10,2025-11-20
STORE006,SKU03347,727.8,25,10,2025-11-20
STORE015,SKU03347,59.5,25,10,2025-11-20
STORE003,SKU03347,23.5,25,10,2025-11-20
STORE025,SKU03347,35.6,25,10,2025-11-20
STORE016,SKU03347,268.9,25,10,2025-11-20
STORE026,SKU03347,287.3,25,10,2025-11-20
STORE007,SKU03348,92.8,25,10,2025-11-20
STORE013,SKU03348,33.9,25,10,2025-11-20
STORE003,SKU03348,15.4,25,10,2025-11-20
STORE029,SKU03348,71.9,25,10,2025-11-20
STORE011,SKU03349,206.1,25,10,2025-11-20
STORE023,SKU03349,406.9,25,10,2025-11-20
STORE026,SKU03349,181.5,25,10,2025-11-20
STORE028,SKU03349,128.9,25,10,2025-11-20
STORE017,SKU03349,108.3,25,10,2025-11-20
STORE016,SKU03349,74.1,25,10,2025-11-20
STORE007,SKU03349,96.3,25,10,2025-11-20
STORE013,SKU03349,31.1,25,10,2025-11-20
STORE029,SKU03349,132.8,25,10,2025-11-20
STORE005,SKU03349,11.6,25,10,2025-11-20
STORE015,SKU03349,64.3,25,10,2025-11-20
STORE003,SKU03349,428.2,25,10,2025-11-20
STORE024,SKU03349,122.8,25,10,2025-11-20
STORE012,SKU03349,344.0,25,10,2025-11-20
STORE022,SKU03349,393.5,25,10,2025-11-20
STORE010,SKU03349,271.4,25,10,2025-11-20
STORE004,SKU03349,993.7,25,10,2025-11-20
STORE014,SKU03349,6.8,25,10,2025-11-20
STORE006,SKU03349,418.4,25,10,2025-11-20
STORE025,SKU03349,994.3,25,10,2025-11-20
STORE020,SKU03349,618.1,25,10,2025-11-20
STORE001,SKU03349,57.3,25,10,2025-11-20
STORE009,SKU03349,123.4,25,10,2025-11-20
STORE027,SKU03349,59.0,25,10,2025-11-20
STORE019,SKU03349,286.7,25,10,2025-11-20
STORE021,SKU03349,388.3,25,10,2025-11-20
STORE011,SKU03350,30.0,25,10,2025-11-20
STORE028,SKU03351,12.0,25,10,2025-11-20
STORE025,SKU03352,90.0,25,10,2025-11-20
STORE027,SKU03353,0.0,25,10,2025-11-20
STORE014,SKU03353,0.1,25,10,2025-11-20
STORE003,SKU03353,0.1,25,10,2025-11-20
STORE012,SKU03353,0.0,25,10,2025-11-20
STORE021,SKU03353,0.1,25,10,2025-11-20
STORE010,SKU03353,0.0,25,10,2025-11-20
STORE015,SKU03353,0.0,25,10,2025-11-20
STORE022,SKU03353,0.2,25,10,2025-11-20
STORE008,SKU03353,0.1,25,10,2025-11-20
STORE028,SKU03353,0.0,25,10,2025-11-20
STORE011,SKU03353,0.0,25,10,2025-11-20
STORE013,SKU03353,0.0,25,10,2025-11-20
STORE019,SKU03353,0.0,25,10,2025-11-20
STORE023,SKU03353,0.0,25,10,2025-11-20
STORE016,SKU03353,0.0,25,10,2025-11-20
STORE025,SKU03353,0.0,25,10,2025-11-20
STORE026,SKU03353,0.0,25,10,2025-11-20
STORE006,SKU03353,0.0,25,10,2025-11-20
STORE018,SKU03353,0.2,25,10,2025-11-20
STORE026,SKU03354,0.0,85,48,2025-10-15
STORE004,SKU03355,0.0,80,32,2025-10-15
STORE008,SKU03356,67.1,25,10,2025-11-20
STORE013,SKU03356,22.2,25,10,2025-11-20
STORE022,SKU03356,5.0,25,10,2025-11-20
STORE020,SKU03356,37.6,25,10,2025-11-20
STORE002,SKU03357,22.4,25,10,2025-11-20
STORE022,SKU03357,71.6,25,10,2025-11-20
STORE005,SKU03358,51.6,25,10,2025-11-20
STORE027,SKU03358,27.4,25,10,2025-11-20
STORE017,SKU03359,95.8,25,10,2025-11-20
STORE030,SKU03359,74.2,25,10,2025-11-20
STORE008,SKU03360,91.0,25,10,2025-11-20
STORE016,SKU03361,31.0,25,10,2025-11-20
STORE016,SKU03362,104.1,25,10,2025-11-20
STORE006,SKU03362,52.9,25,10,2025-11-20
STORE015,SKU03363,83.5,25,10,2025-11-20
STORE001,SKU03363,28.0,25,10,2025-11-20
STORE028,SKU03363,137.3,25,10,2025-11-20
STORE006,SKU03363,94.1,25,10,2025-11-20
STORE018,SKU03364,0.0,95,39,2025-10-15
STORE025,SKU03365,84.4,25,10,2025-11-20
STORE021,SKU03365,170.6,25,10,2025-11-20
STORE013,SKU03366,0.0,63,33,2025-10-15
STORE011,SKU03367,43.5,26,11,2025-11-20
STORE030,SKU03367,145.5,26,11,2025-11-20
STORE008,SKU03368,89.5,27,12,2025-11-20
STORE010,SKU03368,122.5,27,12,2025-11-20
STORE006,SKU03369,28.1,25,10,2025-11-20
STORE017,SKU03369,57.6,25,10,2025-11-20
STORE003,SKU03369,40.3,25,10,2025-11-20
STORE013,SKU03370,301.5,25,10,2025-11-20
STORE026,SKU03370,14.5,25,10,2025-11-20
STORE009,SKU03371,27.0,25,10,2025-11-20
STORE009,SKU03372,110.0,28,13,2025-11-20
STORE003,SKU03373,13.7,25,10,2025-11-20
STORE027,SKU03373,112.3,25,10,2025-11-20
STORE023,SKU03373,7.0,25,10,2025-11-20
STORE022,SKU03374,63.0,80,40,2025-11-20
STORE014,SKU03375,181.3,25,10,2025-11-20
STORE003,SKU03375,505.4,25,10,2025-11-20
STORE002,SKU03375,137.0,25,10,2025-11-20
STORE004,SKU03375,346.3,25,10,2025-11-20
STORE020,SKU03375,493.4,25,10,2025-11-20
STORE023,SKU03375,94.4,25,10,2025-11-20
STORE015,SKU03375,126.8,25,10,2025-11-20
STORE011,SKU03375,112.1,25,10,2025-11-20
STORE021,SKU03375,454.8,25,10,2025-11-20
STORE007,SKU03375,11.5,25,10,2025-11-20
STORE025,SKU03375,93.8,25,10,2025-11-20
STORE018,SKU03375,289.2,25,10,2025-11-20
STORE010,SKU03375,211.9,25,10,2025-11-20
STORE030,SKU03375,145.7,25,10,2025-11-20
STORE009,SKU03375,197.4,25,10,2025-11-20
STORE001,SKU03375,56.0,25,10,2025-11-20
STORE006,SKU03375,143.2,25,10,2025-11-20
STORE028,SKU03375,177.1,25,10,2025-11-20
STORE024,SKU03375,588.5,25,10,2025-11-20
STORE027,SKU03375,76.8,25,10,2025-11-20
STORE016,SKU03375,514.5,25,10,2025-11-20
STORE019,SKU03375,262.8,25,10,2025-11-20
STORE012,SKU03375,5.2,25,10,2025-11-20
STORE013,SKU03375,327.9,25,10,2025-11-20
STORE026,SKU03375,9.2,25,10,2025-11-20
STORE022,SKU03375,1511.5,25,10,2025-11-20
STORE001,SKU03376,763.0,25,10,2025-11-20
STORE009,SKU03376,130.7,25,10,2025-11-20
STORE005,SKU03376,110.2,25,10,2025-11-20
STORE016,SKU03376,177.9,25,10,2025-11-20
STORE014,SKU03376,163.0,25,10,2025-11-20
STORE007,SKU03376,172.5,25,10,2025-11-20
STORE026,SKU03376,141.9,25,10,2025-11-20
STORE028,SKU03376,359.4,25,10,2025-11-20
STORE017,SKU03376,66.4,25,10,2025-11-20
STORE004,SKU03376,692.7,25,10,2025-11-20
STORE029,SKU03376,619.6,25,10,2025-11-20
STORE020,SKU03376,239.6,25,10,2025-11-20
STORE019,SKU03376,709.2,25,10,2025-11-20
STORE015,SKU03376,105.1,25,10,2025-11-20
STORE021,SKU03376,6.6,25,10,2025-11-20
STORE018,SKU03376,357.5,25,10,2025-11-20
STORE013,SKU03376,226.7,25,10,2025-11-20
STORE010,SKU03376,310.1,25,10,2025-11-20
STORE008,SKU03377,52.0,25,10,2025-11-20
STORE019,SKU03378,70.7,25,10,2025-11-20
STORE011,SKU03378,20.3,25,10,2025-11-20
STORE026,SKU03379,223.4,27,12,2025-11-20
STORE007,SKU03379,13.5,27,12,2025-11-20
STORE030,SKU03379,27.1,27,12,2025-11-20
STORE001,SKU03380,178.0,25,10,2025-11-20
STORE019,SKU03381,101.0,28,13,2025-11-20
STORE014,SKU03382,0.0,70,38,2025-10-15
STORE014,SKU03383,133.1,25,10,2025-11-20
STORE016,SKU03383,83.2,25,10,2025-11-20
STORE013,SKU03383,210.7,25,10,2025-11-20
STORE009,SKU03384,36.1,25,10,2025-11-20
STORE023,SKU03384,173.7,25,10,2025-11-20
STORE025,SKU03384,33.6,25,10,2025-11-20
STORE028,SKU03384,11.6,25,10,2025-11-20
STORE030,SKU03385,60.2,25,10,2025-11-20
STORE022,SKU03385,39.5,25,10,2025-11-20
STORE028,SKU03385,330.3,25,10,2025-11-20
STORE020,SKU03386,55.0,25,10,2025-11-20
STORE021,SKU03387,72.0,25,10,2025-11-20
STORE023,SKU03388,122.6,25,10,2025-11-20
STORE030,SKU03388,101.1,25,10,2025-11-20
STORE001,SKU03388,7.2,25,10,2025-11-20
STORE019,SKU03389,63.0,25,10,2025-11-20
STORE006,SKU03390,139.0,25,10,2025-11-20
STORE006,SKU03391,217.0,25,10,2025-11-20
STORE017,SKU03391,91.8,25,10,2025-11-20
STORE018,SKU03391,128.3,25,10,2025-11-20
STORE025,SKU03392,74.0,56,28,2025-11-20
STORE028,SKU03393,11.0,25,10,2025-11-20
STORE009,SKU03394,104.7,25,10,2025-11-20
STORE020,SKU03394,214.4,25,10,2025-11-20
STORE017,SKU03394,20.4,25,10,2025-11-20
STORE015,SKU03394,183.5,25,10,2025-11-20
STORE025,SKU03394,13.0,25,10,2025-11-20
STORE009,SKU03395,221.4,25,10,2025-11-20
STORE028,SKU03395,34.6,25,10,2025-11-20
STORE011,SKU03396,6.4,25,10,2025-11-20
STORE025,SKU03396,105.6,25,10,2025-11-20
STORE012,SKU03397,21.4,25,10,2025-11-20
STORE004,SKU03397,2.8,25,10,2025-11-20
STORE028,SKU03397,111.8,25,10,2025-11-20
STORE023,SKU03398,61.0,25,10,2025-11-20
STORE008,SKU03399,0.0,125,46,2025-10-15
STORE011,SKU03400,115.0,25,10,2025-11-20
STORE018,SKU03400,221.7,25,10,2025-11-20
STORE024,SKU03400,20.3,25,10,2025-11-20
STORE029,SKU03401,69.2,25,10,2025-11-20
STORE015,SKU03401,44.8,25,10,2025-11-20
STORE005,SKU03401,78.0,25,10,2025-11-20
STORE028,SKU03402,118.6,25,10,2025-11-20
STORE016,SKU03402,31.6,25,10,2025-11-20
STORE004,SKU03402,110.8,25,10,2025-11-20
STORE015,SKU03403,106.1,25,10,2025-11-20
STORE009,SKU03403,138.9,25,10,2025-11-20
STORE029,SKU03404,10.3,25,10,2025-11-20
STORE007,SKU03404,245.7,25,10,2025-11-20
STORE001,SKU03405,49.1,25,10,2025-11-20
STORE021,SKU03405,104.9,25,10,2025-11-20
STORE014,SKU03406,36.4,25,10,2025-11-20
STORE026,SKU03406,235.7,25,10,2025-11-20
STORE018,SKU03406,29.9,25,10,2025-11-20
STORE018,SKU03407,131.0,25,10,2025-11-20
STORE004,SKU03408,104.3,25,10,2025-11-20
STORE026,SKU03408,30.8,25,10,2025-11-20
STORE025,SKU03408,25.6,25,10,2025-11-20
STORE013,SKU03408,74.3,25,10,2025-11-20
STORE027,SKU03409,53.9,25,10,2025-11-20
STORE009,SKU03409,31.1,25,10,2025-11-20
STORE025,SKU03410,176.0,25,10,2025-11-20
STORE024,SKU03411,82.0,25,10,2025-11-20
STORE025,SKU03412,75.4,25,10,2025-11-20
STORE027,SKU03412,131.9,25,10,2025-11-20
STORE002,SKU03412,273.6,25,10,2025-11-20
STORE007,SKU03412,32.1,25,10,2025-11-20
STORE010,SKU03413,101.2,25,10,2025-11-20
STORE007,SKU03413,59.8,25,10,2025-11-20
STORE019,SKU03414,542.8,25,10,2025-11-20
STORE017,SKU03414,45.8,25,10,2025-11-20
STORE025,SKU03414,132.4,25,10,2025-11-20
STORE029,SKU03414,433.8,25,10,2025-11-20
STORE003,SKU03414,4.7,25,10,2025-11-20
STORE027,SKU03414,28.9,25,10,2025-11-20
STORE016,SKU03414,1131.0,25,10,2025-11-20
STORE007,SKU03414,79.8,25,10,2025-11-20
STORE018,SKU03414,900.0,25,10,2025-11-20
STORE024,SKU03414,48.9,25,10,2025-11-20
STORE015,SKU03414,108.7,25,10,2025-11-20
STORE012,SKU03414,339.0,25,10,2025-11-20
STORE028,SKU03414,260.1,25,10,2025-11-20
STORE008,SKU03414,211.0,25,10,2025-11-20
STORE022,SKU03414,183.1,25,10,2025-11-20
STORE004,SKU03414,449.7,25,10,2025-11-20
STORE023,SKU03414,65.0,25,10,2025-11-20
STORE005,SKU03414,141.7,25,10,2025-11-20
STORE021,SKU03414,41.0,25,10,2025-11-20
STORE030,SKU03414,219.8,25,10,2025-11-20
STORE001,SKU03414,69.9,25,10,2025-11-20
STORE013,SKU03414,98.5,25,10,2025-11-20
STORE002,SKU03414,154.5,25,10,2025-11-20
STORE011,SKU03414,6.6,25,10,2025-11-20
STORE006,SKU03414,23.4,25,10,2025-11-20
STORE010,SKU03414,280.9,25,10,2025-11-20
STORE009,SKU03414,135.9,25,10,2025-11-20
STORE026,SKU03414,485.3,25,10,2025-11-20
STORE030,SKU03415,181.0,25,10,2025-11-20
STORE004,SKU03416,2.1,25,10,2025-11-20
STORE012,SKU03416,252.9,25,10,2025-11-20
STORE007,SKU03416,25.9,25,10,2025-11-20
STORE017,SKU03416,400.4,25,10,2025-11-20
STORE021,SKU03416,1257.4,25,10,2025-11-20
STORE014,SKU03416,199.8,25,10,2025-11-20
STORE001,SKU03416,302.7,25,10,2025-11-20
STORE006,SKU03416,71.4,25,10,2025-11-20
STORE018,SKU03416,151.8,25,10,2025-11-20
STORE005,SKU03416,511.2,25,10,2025-11-20
STORE013,SKU03416,48.3,25,10,2025-11-20
STORE026,SKU03416,81.4,25,10,2025-11-20
STORE029,SKU03416,155.5,25,10,2025-11-20
STORE009,SKU03416,328.5,25,10,2025-11-20
STORE023,SKU03416,124.3,25,10,2025-11-20
STORE024,SKU03416,692.8,25,10,2025-11-20
STORE019,SKU03416,26.2,25,10,2025-11-20
STORE002,SKU03416,122.2,25,10,2025-11-20
STORE011,SKU03416,325.5,25,10,2025-11-20
STORE028,SKU03417,56.9,25,10,2025-11-20
STORE006,SKU03417,237.3,25,10,2025-11-20
STORE008,SKU03417,39.8,25,10,2025-11-20
STORE029,SKU03418,42.3,25,10,2025-11-20
STORE003,SKU03418,94.7,25,10,2025-11-20
STORE020,SKU03419,109.9,25,10,2025-11-20
STORE002,SKU03419,33.1,25,10,2025-11-20
STORE024,SKU03420,118.2,25,10,2025-11-20
STORE021,SKU03420,30.0,25,10,2025-11-20
STORE012,SKU03420,66.7,25,10,2025-11-20
STORE015,SKU03421,35.8,25,10,2025-11-20
STORE005,SKU03421,152.9,25,10,2025-11-20
STORE001,SKU03421,72.2,25,10,2025-11-20
STORE009,SKU03422,183.4,27,12,2025-11-20
STORE025,SKU03422,6.6,27,12,2025-11-20
STORE009,SKU03423,104.5,36,18,2025-11-20
STORE003,SKU03423,82.5,36,18,2025-11-20
STORE001,SKU03424,262.3,25,10,2025-11-20
STORE002,SKU03424,29.7,25,10,2025-11-20
STORE023,SKU03425,2.7,25,10,2025-11-20
STORE030,SKU03425,4.5,25,10,2025-11-20
STORE016,SKU03425,2.4,25,10,2025-11-20
STORE029,SKU03425,1.2,25,10,2025-11-20
STORE019,SKU03425,16.5,25,10,2025-11-20
STORE027,SKU03425,6.9,25,10,2025-11-20
STORE009,SKU03425,16.7,25,10,2025-11-20
STORE004,SKU03425,15.1,25,10,2025-11-20
STORE026,SKU03425,2.8,25,10,2025-11-20
STORE007,SKU03425,6.7,25,10,2025-11-20
STORE006,SKU03425,0.7,25,10,2025-11-20
STORE024,SKU03425,20.9,25,10,2025-11-20
STORE012,SKU03426,8.0,45,22,2025-11-20
STORE025,SKU03427,0.0,92,27,2025-10-15
STORE021,SKU03428,144.1,25,10,2025-11-20
STORE003,SKU03428,103.8,25,10,2025-11-20
STORE002,SKU03428,177.8,25,10,2025-11-20
STORE020,SKU03428,83.5,25,10,2025-11-20
STORE016,SKU03428,135.3,25,10,2025-11-20
STORE023,SKU03428,463.3,25,10,2025-11-20
STORE027,SKU03428,517.5,25,10,2025-11-20
STORE010,SKU03428,104.4,25,10,2025-11-20
STORE004,SKU03428,182.3,25,10,2025-11-20
STORE030,SKU03428,596.0,25,10,2025-11-20
STORE005,SKU03428,15.6,25,10,2025-11-20
STORE024,SKU03428,633.3,25,10,2025-11-20
STORE009,SKU03428,71.2,25,10,2025-11-20
STORE015,SKU03428,326.8,25,10,2025-11-20
STORE001,SKU03428,251.5,25,10,2025-11-20
STORE025,SKU03428,231.8,25,10,2025-11-20
STORE012,SKU03428,564.8,25,10,2025-11-20
STORE014,SKU03428,30.8,25,10,2025-11-20
STORE018,SKU03428,122.7,25,10,2025-11-20
STORE008,SKU03428,222.5,25,10,2025-11-20
STORE029,SKU03428,480.1,25,10,2025-11-20
STORE007,SKU03428,70.2,25,10,2025-11-20
STORE019,SKU03428,467.7,25,10,2025-11-20
STORE013,SKU03428,146.9,25,10,2025-11-20
STORE011,SKU03428,60.3,25,10,2025-11-20
STORE022,SKU03428,409.7,25,10,2025-11-20
STORE007,SKU03429,14.0,26,11,2025-11-20
STORE006,SKU03430,186.0,25,10,2025-11-20
STORE012,SKU03430,17.0,25,10,2025-11-20
STORE003,SKU03431,0.0,84,35,2025-10-15
STORE026,SKU03432,70.4,25,10,2025-11-20
STORE005,SKU03432,146.7,25,10,2025-11-20
STORE006,SKU03432,129.7,25,10,2025-11-20
STORE010,SKU03432,82.8,25,10,2025-11-20
STORE001,SKU03432,89.5,25,10,2025-11-20
STORE009,SKU03433,4.9,25,10,2025-11-20
STORE027,SKU03433,11.6,25,10,2025-11-20
STORE029,SKU03433,58.3,25,10,2025-11-20
STORE023,SKU03433,36.2,25,10,2025-11-20
STORE021,SKU03434,223.0,25,10,2025-11-20
STORE022,SKU03434,43.0,25,10,2025-11-20
STORE007,SKU03435,132.6,25,10,2025-11-20
STORE006,SKU03435,36.6,25,10,2025-11-20
STORE014,SKU03435,37.8,25,10,2025-11-20
STORE004,SKU03436,499.9,25,10,2025-11-20
STORE030,SKU03436,124.5,25,10,2025-11-20
STORE018,SKU03436,216.6,25,10,2025-11-20
STORE027,SKU03436,1140.8,25,10,2025-11-20
STORE020,SKU03436,367.4,25,10,2025-11-20
STORE002,SKU03436,55.0,25,10,2025-11-20
STORE025,SKU03436,47.1,25,10,2025-11-20
STORE007,SKU03436,75.3,25,10,2025-11-20
STORE010,SKU03436,479.5,25,10,2025-11-20
STORE013,SKU03436,115.3,25,10,2025-11-20
STORE017,SKU03436,7.1,25,10,2025-11-20
STORE014,SKU03436,950.6,25,10,2025-11-20
STORE029,SKU03436,61.3,25,10,2025-11-20
STORE021,SKU03436,3.2,25,10,2025-11-20
STORE023,SKU03436,89.2,25,10,2025-11-20
STORE001,SKU03436,88.3,25,10,2025-11-20
STORE008,SKU03436,180.6,25,10,2025-11-20
STORE015,SKU03436,833.7,25,10,2025-11-20
STORE003,SKU03436,696.3,25,10,2025-11-20
STORE009,SKU03436,201.1,25,10,2025-11-20
STORE016,SKU03436,174.3,25,10,2025-11-20
STORE019,SKU03436,266.7,25,10,2025-11-20
STORE012,SKU03436,91.9,25,10,2025-11-20
STORE026,SKU03436,17.7,25,10,2025-11-20
STORE024,SKU03436,922.6,25,10,2025-11-20
STORE022,SKU03436,68.1,25,10,2025-11-20
STORE002,SKU03437,128.0,25,10,2025-11-20
STORE020,SKU03437,370.0,25,10,2025-11-20
STORE011,SKU03438,99.7,25,10,2025-11-20
STORE025,SKU03438,2.7,25,10,2025-11-20
STORE026,SKU03438,23.6,25,10,2025-11-20
STORE008,SKU03439,46.9,25,10,2025-11-20
STORE013,SKU03439,113.6,25,10,2025-11-20
STORE029,SKU03439,25.6,25,10,2025-11-20
STORE026,SKU03440,86.0,25,10,2025-11-20
STORE014,SKU03441,212.4,25,10,2025-11-20
STORE024,SKU03441,572.0,25,10,2025-11-20
STORE005,SKU03441,102.9,25,10,2025-11-20
STORE003,SKU03441,37.4,25,10,2025-11-20
STORE019,SKU03441,175.1,25,10,2025-11-20
STORE012,SKU03441,357.9,25,10,2025-11-20
STORE007,SKU03441,30.3,25,10,2025-11-20
STORE030,SKU03441,144.1,25,10,2025-11-20
STORE018,SKU03441,4.7,25,10,2025-11-20
STORE026,SKU03441,8.9,25,10,2025-11-20
STORE001,SKU03441,171.9,25,10,2025-11-20
STORE020,SKU03441,92.3,25,10,2025-11-20
STORE011,SKU03441,486.1,25,10,2025-11-20
STORE015,SKU03441,240.2,25,10,2025-11-20
STORE016,SKU03441,157.7,25,10,2025-11-20
STORE010,SKU03441,136.6,25,10,2025-11-20
STORE006,SKU03441,179.2,25,10,2025-11-20
STORE021,SKU03441,10.8,25,10,2025-11-20
STORE013,SKU03441,582.0,25,10,2025-11-20
STORE002,SKU03441,1662.6,25,10,2025-11-20
STORE008,SKU03441,52.2,25,10,2025-11-20
STORE004,SKU03441,33.4,25,10,2025-11-20
STORE027,SKU03441,40.4,25,10,2025-11-20
STORE017,SKU03441,282.0,25,10,2025-11-20
STORE028,SKU03441,282.3,25,10,2025-11-20
STORE025,SKU03441,490.9,25,10,2025-11-20
STORE023,SKU03441,363.2,25,10,2025-11-20
STORE022,SKU03441,155.7,25,10,2025-11-20
STORE007,SKU03442,102.0,26,11,2025-11-20
STORE020,SKU03443,41.0,25,10,2025-11-20
STORE015,SKU03444,180.7,25,10,2025-11-20
STORE003,SKU03444,162.3,25,10,2025-11-20
STORE007,SKU03445,126.0,28,13,2025-11-20
STORE025,SKU03446,244.0,35,17,2025-11-20
STORE025,SKU03447,75.5,25,10,2025-11-20
STORE002,SKU03447,69.4,25,10,2025-11-20
STORE021,SKU03447,92.9,25,10,2025-11-20
STORE015,SKU03447,75.3,25,10,2025-11-20
STORE006,SKU03448,46.2,25,10,2025-11-20
STORE003,SKU03448,72.2,25,10,2025-11-20
STORE004,SKU03448,37.6,25,10,2025-11-20
STORE007,SKU03449,223.9,25,10,2025-11-20
STORE018,SKU03449,1.1,25,10,2025-11-20
STORE027,SKU03450,70.0,56,28,2025-11-20
STORE013,SKU03451,15.0,25,10,2025-11-20
STORE019,SKU03452,261.7,25,10,2025-11-20
STORE002,SKU03452,32.8,25,10,2025-11-20
STORE024,SKU03452,36.7,25,10,2025-11-20
STORE017,SKU03452,16.5,25,10,2025-11-20
STORE016,SKU03452,5.4,25,10,2025-11-20
STORE029,SKU03453,143.2,25,10,2025-11-20
STORE003,SKU03453,27.8,25,10,2025-11-20
STORE021,SKU03454,214.4,25,10,2025-11-20
STORE013,SKU03454,265.8,25,10,2025-11-20
STORE016,SKU03454,145.5,25,10,2025-11-20
STORE005,SKU03454,477.3,25,10,2025-11-20
STORE006,SKU03454,133.9,25,10,2025-11-20
STORE004,SKU03454,76.6,25,10,2025-11-20
STORE001,SKU03454,516.8,25,10,2025-11-20
STORE009,SKU03454,451.5,25,10,2025-11-20
STORE011,SKU03454,40.9,25,10,2025-11-20
STORE023,SKU03454,6.0,25,10,2025-11-20
STORE014,SKU03454,21.5,25,10,2025-11-20
STORE025,SKU03454,77.1,25,10,2025-11-20
STORE028,SKU03454,818.6,25,10,2025-11-20
STORE019,SKU03454,186.7,25,10,2025-11-20
STORE026,SKU03454,106.7,25,10,2025-11-20
STORE030,SKU03454,501.4,25,10,2025-11-20
STORE029,SKU03454,137.8,25,10,2025-11-20
STORE002,SKU03454,86.5,25,10,2025-11-20
STORE008,SKU03454,647.1,25,10,2025-11-20
STORE024,SKU03454,432.4,25,10,2025-11-20
STORE012,SKU03454,423.7,25,10,2025-11-20
STORE027,SKU03454,164.0,25,10,2025-11-20
STORE015,SKU03454,355.7,25,10,2025-11-20
STORE020,SKU03454,45.1,25,10,2025-11-20
STORE017,SKU03454,194.4,25,10,2025-11-20
STORE022,SKU03454,942.0,25,10,2025-11-20
STORE007,SKU03454,78.5,25,10,2025-11-20
STORE027,SKU03455,49.0,49,24,2025-11-20
STORE008,SKU03456,98.2,25,10,2025-11-20
STORE025,SKU03456,5.9,25,10,2025-11-20
STORE010,SKU03456,209.7,25,10,2025-11-20
STORE028,SKU03456,26.9,25,10,2025-11-20
STORE026,SKU03456,145.4,25,10,2025-11-20
STORE030,SKU03457,23.6,25,10,2025-11-20
STORE029,SKU03457,773.1,25,10,2025-11-20
STORE005,SKU03457,90.9,25,10,2025-11-20
STORE006,SKU03457,67.6,25,10,2025-11-20
STORE012,SKU03457,36.4,25,10,2025-11-20
STORE028,SKU03457,768.8,25,10,2025-11-20
STORE003,SKU03457,327.8,25,10,2025-11-20
STORE021,SKU03457,356.5,25,10,2025-11-20
STORE013,SKU03457,182.3,25,10,2025-11-20
STORE001,SKU03457,169.6,25,10,2025-11-20
STORE025,SKU03457,30.7,25,10,2025-11-20
STORE011,SKU03457,216.2,25,10,2025-11-20
STORE027,SKU03457,74.7,25,10,2025-11-20
STORE007,SKU03457,995.3,25,10,2025-11-20
STORE009,SKU03457,419.5,25,10,2025-11-20
STORE022,SKU03457,140.3,25,10,2025-11-20
STORE002,SKU03457,43.2,25,10,2025-11-20
STORE024,SKU03457,405.3,25,10,2025-11-20
STORE026,SKU03457,34.3,25,10,2025-11-20
STORE030,SKU03458,86.8,25,10,2025-11-20
STORE022,SKU03458,98.2,25,10,2025-11-20
STORE024,SKU03459,2.0,39,19,2025-11-20
STORE001,SKU03460,107.7,41,20,2025-11-20
STORE019,SKU03460,26.3,41,20,2025-11-20
STORE009,SKU03461,7.3,25,10,2025-11-20
STORE010,SKU03461,51.2,25,10,2025-11-20
STORE024,SKU03461,113.0,25,10,2025-11-20
STORE027,SKU03461,20.5,25,10,2025-11-20
STORE015,SKU03462,12.6,25,10,2025-11-20
STORE026,SKU03462,148.7,25,10,2025-11-20
STORE027,SKU03462,155.8,25,10,2025-11-20
STORE016,SKU03463,85.1,25,10,2025-11-20
STORE029,SKU03463,30.1,25,10,2025-11-20
STORE006,SKU03463,3.8,25,10,2025-11-20
STORE013,SKU03464,37.5,33,16,2025-11-20
STORE020,SKU03464,65.5,33,16,2025-11-20
STORE001,SKU03465,18.1,25,10,2025-11-20
STORE007,SKU03465,148.3,25,10,2025-11-20
STORE022,SKU03465,73.6,25,10,2025-11-20
STORE006,SKU03466,90.1,25,10,2025-11-20
STORE014,SKU03466,14.4,25,10,2025-11-20
STORE021,SKU03466,168.2,25,10,2025-11-20
STORE012,SKU03466,123.2,25,10,2025-11-20
STORE011,SKU03467,40.0,25,10,2025-11-20
STORE004,SKU03468,68.4,25,10,2025-11-20
STORE008,SKU03468,10.6,25,10,2025-11-20
STORE030,SKU03469,18.1,25,10,2025-11-20
STORE005,SKU03469,228.9,25,10,2025-11-20
STORE016,SKU03470,56.7,25,10,2025-11-20
STORE014,SKU03470,5.3,25,10,2025-11-20
STORE003,SKU03471,13.3,25,10,2025-11-20
STORE021,SKU03471,171.3,25,10,2025-11-20
STORE015,SKU03471,39.4,25,10,2025-11-20
STORE020,SKU03472,203.8,25,10,2025-11-20
STORE027,SKU03472,37.2,25,10,2025-11-20
STORE010,SKU03473,0.0,108,43,2025-10-15
STORE001,SKU03474,182.0,30,15,2025-11-20
STORE022,SKU03475,207.7,25,10,2025-11-20
STORE005,SKU03475,183.3,25,10,2025-11-20
STORE009,SKU03476,0.1,25,10,2025-11-20
STORE012,SKU03476,0.1,25,10,2025-11-20
STORE027,SKU03476,0.4,25,10,2025-11-20
STORE023,SKU03476,0.2,25,10,2025-11-20
STORE029,SKU03476,0.8,25,10,2025-11-20
STORE019,SKU03476,0.1,25,10,2025-11-20
STORE018,SKU03476,0.3,25,10,2025-11-20
STORE026,SKU03476,0.0,25,10,2025-11-20
STORE004,SKU03476,0.3,25,10,2025-11-20
STORE013,SKU03476,0.0,25,10,2025-11-20
STORE002,SKU03476,1.7,25,10,2025-11-20
STORE005,SKU03476,0.7,25,10,2025-11-20
STORE022,SKU03476,0.3,25,10,2025-11-20
STORE024,SKU03476,0.0,25,10,2025-11-20
STORE017,SKU03476,0.4,25,10,2025-11-20
STORE006,SKU03476,0.6,25,10,2025-11-20
STORE030,SKU03476,0.1,25,10,2025-11-20
STORE019,SKU03477,29.0,28,13,2025-11-20
STORE030,SKU03478,220.5,25,10,2025-11-20
STORE027,SKU03478,191.5,25,10,2025-11-20
STORE003,SKU03479,80.0,25,10,2025-11-20
STORE006,SKU03480,102.9,25,10,2025-11-20
STORE026,SKU03480,135.1,25,10,2025-11-20
STORE014,SKU03481,36.0,25,10,2025-11-20
STORE018,SKU03482,0.0,103,48,2025-10-15
STORE025,SKU03483,125.0,25,10,2025-11-20
STORE023,SKU03484,330.5,25,10,2025-11-20
STORE010,SKU03484,252.4,25,10,2025-11-20
STORE024,SKU03484,1143.0,25,10,2025-11-20
STORE020,SKU03484,2.9,25,10,2025-11-20
STORE026,SKU03484,92.7,25,10,2025-11-20
STORE018,SKU03484,69.7,25,10,2025-11-20
STORE014,SKU03484,64.3,25,10,2025-11-20
STORE009,SKU03484,53.2,25,10,2025-11-20
STORE016,SKU03484,261.0,25,10,2025-11-20
STORE025,SKU03484,18.7,25,10,2025-11-20
STORE028,SKU03484,286.0,25,10,2025-11-20
STORE017,SKU03484,249.9,25,10,2025-11-20
STORE027,SKU03484,61.0,25,10,2025-11-20
STORE005,SKU03484,61.6,25,10,2025-11-20
STORE007,SKU03484,209.5,25,10,2025-11-20
STORE008,SKU03484,303.5,25,10,2025-11-20
STORE022,SKU03484,442.0,25,10,2025-11-20
STORE001,SKU03484,404.0,25,10,2025-11-20
STORE013,SKU03484,707.8,25,10,2025-11-20
STORE030,SKU03484,184.0,25,10,2025-11-20
STORE011,SKU03484,505.8,25,10,2025-11-20
STORE019,SKU03484,349.3,25,10,2025-11-20
STORE029,SKU03484,475.7,25,10,2025-11-20
STORE004,SKU03484,2.5,25,10,2025-11-20
STORE003,SKU03484,714.0,25,10,2025-11-20
STORE012,SKU03484,135.6,25,10,2025-11-20
STORE002,SKU03484,338.2,25,10,2025-11-20
STORE015,SKU03485,27.7,25,10,2025-11-20
STORE027,SKU03485,102.6,25,10,2025-11-20
STORE022,SKU03485,64.5,25,10,2025-11-20
STORE018,SKU03485,70.2,25,10,2025-11-20
STORE003,SKU03486,92.0,25,10,2025-11-20
STORE019,SKU03487,256.8,25,10,2025-11-20
STORE004,SKU03487,1.5,25,10,2025-11-20
STORE002,SKU03487,58.7,25,10,2025-11-20
STORE016,SKU03488,74.6,25,10,2025-11-20
STORE010,SKU03488,346.4,25,10,2025-11-20
STORE020,SKU03489,14.8,25,10,2025-11-20
STORE028,SKU03489,15.2,25,10,2025-11-20
STORE019,SKU03490,110.0,25,10,2025-11-20
STORE005,SKU03491,246.6,25,10,2025-11-20
STORE003,SKU03491,30.2,25,10,2025-11-20
STORE014,SKU03491,45.0,25,10,2025-11-20
STORE010,SKU03491,66.2,25,10,2025-11-20
STORE002,SKU03491,848.8,25,10,2025-11-20
STORE026,SKU03491,118.0,25,10,2025-11-20
STORE013,SKU03491,213.1,25,10,2025-11-20
STORE019,SKU03491,64.5,25,10,2025-11-20
STORE017,SKU03491,157.2,25,10,2025-11-20
STORE007,SKU03491,18.0,25,10,2025-11-20
STORE024,SKU03491,8.2,25,10,2025-11-20
STORE030,SKU03491,147.5,25,10,2025-11-20
STORE021,SKU03491,118.6,25,10,2025-11-20
STORE011,SKU03491,34.3,25,10,2025-11-20
STORE008,SKU03491,271.3,25,10,2025-11-20
STORE023,SKU03491,1153.8,25,10,2025-11-20
STORE009,SKU03491,117.4,25,10,2025-11-20
STORE015,SKU03491,228.4,25,10,2025-11-20
STORE028,SKU03491,768.6,25,10,2025-11-20
STORE018,SKU03491,415.3,25,10,2025-11-20
STORE009,SKU03492,204.5,25,10,2025-11-20
STORE015,SKU03492,439.1,25,10,2025-11-20
STORE002,SKU03492,45.0,25,10,2025-11-20
STORE017,SKU03492,235.6,25,10,2025-11-20
STORE006,SKU03492,107.4,25,10,2025-11-20
STORE004,SKU03492,57.7,25,10,2025-11-20
STORE008,SKU03492,182.4,25,10,2025-11-20
STORE019,SKU03492,46.1,25,10,2025-11-20
STORE027,SKU03492,394.1,25,10,2025-11-20
STORE014,SKU03492,200.0,25,10,2025-11-20
STORE011,SKU03492,248.7,25,10,2025-11-20
STORE030,SKU03492,52.0,25,10,2025-11-20
STORE021,SKU03492,49.4,25,10,2025-11-20
STORE026,SKU03492,287.5,25,10,2025-11-20
STORE005,SKU03492,1378.9,25,10,2025-11-20
STORE012,SKU03492,33.2,25,10,2025-11-20
STORE018,SKU03492,110.5,25,10,2025-11-20
STORE001,SKU03492,668.4,25,10,2025-11-20
STORE003,SKU03492,24.6,25,10,2025-11-20
STORE028,SKU03492,685.0,25,10,2025-11-20
STORE029,SKU03492,243.9,25,10,2025-11-20
STORE025,SKU03492,172.3,25,10,2025-11-20
STORE024,SKU03492,121.7,25,10,2025-11-20
STORE022,SKU03492,115.7,25,10,2025-11-20
STORE007,SKU03492,119.8,25,10,2025-11-20
STORE020,SKU03492,709.5,25,10,2025-11-20
STORE013,SKU03492,422.4,25,10,2025-11-20
STORE016,SKU03492,363.7,25,10,2025-11-20
STORE029,SKU03493,465.6,25,10,2025-11-20
STORE011,SKU03493,86.3,25,10,2025-11-20
STORE001,SKU03493,279.5,25,10,2025-11-20
STORE007,SKU03493,179.0,25,10,2025-11-20
STORE025,SKU03493,443.0,25,10,2025-11-20
STORE027,SKU03493,107.4,25,10,2025-11-20
STORE028,SKU03493,299.3,25,10,2025-11-20
STORE002,SKU03493,621.1,25,10,2025-11-20
STORE024,SKU03493,149.4,25,10,2025-11-20
STORE022,SKU03493,20.0,25,10,2025-11-20
STORE018,SKU03493,210.8,25,10,2025-11-20
STORE017,SKU03493,123.3,25,10,2025-11-20
STORE013,SKU03493,323.9,25,10,2025-11-20
STORE008,SKU03493,876.0,25,10,2025-11-20
STORE010,SKU03493,193.1,25,10,2025-11-20
STORE012,SKU03493,182.3,25,10,2025-11-20
STORE015,SKU03493,308.7,25,10,2025-11-20
STORE026,SKU03493,31.7,25,10,2025-11-20
STORE019,SKU03493,84.9,25,10,2025-11-20
STORE004,SKU03493,729.8,25,10,2025-11-20
STORE016,SKU03493,321.9,25,10,2025-11-20
STORE023,SKU03493,3.9,25,10,2025-11-20
STORE021,SKU03493,66.5,25,10,2025-11-20
STORE014,SKU03493,333.5,25,10,2025-11-20
STORE017,SKU03494,117.8,25,10,2025-11-20
STORE019,SKU03494,149.2,25,10,2025-11-20
STORE025,SKU03494,28.2,25,10,2025-11-20
STORE003,SKU03494,217.9,25,10,2025-11-20
STORE004,SKU03495,59.3,25,10,2025-11-20
STORE009,SKU03495,87.9,25,10,2025-11-20
STORE013,SKU03495,66.9,25,10,2025-11-20
STORE026,SKU03495,9.7,25,10,2025-11-20
STORE001,SKU03495,243.2,25,10,2025-11-20
STORE001,SKU03496,15.3,25,10,2025-11-20
STORE019,SKU03496,34.4,25,10,2025-11-20
STORE028,SKU03496,196.3,25,10,2025-11-20
STORE028,SKU03497,0.0,76,22,2025-10-15
STORE019,SKU03498,88.1,25,10,2025-11-20
STORE025,SKU03498,166.4,25,10,2025-11-20
STORE024,SKU03498,66.3,25,10,2025-11-20
STORE021,SKU03498,43.2,25,10,2025-11-20
STORE005,SKU03498,233.0,25,10,2025-11-20
STORE027,SKU03499,0.0,65,27,2025-10-15
STORE022,SKU03500,6.0,25,10,2025-11-20
STORE016,SKU03500,317.0,25,10,2025-11-20
STORE007,SKU03500,42.9,25,10,2025-11-20
STORE030,SKU03501,131.0,25,10,2025-11-20
STORE015,SKU03502,14.9,25,10,2025-11-20
STORE024,SKU03502,86.1,25,10,2025-11-20
STORE027,SKU03503,168.8,25,10,2025-11-20
STORE019,SKU03503,49.5,25,10,2025-11-20
STORE022,SKU03503,105.8,25,10,2025-11-20
STORE018,SKU03503,125.9,25,10,2025-11-20
STORE025,SKU03504,454.0,25,10,2025-11-20
STORE019,SKU03504,883.2,25,10,2025-11-20
STORE024,SKU03504,201.5,25,10,2025-11-20
STORE015,SKU03504,64.7,25,10,2025-11-20
STORE028,SKU03504,16.7,25,10,2025-11-20
STORE023,SKU03504,96.3,25,10,2025-11-20
STORE020,SKU03504,52.6,25,10,2025-11-20
STORE002,SKU03504,277.9,25,10,2025-11-20
STORE013,SKU03504,69.6,25,10,2025-11-20
STORE001,SKU03504,13.5,25,10,2025-11-20
STORE018,SKU03504,12.5,25,10,2025-11-20
STORE011,SKU03504,606.3,25,10,2025-11-20
STORE010,SKU03504,304.7,25,10,2025-11-20
STORE003,SKU03504,150.9,25,10,2025-11-20
STORE014,SKU03504,764.6,25,10,2025-11-20
STORE008,SKU03504,24.8,25,10,2025-11-20
STORE005,SKU03504,1337.1,25,10,2025-11-20
STORE007,SKU03504,326.0,25,10,2025-11-20
STORE004,SKU03504,69.0,25,10,2025-11-20
STORE021,SKU03504,386.8,25,10,2025-11-20
STORE029,SKU03504,490.6,25,10,2025-11-20
STORE026,SKU03504,190.9,25,10,2025-11-20
STORE016,SKU03504,673.2,25,10,2025-11-20
STORE006,SKU03504,55.6,25,10,2025-11-20
STORE008,SKU03505,215.3,25,10,2025-11-20
STORE014,SKU03505,64.7,25,10,2025-11-20
STORE004,SKU03506,15.3,25,10,2025-11-20
STORE029,SKU03506,17.6,25,10,2025-11-20
STORE024,SKU03506,161.1,25,10,2025-11-20
STORE027,SKU03507,11.3,32,16,2025-11-20
STORE008,SKU03507,77.7,32,16,2025-11-20
STORE015,SKU03508,26.7,25,10,2025-11-20
STORE003,SKU03508,80.3,25,10,2025-11-20
STORE030,SKU03509,0.0,86,23,2025-10-15
STORE029,SKU03510,0.0,72,22,2025-10-15
STORE003,SKU03511,7.0,26,11,2025-11-20
STORE022,SKU03512,131.0,62,31,2025-11-20
STORE020,SKU03513,173.2,25,10,2025-11-20
STORE018,SKU03513,75.8,25,10,2025-11-20
STORE021,SKU03514,155.2,25,10,2025-11-20
STORE012,SKU03514,57.8,25,10,2025-11-20
STORE023,SKU03515,23.5,25,10,2025-11-20
STORE009,SKU03515,145.6,25,10,2025-11-20
STORE011,SKU03515,294.6,25,10,2025-11-20
STORE017,SKU03515,122.3,25,10,2025-11-20
STORE005,SKU03516,67.1,25,10,2025-11-20
STORE025,SKU03516,180.9,25,10,2025-11-20
STORE019,SKU03517,165.8,25,10,2025-11-20
STORE026,SKU03517,2.2,25,10,2025-11-20
STORE010,SKU03518,159.1,25,10,2025-11-20
STORE005,SKU03518,139.2,25,10,2025-11-20
STORE001,SKU03518,360.6,25,10,2025-11-20
STORE007,SKU03519,270.2,25,10,2025-11-20
STORE021,SKU03519,145.4,25,10,2025-11-20
STORE009,SKU03519,74.4,25,10,2025-11-20
STORE026,SKU03520,78.7,25,10,2025-11-20
STORE028,SKU03520,271.4,25,10,2025-11-20
STORE022,SKU03520,499.3,25,10,2025-11-20
STORE001,SKU03520,778.5,25,10,2025-11-20
STORE003,SKU03520,537.1,25,10,2025-11-20
STORE012,SKU03520,74.8,25,10,2025-11-20
STORE007,SKU03520,315.3,25,10,2025-11-20
STORE011,SKU03520,139.1,25,10,2025-11-20
STORE008,SKU03520,3.2,25,10,2025-11-20
STORE009,SKU03520,77.0,25,10,2025-11-20
STORE014,SKU03520,41.4,25,10,2025-11-20
STORE020,SKU03520,637.1,25,10,2025-11-20
STORE027,SKU03520,103.0,25,10,2025-11-20
STORE015,SKU03520,115.4,25,10,2025-11-20
STORE023,SKU03520,1108.2,25,10,2025-11-20
STORE024,SKU03520,164.2,25,10,2025-11-20
STORE010,SKU03520,3.3,25,10,2025-11-20
STORE019,SKU03520,115.0,25,10,2025-11-20
STORE013,SKU03520,43.8,25,10,2025-11-20
STORE005,SKU03520,37.4,25,10,2025-11-20
STORE016,SKU03520,27.8,25,10,2025-11-20
STORE025,SKU03520,309.9,25,10,2025-11-20
STORE017,SKU03520,72.3,25,10,2025-11-20
STORE004,SKU03520,154.4,25,10,2025-11-20
STORE029,SKU03520,682.2,25,10,2025-11-20
STORE002,SKU03520,190.2,25,10,2025-11-20
STORE023,SKU03521,370.7,25,10,2025-11-20
STORE002,SKU03521,103.3,25,10,2025-11-20
STORE004,SKU03522,44.0,61,30,2025-11-20
STORE002,SKU03523,320.1,25,10,2025-11-20
STORE018,SKU03523,17.5,25,10,2025-11-20
STORE005,SKU03523,21.6,25,10,2025-11-20
STORE009,SKU03523,243.5,25,10,2025-11-20
STORE021,SKU03523,153.9,25,10,2025-11-20
STORE024,SKU03523,360.4,25,10,2025-11-20
STORE001,SKU03523,572.1,25,10,2025-11-20
STORE028,SKU03523,113.4,25,10,2025-11-20
STORE029,SKU03523,209.3,25,10,2025-11-20
STORE003,SKU03523,160.2,25,10,2025-11-20
STORE017,SKU03523,921.7,25,10,2025-11-20
STORE023,SKU03523,410.2,25,10,2025-11-20
STORE019,SKU03523,559.9,25,10,2025-11-20
STORE008,SKU03523,67.7,25,10,2025-11-20
STORE015,SKU03523,341.5,25,10,2025-11-20
STORE010,SKU03523,71.2,25,10,2025-11-20
STORE013,SKU03523,54.0,25,10,2025-11-20
STORE022,SKU03523,665.9,25,10,2025-11-20
STORE025,SKU03523,4.5,25,10,2025-11-20
STORE026,SKU03523,775.8,25,10,2025-11-20
STORE007,SKU03523,37.3,25,10,2025-11-20
STORE011,SKU03523,394.8,25,10,2025-11-20
STORE012,SKU03523,74.5,25,10,2025-11-20
STORE014,SKU03523,99.6,25,10,2025-11-20
STORE027,SKU03523,56.4,25,10,2025-11-20
STORE017,SKU03524,0.0,82,48,2025-10-15
STORE016,SKU03525,145.2,25,10,2025-11-20
STORE009,SKU03525,70.5,25,10,2025-11-20
STORE023,SKU03525,176.6,25,10,2025-11-20
STORE011,SKU03525,2.6,25,10,2025-11-20
STORE029,SKU03526,48.0,25,10,2025-11-20
STORE005,SKU03527,8.0,25,10,2025-11-20
STORE015,SKU03528,185.0,51,25,2025-11-20
STORE008,SKU03529,24.0,25,10,2025-11-20
STORE026,SKU03530,204.0,28,13,2025-11-20
STORE030,SKU03531,40.5,25,10,2025-11-20
STORE012,SKU03531,123.3,25,10,2025-11-20
STORE021,SKU03531,211.1,25,10,2025-11-20
STORE007,SKU03532,190.0,78,39,2025-11-20
STORE014,SKU03533,48.8,25,10,2025-11-20
STORE010,SKU03533,68.9,25,10,2025-11-20
STORE006,SKU03533,13.4,25,10,2025-11-20
STORE030,SKU03533,2.4,25,10,2025-11-20
STORE008,SKU03533,15.4,25,10,2025-11-20
STORE012,SKU03534,187.8,25,10,2025-11-20
STORE015,SKU03534,14.6,25,10,2025-11-20
STORE001,SKU03534,40.1,25,10,2025-11-20
STORE010,SKU03534,78.5,25,10,2025-11-20
STORE003,SKU03535,1.1,25,10,2025-11-20
STORE006,SKU03535,2.8,25,10,2025-11-20
STORE020,SKU03535,31.7,25,10,2025-11-20
STORE004,SKU03535,0.3,25,10,2025-11-20
STORE025,SKU03535,13.9,25,10,2025-11-20
STORE018,SKU03535,6.4,25,10,2025-11-20
STORE005,SKU03535,14.6,25,10,2025-11-20
STORE026,SKU03535,11.6,25,10,2025-11-20
STORE011,SKU03535,3.3,25,10,2025-11-20
STORE027,SKU03535,24.6,25,10,2025-11-20
STORE023,SKU03535,8.9,25,10,2025-11-20
STORE021,SKU03535,22.7,25,10,2025-11-20
STORE014,SKU03535,6.8,25,10,2025-11-20
STORE030,SKU03535,54.8,25,10,2025-11-20
STORE029,SKU03535,19.3,25,10,2025-11-20
STORE013,SKU03535,44.3,25,10,2025-11-20
STORE021,SKU03536,27.5,25,10,2025-11-20
STORE011,SKU03536,24.5,25,10,2025-11-20
STORE012,SKU03537,72.2,25,10,2025-11-20
STORE019,SKU03537,108.8,25,10,2025-11-20
STORE001,SKU03538,186.1,25,10,2025-11-20
STORE010,SKU03538,21.9,25,10,2025-11-20
STORE022,SKU03539,235.3,25,10,2025-11-20
STORE028,SKU03539,34.7,25,10,2025-11-20
STORE029,SKU03540,145.6,25,10,2025-11-20
STORE013,SKU03540,36.6,25,10,2025-11-20
STORE004,SKU03540,78.8,25,10,2025-11-20
STORE029,SKU03541,250.2,25,10,2025-11-20
STORE002,SKU03541,14.8,25,10,2025-11-20
STORE002,SKU03542,161.1,25,10,2025-11-20
STORE015,SKU03542,144.7,25,10,2025-11-20
STORE020,SKU03542,20.7,25,10,2025-11-20
STORE006,SKU03542,63.5,25,10,2025-11-20
STORE008,SKU03543,31.0,25,10,2025-11-20
STORE002,SKU03544,55.7,25,10,2025-11-20
STORE009,SKU03544,433.3,25,10,2025-11-20
STORE014,SKU03545,137.0,28,13,2025-11-20
STORE014,SKU03546,0.0,64,26,2025-10-15
STORE001,SKU03546,0.0,115,38,2025-10-15
STORE002,SKU03546,0.0,119,49,2025-10-15
STORE003,SKU03546,0.0,67,33,2025-10-15
STORE005,SKU03546,0.0,66,31,2025-10-15
STORE018,SKU03546,0.0,55,24,2025-10-15
STORE008,SKU03546,0.0,86,40,2025-10-15
STORE017,SKU03546,0.0,114,50,2025-10-15
STORE026,SKU03546,0.0,95,42,2025-10-15
STORE015,SKU03546,0.0,81,20,2025-10-15
STORE027,SKU03546,0.0,100,43,2025-10-15
STORE029,SKU03546,0.0,111,33,2025-10-15
STORE020,SKU03546,0.0,74,30,2025-10-15
STORE006,SKU03546,0.0,129,50,2025-10-15
STORE029,SKU03547,113.2,25,10,2025-11-20
STORE024,SKU03547,96.8,25,10,2025-11-20
STORE030,SKU03548,48.9,25,10,2025-11-20
STORE025,SKU03548,111.1,25,10,2025-11-20
STORE009,SKU03549,33.3,25,10,2025-11-20
STORE010,SKU03549,2.0,25,10,2025-11-20
STORE013,SKU03549,78.3,25,10,2025-11-20
STORE024,SKU03549,315.5,25,10,2025-11-20
STORE002,SKU03549,49.9,25,10,2025-11-20
STORE029,SKU03550,22.0,36,18,2025-11-20
STORE010,SKU03550,140.0,36,18,2025-11-20
STORE021,SKU03551,71.8,25,10,2025-11-20
STORE006,SKU03551,76.9,25,10,2025-11-20
STORE029,SKU03551,50.1,25,10,2025-11-20
STORE005,SKU03551,222.3,25,10,2025-11-20
STORE015,SKU03552,154.0,28,13,2025-11-20
STORE014,SKU03553,59.4,25,10,2025-11-20
STORE008,SKU03553,31.6,25,10,2025-11-20
STORE028,SKU03554,0.0,89,40,2025-10-15
STORE013,SKU03555,0.0,77,46,2025-10-15
STORE004,SKU03556,154.2,25,10,2025-11-20
STORE020,SKU03556,39.8,25,10,2025-11-20
STORE003,SKU03557,72.0,25,10,2025-11-20
STORE011,SKU03558,22.0,25,10,2025-11-20
STORE008,SKU03559,21.0,25,10,2025-11-20
STORE001,SKU03560,184.2,25,10,2025-11-20
STORE012,SKU03560,63.8,25,10,2025-11-20
STORE016,SKU03561,71.6,25,10,2025-11-20
STORE024,SKU03561,4.9,25,10,2025-11-20
STORE026,SKU03561,74.6,25,10,2025-11-20
STORE021,SKU03561,38.9,25,10,2025-11-20
STORE007,SKU03562,68.8,25,10,2025-11-20
STORE024,SKU03562,259.5,25,10,2025-11-20
STORE010,SKU03562,110.3,25,10,2025-11-20
STORE016,SKU03562,129.8,25,10,2025-11-20
STORE005,SKU03562,143.9,25,10,2025-11-20
STORE009,SKU03562,21.7,25,10,2025-11-20
STORE008,SKU03562,1417.5,25,10,2025-11-20
STORE012,SKU03562,10.6,25,10,2025-11-20
STORE018,SKU03562,360.9,25,10,2025-11-20
STORE014,SKU03562,154.2,25,10,2025-11-20
STORE003,SKU03562,345.1,25,10,2025-11-20
STORE027,SKU03562,146.4,25,10,2025-11-20
STORE021,SKU03562,372.2,25,10,2025-11-20
STORE006,SKU03562,434.1,25,10,2025-11-20
STORE017,SKU03562,389.8,25,10,2025-11-20
STORE019,SKU03562,40.2,25,10,2025-11-20
STORE013,SKU03562,355.4,25,10,2025-11-20
STORE002,SKU03562,109.2,25,10,2025-11-20
STORE023,SKU03562,9.7,25,10,2025-11-20
STORE011,SKU03562,178.1,25,10,2025-11-20
STORE020,SKU03562,188.9,25,10,2025-11-20
STORE029,SKU03562,209.2,25,10,2025-11-20
STORE028,SKU03562,405.4,25,10,2025-11-20
STORE004,SKU03562,122.7,25,10,2025-11-20
STORE030,SKU03562,125.9,25,10,2025-11-20
STORE001,SKU03562,20.8,25,10,2025-11-20
STORE015,SKU03562,385.8,25,10,2025-11-20
STORE028,SKU03563,60.0,25,10,2025-11-20
STORE014,SKU03563,30.7,25,10,2025-11-20
STORE023,SKU03563,87.3,25,10,2025-11-20
STORE026,SKU03564,67.0,26,11,2025-11-20
STORE013,SKU03564,55.0,26,11,2025-11-20
STORE030,SKU03565,0.0,105,31,2025-10-15
STORE026,SKU03566,47.5,25,10,2025-11-20
STORE013,SKU03566,67.2,25,10,2025-11-20
STORE005,SKU03566,71.6,25,10,2025-11-20
STORE028,SKU03566,22.6,25,10,2025-11-20
STORE005,SKU03567,122.5,25,10,2025-11-20
STORE009,SKU03567,137.5,25,10,2025-11-20
STORE003,SKU03568,128.9,25,10,2025-11-20
STORE030,SKU03568,260.6,25,10,2025-11-20
STORE020,SKU03568,66.6,25,10,2025-11-20
STORE029,SKU03568,23.5,25,10,2025-11-20
STORE015,SKU03568,178.5,25,10,2025-11-20
STORE029,SKU03569,47.0,25,10,2025-11-20
STORE014,SKU03570,158.9,25,10,2025-11-20
STORE028,SKU03570,69.8,25,10,2025-11-20
STORE018,SKU03570,147.4,25,10,2025-11-20
STORE015,SKU03571,50.0,100,50,2025-11-20
STORE017,SKU03572,73.0,74,37,2025-11-20
STORE028,SKU03573,108.0,25,10,2025-11-20
STORE028,SKU03574,402.2,25,10,2025-11-20
STORE009,SKU03574,23.3,25,10,2025-11-20
STORE026,SKU03574,221.2,25,10,2025-11-20
STORE020,SKU03574,206.4,25,10,2025-11-20
STORE010,SKU03574,120.0,25,10,2025-11-20
STORE016,SKU03574,659.0,25,10,2025-11-20
STORE015,SKU03574,60.3,25,10,2025-11-20
STORE003,SKU03574,140.2,25,10,2025-11-20
STORE022,SKU03574,479.9,25,10,2025-11-20
STORE006,SKU03574,10.0,25,10,2025-11-20
STORE019,SKU03574,360.5,25,10,2025-11-20
STORE002,SKU03574,546.7,25,10,2025-11-20
STORE007,SKU03574,868.3,25,10,2025-11-20
STORE012,SKU03574,674.0,25,10,2025-11-20
STORE001,SKU03574,124.1,25,10,2025-11-20
STORE025,SKU03574,284.7,25,10,2025-11-20
STORE018,SKU03574,25.9,25,10,2025-11-20
STORE027,SKU03574,96.2,25,10,2025-11-20
STORE029,SKU03574,31.9,25,10,2025-11-20
STORE005,SKU03574,122.1,25,10,2025-11-20
STORE017,SKU03574,671.2,25,10,2025-11-20
STORE019,SKU03575,46.4,25,10,2025-11-20
STORE016,SKU03575,89.9,25,10,2025-11-20
STORE010,SKU03575,61.9,25,10,2025-11-20
STORE005,SKU03575,66.9,25,10,2025-11-20
STORE027,SKU03575,380.3,25,10,2025-11-20
STORE008,SKU03575,38.2,25,10,2025-11-20
STORE011,SKU03575,107.5,25,10,2025-11-20
STORE028,SKU03576,14.0,31,15,2025-11-20
STORE009,SKU03577,2.1,25,10,2025-11-20
STORE026,SKU03577,22.0,25,10,2025-11-20
STORE007,SKU03577,54.9,25,10,2025-11-20
STORE010,SKU03578,0.0,121,43,2025-10-15
STORE002,SKU03578,0.0,71,31,2025-10-15
STORE030,SKU03578,0.0,77,31,2025-10-15
STORE024,SKU03578,0.0,118,38,2025-10-15
STORE014,SKU03578,0.0,56,25,2025-10-15
STORE027,SKU03578,0.0,104,32,2025-10-15
STORE013,SKU03578,0.0,89,42,2025-10-15
STORE018,SKU03578,0.0,93,45,2025-10-15
STORE005,SKU03578,0.0,75,40,2025-10-15
STORE004,SKU03578,0.0,81,44,2025-10-15
STORE022,SKU03578,0.0,95,23,2025-10-15
STORE003,SKU03578,0.0,111,42,2025-10-15
STORE011,SKU03578,0.0,114,35,2025-10-15
STORE026,SKU03578,0.0,90,26,2025-10-15
STORE009,SKU03578,0.0,72,37,2025-10-15
STORE028,SKU03578,0.0,75,36,2025-10-15
STORE015,SKU03579,15.7,25,10,2025-11-20
STORE008,SKU03579,10.9,25,10,2025-11-20
STORE001,SKU03579,25.2,25,10,2025-11-20
STORE022,SKU03579,218.2,25,10,2025-11-20
STORE014,SKU03579,194.3,25,10,2025-11-20
STORE029,SKU03579,125.7,25,10,2025-11-20
STORE010,SKU03580,105.0,25,10,2025-11-20
STORE008,SKU03580,364.5,25,10,2025-11-20
STORE011,SKU03580,242.0,25,10,2025-11-20
STORE022,SKU03580,277.8,25,10,2025-11-20
STORE019,SKU03580,279.0,25,10,2025-11-20
STORE030,SKU03580,171.1,25,10,2025-11-20
STORE017,SKU03580,101.8,25,10,2025-11-20
STORE024,SKU03580,332.5,25,10,2025-11-20
STORE006,SKU03580,432.9,25,10,2025-11-20
STORE003,SKU03580,4.0,25,10,2025-11-20
STORE023,SKU03580,8.8,25,10,2025-11-20
STORE020,SKU03580,530.0,25,10,2025-11-20
STORE009,SKU03580,54.0,25,10,2025-11-20
STORE014,SKU03580,343.6,25,10,2025-11-20
STORE001,SKU03580,81.9,25,10,2025-11-20
STORE013,SKU03581,62.0,27,12,2025-11-20
STORE013,SKU03582,27.3,25,10,2025-11-20
STORE009,SKU03582,55.5,25,10,2025-11-20
STORE028,SKU03582,93.8,25,10,2025-11-20
STORE025,SKU03582,218.6,25,10,2025-11-20
STORE001,SKU03582,394.2,25,10,2025-11-20
STORE012,SKU03582,1401.4,25,10,2025-11-20
STORE004,SKU03582,190.0,25,10,2025-11-20
STORE024,SKU03582,238.1,25,10,2025-11-20
STORE002,SKU03582,240.6,25,10,2025-11-20
STORE006,SKU03582,252.8,25,10,2025-11-20
STORE003,SKU03582,237.8,25,10,2025-11-20
STORE021,SKU03582,2.9,25,10,2025-11-20
STORE027,SKU03582,0.6,25,10,2025-11-20
STORE010,SKU03582,33.5,25,10,2025-11-20
STORE007,SKU03582,34.9,25,10,2025-11-20
STORE011,SKU03582,398.0,25,10,2025-11-20
STORE024,SKU03583,42.8,25,10,2025-11-20
STORE009,SKU03583,420.0,25,10,2025-11-20
STORE003,SKU03583,492.5,25,10,2025-11-20
STORE026,SKU03583,695.1,25,10,2025-11-20
STORE030,SKU03583,522.1,25,10,2025-11-20
STORE006,SKU03583,59.2,25,10,2025-11-20
STORE008,SKU03583,133.0,25,10,2025-11-20
STORE001,SKU03583,36.0,25,10,2025-11-20
STORE004,SKU03583,306.2,25,10,2025-11-20
STORE013,SKU03583,409.2,25,10,2025-11-20
STORE002,SKU03583,355.6,25,10,2025-11-20
STORE010,SKU03583,106.0,25,10,2025-11-20
STORE017,SKU03583,265.3,25,10,2025-11-20
STORE014,SKU03583,19.2,25,10,2025-11-20
STORE023,SKU03583,7.7,25,10,2025-11-20
STORE018,SKU03583,261.1,25,10,2025-11-20
STORE008,SKU03584,115.0,71,35,2025-11-20
STORE016,SKU03585,109.9,25,10,2025-11-20
STORE005,SKU03585,2.1,25,10,2025-11-20
STORE004,SKU03586,0.0,118,42,2025-10-15
STORE021,SKU03587,97.7,25,10,2025-11-20
STORE028,SKU03587,33.0,25,10,2025-11-20
STORE017,SKU03587,88.6,25,10,2025-11-20
STORE013,SKU03587,85.7,25,10,2025-11-20
STORE002,SKU03588,131.3,25,10,2025-11-20
STORE007,SKU03588,18.7,25,10,2025-11-20
STORE006,SKU03589,41.0,25,10,2025-11-20
STORE002,SKU03590,70.0,25,10,2025-11-20
STORE023,SKU03591,12.2,25,10,2025-11-20
STORE007,SKU03591,80.3,25,10,2025-11-20
STORE004,SKU03591,250.5,25,10,2025-11-20
STORE020,SKU03592,176.4,25,10,2025-11-20
STORE015,SKU03592,486.3,25,10,2025-11-20
STORE018,SKU03592,359.9,25,10,2025-11-20
STORE027,SKU03592,64.6,25,10,2025-11-20
STORE019,SKU03592,818.0,25,10,2025-11-20
STORE030,SKU03592,17.3,25,10,2025-11-20
STORE025,SKU03592,628.7,25,10,2025-11-20
STORE002,SKU03592,99.9,25,10,2025-11-20
STORE003,SKU03592,190.8,25,10,2025-11-20
STORE022,SKU03592,151.0,25,10,2025-11-20
STORE009,SKU03592,51.9,25,10,2025-11-20
STORE023,SKU03592,122.0,25,10,2025-11-20
STORE001,SKU03592,59.0,25,10,2025-11-20
STORE007,SKU03592,62.7,25,10,2025-11-20
STORE010,SKU03592,57.0,25,10,2025-11-20
STORE029,SKU03592,184.7,25,10,2025-11-20
STORE008,SKU03592,439.9,25,10,2025-11-20
STORE026,SKU03592,231.5,25,10,2025-11-20
STORE004,SKU03592,615.3,25,10,2025-11-20
STORE013,SKU03592,278.4,25,10,2025-11-20
STORE014,SKU03592,321.6,25,10,2025-11-20
STORE011,SKU03592,303.0,25,10,2025-11-20
STORE016,SKU03592,164.2,25,10,2025-11-20
STORE025,SKU03593,112.1,25,10,2025-11-20
STORE021,SKU03593,6.9,25,10,2025-11-20
STORE018,SKU03594,84.0,27,12,2025-11-20
STORE014,SKU03595,134.0,25,10,2025-11-20
STORE002,SKU03596,20.2,25,10,2025-11-20
STORE025,SKU03596,104.8,25,10,2025-11-20
STORE024,SKU03597,14.8,25,10,2025-11-20
STORE004,SKU03597,284.9,25,10,2025-11-20
STORE029,SKU03597,78.3,25,10,2025-11-20
STORE021,SKU03598,159.4,25,10,2025-11-20
STORE025,SKU03598,148.4,25,10,2025-11-20
STORE013,SKU03598,176.8,25,10,2025-11-20
STORE029,SKU03598,0.5,25,10,2025-11-20
STORE030,SKU03599,32.0,43,21,2025-11-20
STORE005,SKU03600,125.6,25,10,2025-11-20
STORE025,SKU03600,17.4,25,10,2025-11-20
STORE012,SKU03601,220.0,25,10,2025-11-20
STORE022,SKU03601,18.4,25,10,2025-11-20
STORE023,SKU03601,41.9,25,10,2025-11-20
STORE020,SKU03601,135.4,25,10,2025-11-20
STORE025,SKU03601,222.2,25,10,2025-11-20
STORE002,SKU03602,50.3,25,10,2025-11-20
STORE024,SKU03602,65.3,25,10,2025-11-20
STORE017,SKU03602,72.9,25,10,2025-11-20
STORE009,SKU03602,86.9,25,10,2025-11-20
STORE004,SKU03602,81.9,25,10,2025-11-20
STORE019,SKU03602,160.3,25,10,2025-11-20
STORE021,SKU03602,338.1,25,10,2025-11-20
STORE010,SKU03602,183.7,25,10,2025-11-20
STORE029,SKU03602,476.9,25,10,2025-11-20
STORE015,SKU03602,405.0,25,10,2025-11-20
STORE028,SKU03602,43.1,25,10,2025-11-20
STORE011,SKU03602,16.0,25,10,2025-11-20
STORE012,SKU03602,670.5,25,10,2025-11-20
STORE001,SKU03602,26.5,25,10,2025-11-20
STORE026,SKU03602,51.2,25,10,2025-11-20
STORE030,SKU03602,7.1,25,10,2025-11-20
STORE016,SKU03602,315.5,25,10,2025-11-20
STORE008,SKU03602,278.3,25,10,2025-11-20
STORE006,SKU03602,1382.0,25,10,2025-11-20
STORE014,SKU03602,694.9,25,10,2025-11-20
STORE018,SKU03602,168.7,25,10,2025-11-20
STORE017,SKU03603,168.8,25,10,2025-11-20
STORE006,SKU03603,127.9,25,10,2025-11-20
STORE023,SKU03603,60.1,25,10,2025-11-20
STORE004,SKU03603,54.0,25,10,2025-11-20
STORE001,SKU03603,51.5,25,10,2025-11-20
STORE016,SKU03603,44.0,25,10,2025-11-20
STORE029,SKU03603,99.9,25,10,2025-11-20
STORE018,SKU03603,133.1,25,10,2025-11-20
STORE030,SKU03603,1184.0,25,10,2025-11-20
STORE015,SKU03603,313.8,25,10,2025-11-20
STORE022,SKU03603,1594.8,25,10,2025-11-20
STORE026,SKU03603,169.3,25,10,2025-11-20
STORE025,SKU03603,222.3,25,10,2025-11-20
STORE005,SKU03603,142.6,25,10,2025-11-20
STORE021,SKU03603,73.4,25,10,2025-11-20
STORE010,SKU03603,56.1,25,10,2025-11-20
STORE013,SKU03603,1054.2,25,10,2025-11-20
STORE019,SKU03603,1572.5,25,10,2025-11-20
STORE012,SKU03603,16.7,25,10,2025-11-20
STORE027,SKU03603,59.2,25,10,2025-11-20
STORE008,SKU03603,200.1,25,10,2025-11-20
STORE002,SKU03603,74.9,25,10,2025-11-20
STORE007,SKU03603,164.3,25,10,2025-11-20
STORE014,SKU03603,50.2,25,10,2025-11-20
STORE011,SKU03603,221.5,25,10,2025-11-20
STORE028,SKU03603,115.2,25,10,2025-11-20
STORE020,SKU03603,157.6,25,10,2025-11-20
STORE003,SKU03603,36.0,25,10,2025-11-20
STORE016,SKU03604,10.7,34,17,2025-11-20
STORE027,SKU03604,78.3,34,17,2025-11-20
STORE005,SKU03605,20.5,25,10,2025-11-20
STORE029,SKU03605,107.6,25,10,2025-11-20
STORE007,SKU03605,95.3,25,10,2025-11-20
STORE022,SKU03605,156.3,25,10,2025-11-20
STORE020,SKU03605,80.3,25,10,2025-11-20
STORE029,SKU03606,99.9,25,10,2025-11-20
STORE025,SKU03606,180.1,25,10,2025-11-20
STORE019,SKU03606,7.3,25,10,2025-11-20
STORE021,SKU03606,57.6,25,10,2025-11-20
STORE013,SKU03607,100.1,25,10,2025-11-20
STORE009,SKU03607,32.4,25,10,2025-11-20
STORE016,SKU03607,72.2,25,10,2025-11-20
STORE025,SKU03607,33.4,25,10,2025-11-20
STORE004,SKU03607,45.9,25,10,2025-11-20
STORE018,SKU03608,100.2,25,10,2025-11-20
STORE007,SKU03608,116.8,25,10,2025-11-20
STORE016,SKU03609,231.3,25,10,2025-11-20
STORE011,SKU03609,805.8,25,10,2025-11-20
STORE027,SKU03609,544.4,25,10,2025-11-20
STORE008,SKU03609,580.0,25,10,2025-11-20
STORE002,SKU03609,349.1,25,10,2025-11-20
STORE015,SKU03609,113.4,25,10,2025-11-20
STORE014,SKU03609,11.3,25,10,2025-11-20
STORE018,SKU03609,856.8,25,10,2025-11-20
STORE004,SKU03609,275.5,25,10,2025-11-20
STORE001,SKU03609,110.6,25,10,2025-11-20
STORE006,SKU03609,50.4,25,10,2025-11-20
STORE010,SKU03609,552.5,25,10,2025-11-20
STORE023,SKU03609,565.6,25,10,2025-11-20
STORE021,SKU03609,526.2,25,10,2025-11-20
STORE012,SKU03609,323.5,25,10,2025-11-20
STORE013,SKU03609,142.3,25,10,2025-11-20
STORE020,SKU03609,113.2,25,10,2025-11-20
STORE028,SKU03609,2.7,25,10,2025-11-20
STORE009,SKU03609,560.1,25,10,2025-11-20
STORE017,SKU03609,28.6,25,10,2025-11-20
STORE029,SKU03609,311.2,25,10,2025-11-20
STORE003,SKU03609,219.0,25,10,2025-11-20
STORE005,SKU03609,233.6,25,10,2025-11-20
STORE024,SKU03609,816.2,25,10,2025-11-20
STORE030,SKU03609,10.0,25,10,2025-11-20
STORE026,SKU03609,463.6,25,10,2025-11-20
STORE025,SKU03609,16.7,25,10,2025-11-20
STORE019,SKU03609,12.1,25,10,2025-11-20
STORE022,SKU03609,175.5,25,10,2025-11-20
STORE007,SKU03609,20.3,25,10,2025-11-20
STORE006,SKU03610,88.0,39,19,2025-11-20
STORE027,SKU03611,47.0,48,24,2025-11-20
STORE004,SKU03612,18.0,27,12,2025-11-20
STORE013,SKU03613,4.3,25,10,2025-11-20
STORE019,SKU03613,99.2,25,10,2025-11-20
STORE002,SKU03613,171.6,25,10,2025-11-20
STORE026,SKU03613,60.2,25,10,2025-11-20
STORE020,SKU03613,84.6,25,10,2025-11-20
STORE022,SKU03614,126.4,25,10,2025-11-20
STORE025,SKU03614,74.1,25,10,2025-11-20
STORE013,SKU03614,20.0,25,10,2025-11-20
STORE018,SKU03614,74.6,25,10,2025-11-20
STORE012,SKU03615,58.5,25,10,2025-11-20
STORE028,SKU03615,78.2,25,10,2025-11-20
STORE015,SKU03615,57.3,25,10,2025-11-20
STORE009,SKU03616,103.6,25,10,2025-11-20
STORE013,SKU03616,6.5,25,10,2025-11-20
STORE022,SKU03616,89.8,25,10,2025-11-20
STORE016,SKU03616,23.0,25,10,2025-11-20
STORE001,SKU03617,154.0,25,10,2025-11-20
STORE013,SKU03617,14.5,25,10,2025-11-20
STORE026,SKU03617,66.2,25,10,2025-11-20
STORE015,SKU03617,202.7,25,10,2025-11-20
STORE022,SKU03617,169.6,25,10,2025-11-20
STORE022,SKU03618,7.6,25,10,2025-11-20
STORE012,SKU03618,146.4,25,10,2025-11-20
STORE003,SKU03619,2.2,25,10,2025-11-20
STORE014,SKU03619,129.8,25,10,2025-11-20
STORE020,SKU03620,88.2,25,10,2025-11-20
STORE023,SKU03620,0.8,25,10,2025-11-20
STORE004,SKU03621,494.5,25,10,2025-11-20
STORE008,SKU03621,636.6,25,10,2025-11-20
STORE019,SKU03621,110.3,25,10,2025-11-20
STORE012,SKU03621,321.3,25,10,2025-11-20
STORE023,SKU03621,147.5,25,10,2025-11-20
STORE024,SKU03621,269.2,25,10,2025-11-20
STORE005,SKU03621,105.1,25,10,2025-11-20
STORE003,SKU03621,98.4,25,10,2025-11-20
STORE011,SKU03621,139.6,25,10,2025-11-20
STORE002,SKU03621,39.8,25,10,2025-11-20
STORE030,SKU03621,449.6,25,10,2025-11-20
STORE014,SKU03621,108.4,25,10,2025-11-20
STORE010,SKU03621,129.2,25,10,2025-11-20
STORE025,SKU03621,567.4,25,10,2025-11-20
STORE013,SKU03621,173.5,25,10,2025-11-20
STORE021,SKU03621,198.6,25,10,2025-11-20
STORE001,SKU03622,58.4,25,10,2025-11-20
STORE016,SKU03622,40.6,25,10,2025-11-20
STORE030,SKU03622,3.5,25,10,2025-11-20
STORE007,SKU03622,11.9,25,10,2025-11-20
STORE027,SKU03622,66.1,25,10,2025-11-20
STORE012,SKU03622,8.7,25,10,2025-11-20
STORE002,SKU03622,8.7,25,10,2025-11-20
STORE021,SKU03622,4.0,25,10,2025-11-20
STORE017,SKU03622,2.3,25,10,2025-11-20
STORE009,SKU03622,25.1,25,10,2025-11-20
STORE006,SKU03622,27.4,25,10,2025-11-20
STORE010,SKU03622,64.7,25,10,2025-11-20
STORE026,SKU03622,27.7,25,10,2025-11-20
STORE023,SKU03623,224.1,26,11,2025-11-20
STORE024,SKU03623,32.9,26,11,2025-11-20
STORE023,SKU03624,859.2,25,10,2025-11-20
STORE004,SKU03624,84.6,25,10,2025-11-20
STORE020,SKU03624,76.0,25,10,2025-11-20
STORE018,SKU03624,480.2,25,10,2025-11-20
STORE008,SKU03624,178.7,25,10,2025-11-20
STORE019,SKU03624,49.1,25,10,2025-11-20
STORE005,SKU03624,446.7,25,10,2025-11-20
STORE010,SKU03624,1018.8,25,10,2025-11-20
STORE027,SKU03624,18.4,25,10,2025-11-20
STORE030,SKU03624,402.7,25,10,2025-11-20
STORE017,SKU03624,100.6,25,10,2025-11-20
STORE003,SKU03624,150.8,25,10,2025-11-20
STORE026,SKU03624,500.4,25,10,2025-11-20
STORE001,SKU03624,736.6,25,10,2025-11-20
STORE028,SKU03624,61.8,25,10,2025-11-20
STORE024,SKU03624,48.6,25,10,2025-11-20
STORE002,SKU03624,17.1,25,10,2025-11-20
STORE012,SKU03624,167.6,25,10,2025-11-20
STORE007,SKU03624,2.8,25,10,2025-11-20
STORE021,SKU03624,107.8,25,10,2025-11-20
STORE014,SKU03624,15.5,25,10,2025-11-20
STORE016,SKU03624,105.6,25,10,2025-11-20
STORE006,SKU03624,8.3,25,10,2025-11-20
STORE013,SKU03624,366.3,25,10,2025-11-20
STORE011,SKU03624,47.8,25,10,2025-11-20
STORE002,SKU03625,37.2,25,10,2025-11-20
STORE005,SKU03625,190.8,25,10,2025-11-20
STORE004,SKU03626,0.0,65,31,2025-10-15
STORE013,SKU03627,410.4,25,10,2025-11-20
STORE016,SKU03627,74.0,25,10,2025-11-20
STORE024,SKU03627,22.3,25,10,2025-11-20
STORE012,SKU03627,376.3,25,10,2025-11-20
STORE025,SKU03627,148.3,25,10,2025-11-20
STORE023,SKU03627,434.7,25,10,2025-11-20
STORE018,SKU03627,176.3,25,10,2025-11-20
STORE030,SKU03627,127.1,25,10,2025-11-20
STORE010,SKU03627,179.6,25,10,2025-11-20
STORE026,SKU03627,413.1,25,10,2025-11-20
STORE008,SKU03627,695.7,25,10,2025-11-20
STORE020,SKU03627,15.3,25,10,2025-11-20
STORE011,SKU03627,222.2,25,10,2025-11-20
STORE019,SKU03627,10.0,25,10,2025-11-20
STORE022,SKU03627,189.1,25,10,2025-11-20
STORE009,SKU03627,647.9,25,10,2025-11-20
STORE002,SKU03627,134.3,25,10,2025-11-20
STORE014,SKU03627,806.4,25,10,2025-11-20
STORE001,SKU03627,298.0,25,10,2025-11-20
STORE006,SKU03627,814.1,25,10,2025-11-20
STORE027,SKU03627,423.5,25,10,2025-11-20
STORE021,SKU03627,32.7,25,10,2025-11-20
STORE005,SKU03627,78.7,25,10,2025-11-20
STORE004,SKU03627,150.0,25,10,2025-11-20
STORE014,SKU03628,74.8,25,10,2025-11-20
STORE009,SKU03628,274.2,25,10,2025-11-20
STORE025,SKU03629,77.9,25,10,2025-11-20
STORE005,SKU03629,382.6,25,10,2025-11-20
STORE016,SKU03629,69.5,25,10,2025-11-20
STORE017,SKU03630,0.0,113,46,2025-10-15
STORE026,SKU03631,47.0,25,10,2025-11-20
STORE014,SKU03632,72.0,38,19,2025-11-20
STORE028,SKU03633,0.0,66,30,2025-10-15
STORE004,SKU03633,0.0,68,24,2025-10-15
STORE011,SKU03633,0.0,91,38,2025-10-15
STORE016,SKU03633,0.0,110,44,2025-10-15
STORE008,SKU03633,0.0,97,35,2025-10-15
STORE018,SKU03633,0.0,74,23,2025-10-15
STORE030,SKU03633,0.0,77,31,2025-10-15
STORE024,SKU03633,0.0,78,24,2025-10-15
STORE029,SKU03633,0.0,117,47,2025-10-15
STORE005,SKU03633,0.0,99,21,2025-10-15
STORE025,SKU03633,0.0,109,41,2025-10-15
STORE003,SKU03633,0.0,74,34,2025-10-15
STORE015,SKU03633,0.0,103,27,2025-10-15
STORE027,SKU03633,0.0,63,32,2025-10-15
STORE005,SKU03634,522.9,25,10,2025-11-20
STORE010,SKU03634,58.4,25,10,2025-11-20
STORE026,SKU03634,171.0,25,10,2025-11-20
STORE029,SKU03634,106.6,25,10,2025-11-20
STORE014,SKU03634,127.4,25,10,2025-11-20
STORE025,SKU03634,111.7,25,10,2025-11-20
STORE024,SKU03634,436.9,25,10,2025-11-20
STORE012,SKU03634,150.2,25,10,2025-11-20
STORE009,SKU03634,185.1,25,10,2025-11-20
STORE028,SKU03634,1008.8,25,10,2025-11-20
STORE015,SKU03634,15.4,25,10,2025-11-20
STORE020,SKU03634,167.0,25,10,2025-11-20
STORE030,SKU03634,371.2,25,10,2025-11-20
STORE002,SKU03634,40.9,25,10,2025-11-20
STORE023,SKU03634,236.0,25,10,2025-11-20
STORE017,SKU03634,68.3,25,10,2025-11-20
STORE008,SKU03634,504.2,25,10,2025-11-20
STORE019,SKU03634,98.9,25,10,2025-11-20
STORE001,SKU03634,99.6,25,10,2025-11-20
STORE021,SKU03634,227.5,25,10,2025-11-20
STORE004,SKU03634,50.6,25,10,2025-11-20
STORE016,SKU03634,83.7,25,10,2025-11-20
STORE011,SKU03634,134.5,25,10,2025-11-20
STORE022,SKU03634,108.9,25,10,2025-11-20
STORE003,SKU03634,185.7,25,10,2025-11-20
STORE027,SKU03634,228.4,25,10,2025-11-20
STORE026,SKU03635,39.2,25,10,2025-11-20
STORE009,SKU03635,49.8,25,10,2025-11-20
STORE025,SKU03636,29.0,25,10,2025-11-20
STORE021,SKU03637,16.2,25,10,2025-11-20
STORE016,SKU03637,171.8,25,10,2025-11-20
STORE018,SKU03638,212.8,25,10,2025-11-20
STORE021,SKU03638,33.2,25,10,2025-11-20
STORE025,SKU03639,197.0,55,27,2025-11-20
STORE008,SKU03640,0.0,107,35,2025-10-15
STORE024,SKU03641,28.9,25,10,2025-11-20
STORE002,SKU03641,31.9,25,10,2025-11-20
STORE007,SKU03641,45.1,25,10,2025-11-20
STORE004,SKU03642,40.0,25,10,2025-11-20
STORE016,SKU03643,318.0,25,10,2025-11-20
STORE011,SKU03643,15.9,25,10,2025-11-20
STORE010,SKU03643,157.1,25,10,2025-11-20
STORE008,SKU03644,0.0,67,36,2025-10-15
STORE025,SKU03645,151.0,25,10,2025-11-20
STORE006,SKU03646,85.0,25,10,2025-11-20
STORE029,SKU03647,4.1,36,18,2025-11-20
STORE015,SKU03647,105.9,36,18,2025-11-20
STORE010,SKU03648,140.2,25,10,2025-11-20
STORE027,SKU03648,94.0,25,10,2025-11-20
STORE003,SKU03648,33.8,25,10,2025-11-20
STORE027,SKU03649,241.0,29,14,2025-11-20
STORE010,SKU03650,244.4,25,10,2025-11-20
STORE017,SKU03650,65.5,25,10,2025-11-20
STORE028,SKU03650,164.8,25,10,2025-11-20
STORE011,SKU03650,36.1,25,10,2025-11-20
STORE023,SKU03650,35.2,25,10,2025-11-20
STORE015,SKU03651,112.0,25,10,2025-11-20
STORE022,SKU03652,154.5,25,10,2025-11-20
STORE006,SKU03652,31.8,25,10,2025-11-20
STORE013,SKU03652,52.0,25,10,2025-11-20
STORE002,SKU03652,137.8,25,10,2025-11-20
STORE006,SKU03653,56.0,25,10,2025-11-20
STORE019,SKU03654,130.7,25,10,2025-11-20
STORE006,SKU03654,114.3,25,10,2025-11-20
STORE011,SKU03655,139.5,25,10,2025-11-20
STORE009,SKU03655,40.5,25,10,2025-11-20
STORE025,SKU03656,111.5,25,10,2025-11-20
STORE013,SKU03656,5.5,25,10,2025-11-20
STORE022,SKU03657,62.0,27,12,2025-11-20
STORE017,SKU03658,8.0,25,10,2025-11-20
STORE013,SKU03658,112.0,25,10,2025-11-20
STORE005,SKU03659,210.5,25,10,2025-11-20
STORE029,SKU03659,68.5,25,10,2025-11-20
STORE015,SKU03660,51.0,27,12,2025-11-20
STORE006,SKU03661,67.5,25,10,2025-11-20
STORE018,SKU03661,183.5,25,10,2025-11-20
STORE017,SKU03662,183.6,25,10,2025-11-20
STORE027,SKU03662,302.6,25,10,2025-11-20
STORE010,SKU03662,33.7,25,10,2025-11-20
STORE002,SKU03663,185.7,25,10,2025-11-20
STORE015,SKU03663,6.7,25,10,2025-11-20
STORE014,SKU03663,11.6,25,10,2025-11-20
STORE014,SKU03664,36.0,25,10,2025-11-20
STORE009,SKU03665,25.0,25,10,2025-11-20
STORE005,SKU03665,115.0,25,10,2025-11-20
STORE001,SKU03665,150.8,25,10,2025-11-20
STORE015,SKU03665,118.8,25,10,2025-11-20
STORE021,SKU03665,78.5,25,10,2025-11-20
STORE029,SKU03666,174.0,44,22,2025-11-20
STORE013,SKU03667,48.8,25,10,2025-11-20
STORE022,SKU03667,19.6,25,10,2025-11-20
STORE007,SKU03667,72.8,25,10,2025-11-20
STORE005,SKU03667,44.7,25,10,2025-11-20
STORE016,SKU03668,0.0,84,50,2025-10-15
STORE028,SKU03669,53.6,31,15,2025-11-20
STORE027,SKU03669,34.4,31,15,2025-11-20
STORE023,SKU03670,210.7,25,10,2025-11-20
STORE007,SKU03670,28.3,25,10,2025-11-20
STORE011,SKU03671,60.6,25,10,2025-11-20
STORE007,SKU03671,189.9,25,10,2025-11-20
STORE024,SKU03671,85.7,25,10,2025-11-20
STORE018,SKU03671,277.8,25,10,2025-11-20
STORE030,SKU03672,208.0,30,15,2025-11-20
STORE013,SKU03673,0.0,91,35,2025-10-15
STORE023,SKU03674,19.2,25,10,2025-11-20
STORE005,SKU03674,91.5,25,10,2025-11-20
STORE012,SKU03674,26.0,25,10,2025-11-20
STORE020,SKU03674,30.3,25,10,2025-11-20
STORE005,SKU03675,67.0,25,10,2025-11-20
STORE007,SKU03676,121.8,25,10,2025-11-20
STORE029,SKU03676,401.2,25,10,2025-11-20
STORE017,SKU03676,48.0,25,10,2025-11-20
STORE014,SKU03677,112.8,25,10,2025-11-20
STORE024,SKU03677,80.6,25,10,2025-11-20
STORE017,SKU03677,11.3,25,10,2025-11-20
STORE027,SKU03677,63.2,25,10,2025-11-20
STORE016,SKU03677,49.2,25,10,2025-11-20
STORE020,SKU03678,25.2,25,10,2025-11-20
STORE002,SKU03678,39.3,25,10,2025-11-20
STORE014,SKU03678,64.8,25,10,2025-11-20
STORE029,SKU03678,148.1,25,10,2025-11-20
STORE022,SKU03678,125.5,25,10,2025-11-20
STORE023,SKU03679,25.6,25,10,2025-11-20
STORE001,SKU03679,49.4,25,10,2025-11-20
STORE026,SKU03680,0.0,91,28,2025-10-15
STORE030,SKU03681,22.0,26,11,2025-11-20
STORE030,SKU03682,20.8,25,10,2025-11-20
STORE017,SKU03682,33.4,25,10,2025-11-20
STORE013,SKU03682,8.8,25,10,2025-11-20
STORE019,SKU03683,180.0,29,14,2025-11-20
STORE022,SKU03684,188.0,25,10,2025-11-20
STORE008,SKU03685,312.9,26,11,2025-11-20
STORE006,SKU03685,143.1,26,11,2025-11-20
STORE002,SKU03686,33.6,25,10,2025-11-20
STORE023,SKU03686,106.5,25,10,2025-11-20
STORE011,SKU03686,63.2,25,10,2025-11-20
STORE025,SKU03686,162.8,25,10,2025-11-20
STORE012,SKU03686,87.9,25,10,2025-11-20
STORE027,SKU03686,246.3,25,10,2025-11-20
STORE008,SKU03686,154.3,25,10,2025-11-20
STORE009,SKU03686,157.1,25,10,2025-11-20
STORE001,SKU03686,33.3,25,10,2025-11-20
STORE012,SKU03687,192.6,25,10,2025-11-20
STORE026,SKU03687,85.5,25,10,2025-11-20
STORE001,SKU03687,72.2,25,10,2025-11-20
STORE022,SKU03687,18.6,25,10,2025-11-20
STORE017,SKU03688,187.3,25,10,2025-11-20
STORE027,SKU03688,36.0,25,10,2025-11-20
STORE020,SKU03688,188.8,25,10,2025-11-20
STORE025,SKU03689,14.5,25,10,2025-11-20
STORE005,SKU03689,74.1,25,10,2025-11-20
STORE016,SKU03689,96.3,25,10,2025-11-20
STORE007,SKU03690,53.9,25,10,2025-11-20
STORE019,SKU03690,75.1,25,10,2025-11-20
STORE014,SKU03691,159.0,30,15,2025-11-20
STORE024,SKU03692,135.0,25,10,2025-11-20
STORE003,SKU03693,15.7,25,10,2025-11-20
STORE029,SKU03693,1.9,25,10,2025-11-20
STORE011,SKU03693,0.4,25,10,2025-11-20
STORE020,SKU03693,2.1,25,10,2025-11-20
STORE015,SKU03693,14.5,25,10,2025-11-20
STORE014,SKU03693,5.2,25,10,2025-11-20
STORE009,SKU03693,20.6,25,10,2025-11-20
STORE001,SKU03693,7.4,25,10,2025-11-20
STORE028,SKU03693,0.2,25,10,2025-11-20
STORE007,SKU03693,12.6,25,10,2025-11-20
STORE022,SKU03693,1.2,25,10,2025-11-20
STORE025,SKU03693,15.6,25,10,2025-11-20
STORE026,SKU03693,1.8,25,10,2025-11-20
STORE002,SKU03693,4.2,25,10,2025-11-20
STORE016,SKU03693,14.3,25,10,2025-11-20
STORE024,SKU03693,30.8,25,10,2025-11-20
STORE010,SKU03693,4.6,25,10,2025-11-20
STORE008,SKU03693,17.7,25,10,2025-11-20
STORE013,SKU03693,2.1,25,10,2025-11-20
STORE023,SKU03694,131.4,25,10,2025-11-20
STORE011,SKU03694,85.6,25,10,2025-11-20
STORE012,SKU03695,71.0,31,15,2025-11-20
STORE009,SKU03696,235.0,25,10,2025-11-20
STORE006,SKU03697,59.0,25,10,2025-11-20
STORE014,SKU03698,185.5,25,10,2025-11-20
STORE028,SKU03698,87.5,25,10,2025-11-20
STORE003,SKU03699,46.6,25,10,2025-11-20
STORE019,SKU03699,234.7,25,10,2025-11-20
STORE023,SKU03699,0.5,25,10,2025-11-20
STORE028,SKU03699,35.1,25,10,2025-11-20
STORE001,SKU03700,82.8,25,10,2025-11-20
STORE008,SKU03700,238.6,25,10,2025-11-20
STORE027,SKU03700,68.5,25,10,2025-11-20
STORE026,SKU03701,130.0,25,10,2025-11-20
STORE017,SKU03702,17.6,25,10,2025-11-20
STORE009,SKU03702,8.6,25,10,2025-11-20
STORE005,SKU03702,1.6,25,10,2025-11-20
STORE006,SKU03702,14.5,25,10,2025-11-20
STORE016,SKU03702,1.5,25,10,2025-11-20
STORE007,SKU03702,22.1,25,10,2025-11-20
STORE013,SKU03702,10.1,25,10,2025-11-20
STORE028,SKU03702,21.0,25,10,2025-11-20
STORE015,SKU03702,4.0,25,10,2025-11-20
STORE025,SKU03702,74.4,25,10,2025-11-20
STORE027,SKU03702,62.1,25,10,2025-11-20
STORE002,SKU03702,5.8,25,10,2025-11-20
STORE020,SKU03702,11.6,25,10,2025-11-20
STORE006,SKU03703,133.0,25,10,2025-11-20
STORE021,SKU03704,0.0,84,24,2025-10-15
STORE004,SKU03705,56.6,25,10,2025-11-20
STORE025,SKU03705,246.4,25,10,2025-11-20
STORE003,SKU03706,22.0,25,10,2025-11-20
STORE027,SKU03706,188.0,25,10,2025-11-20
STORE015,SKU03707,98.4,25,10,2025-11-20
STORE027,SKU03707,44.6,25,10,2025-11-20
STORE012,SKU03708,0.0,101,40,2025-10-15
STORE014,SKU03709,167.7,25,10,2025-11-20
STORE020,SKU03709,609.4,25,10,2025-11-20
STORE004,SKU03709,615.1,25,10,2025-11-20
STORE016,SKU03709,795.4,25,10,2025-11-20
STORE028,SKU03709,30.6,25,10,2025-11-20
STORE030,SKU03709,40.0,25,10,2025-11-20
STORE006,SKU03709,257.8,25,10,2025-11-20
STORE002,SKU03709,178.0,25,10,2025-11-20
STORE010,SKU03709,4.3,25,10,2025-11-20
STORE024,SKU03709,14.6,25,10,2025-11-20
STORE029,SKU03709,499.9,25,10,2025-11-20
STORE018,SKU03709,463.7,25,10,2025-11-20
STORE012,SKU03709,100.9,25,10,2025-11-20
STORE026,SKU03709,506.0,25,10,2025-11-20
STORE022,SKU03709,205.6,25,10,2025-11-20
STORE005,SKU03709,374.2,25,10,2025-11-20
STORE025,SKU03709,127.3,25,10,2025-11-20
STORE009,SKU03709,27.5,25,10,2025-11-20
STORE007,SKU03709,129.8,25,10,2025-11-20
STORE027,SKU03709,139.5,25,10,2025-11-20
STORE013,SKU03709,182.8,25,10,2025-11-20
STORE008,SKU03710,3.8,25,10,2025-11-20
STORE002,SKU03710,161.2,25,10,2025-11-20
STORE012,SKU03710,9.5,25,10,2025-11-20
STORE006,SKU03710,7.5,25,10,2025-11-20
STORE004,SKU03711,69.3,25,10,2025-11-20
STORE027,SKU03711,71.3,25,10,2025-11-20
STORE014,SKU03711,53.6,25,10,2025-11-20
STORE019,SKU03711,136.8,25,10,2025-11-20
STORE001,SKU03712,25.0,25,10,2025-11-20
STORE007,SKU03713,75.6,25,10,2025-11-20
STORE019,SKU03713,103.4,25,10,2025-11-20
STORE028,SKU03713,2.0,25,10,2025-11-20
STORE026,SKU03714,55.9,25,10,2025-11-20
STORE006,SKU03714,142.4,25,10,2025-11-20
STORE001,SKU03714,1.2,25,10,2025-11-20
STORE029,SKU03714,34.3,25,10,2025-11-20
STORE024,SKU03714,172.2,25,10,2025-11-20
STORE014,SKU03715,29.3,25,10,2025-11-20
STORE019,SKU03715,41.3,25,10,2025-11-20
STORE026,SKU03715,268.5,25,10,2025-11-20
STORE018,SKU03715,14.9,25,10,2025-11-20
STORE001,SKU03716,112.0,25,10,2025-11-20
STORE004,SKU03717,89.0,25,10,2025-11-20
STORE029,SKU03717,92.0,25,10,2025-11-20
STORE009,SKU03718,130.0,25,10,2025-11-20
STORE006,SKU03719,47.5,25,10,2025-11-20
STORE022,SKU03719,118.9,25,10,2025-11-20
STORE013,SKU03719,88.3,25,10,2025-11-20
STORE009,SKU03719,20.3,25,10,2025-11-20
STORE016,SKU03720,1.8,25,10,2025-11-20
STORE027,SKU03720,68.1,25,10,2025-11-20
STORE003,SKU03720,204.1,25,10,2025-11-20
STORE002,SKU03721,160.3,25,10,2025-11-20
STORE014,SKU03721,221.7,25,10,2025-11-20
STORE018,SKU03722,0.0,54,20,2025-10-15
STORE015,SKU03723,199.7,25,10,2025-11-20
STORE029,SKU03723,81.8,25,10,2025-11-20
STORE025,SKU03723,55.5,25,10,2025-11-20
STORE001,SKU03724,224.0,49,24,2025-11-20
STORE030,SKU03725,178.6,25,10,2025-11-20
STORE007,SKU03725,102.4,25,10,2025-11-20
STORE026,SKU03726,6.7,25,10,2025-11-20
STORE003,SKU03726,192.3,25,10,2025-11-20
STORE013,SKU03726,44.9,25,10,2025-11-20
STORE030,SKU03727,2.6,94,47,2025-11-20
STORE007,SKU03727,5.6,94,47,2025-11-20
STORE015,SKU03727,6.4,94,47,2025-11-20
STORE025,SKU03727,1.3,94,47,2025-11-20
STORE002,SKU03727,10.3,94,47,2025-11-20
STORE011,SKU03727,1.9,94,47,2025-11-20
STORE022,SKU03727,1.2,94,47,2025-11-20
STORE001,SKU03727,3.0,94,47,2025-11-20
STORE026,SKU03727,7.4,94,47,2025-11-20
STORE010,SKU03727,19.1,94,47,2025-11-20
STORE019,SKU03727,9.4,94,47,2025-11-20
STORE029,SKU03727,16.0,94,47,2025-11-20
STORE020,SKU03727,0.9,94,47,2025-11-20
STORE006,SKU03727,0.4,94,47,2025-11-20
STORE014,SKU03727,4.6,94,47,2025-11-20
STORE016,SKU03727,1.9,94,47,2025-11-20
STORE008,SKU03727,10.0,94,47,2025-11-20
STORE006,SKU03728,62.0,25,10,2025-11-20
STORE009,SKU03729,5.0,25,10,2025-11-20
STORE030,SKU03730,103.6,25,10,2025-11-20
STORE009,SKU03730,234.3,25,10,2025-11-20
STORE013,SKU03730,245.1,25,10,2025-11-20
STORE019,SKU03731,32.3,25,10,2025-11-20
STORE008,SKU03731,105.4,25,10,2025-11-20
STORE028,SKU03731,69.2,25,10,2025-11-20
STORE004,SKU03732,257.6,25,10,2025-11-20
STORE028,SKU03732,196.1,25,10,2025-11-20
STORE026,SKU03732,7.4,25,10,2025-11-20
STORE015,SKU03732,321.4,25,10,2025-11-20
STORE006,SKU03732,177.7,25,10,2025-11-20
STORE019,SKU03732,0.6,25,10,2025-11-20
STORE009,SKU03732,160.2,25,10,2025-11-20
STORE026,SKU03733,41.9,25,10,2025-11-20
STORE015,SKU03733,64.1,25,10,2025-11-20
STORE014,SKU03734,20.7,25,10,2025-11-20
STORE008,SKU03734,103.7,25,10,2025-11-20
STORE030,SKU03734,172.6,25,10,2025-11-20
STORE018,SKU03735,101.6,25,10,2025-11-20
STORE001,SKU03735,166.4,25,10,2025-11-20
STORE018,SKU03736,29.3,25,10,2025-11-20
STORE008,SKU03736,35.7,25,10,2025-11-20
STORE019,SKU03736,81.0,25,10,2025-11-20
STORE002,SKU03737,129.0,25,10,2025-11-20
STORE024,SKU03737,279.6,25,10,2025-11-20
STORE013,SKU03737,131.8,25,10,2025-11-20
STORE025,SKU03737,125.0,25,10,2025-11-20
STORE011,SKU03737,330.2,25,10,2025-11-20
STORE009,SKU03737,44.4,25,10,2025-11-20
STORE030,SKU03737,95.6,25,10,2025-11-20
STORE006,SKU03737,58.7,25,10,2025-11-20
STORE012,SKU03737,102.9,25,10,2025-11-20
STORE020,SKU03737,60.5,25,10,2025-11-20
STORE021,SKU03737,200.2,25,10,2025-11-20
STORE018,SKU03737,370.0,25,10,2025-11-20
STORE026,SKU03737,357.1,25,10,2025-11-20
STORE004,SKU03737,104.8,25,10,2025-11-20
STORE008,SKU03737,1037.7,25,10,2025-11-20
STORE022,SKU03737,208.3,25,10,2025-11-20
STORE010,SKU03737,117.9,25,10,2025-11-20
STORE017,SKU03737,417.3,25,10,2025-11-20
STORE003,SKU03737,302.6,25,10,2025-11-20
STORE016,SKU03737,319.8,25,10,2025-11-20
STORE015,SKU03737,50.5,25,10,2025-11-20
STORE019,SKU03737,146.1,25,10,2025-11-20
STORE014,SKU03737,457.6,25,10,2025-11-20
STORE005,SKU03737,162.1,25,10,2025-11-20
STORE001,SKU03737,265.9,25,10,2025-11-20
STORE029,SKU03737,205.0,25,10,2025-11-20
STORE023,SKU03737,427.1,25,10,2025-11-20
STORE027,SKU03738,50.6,25,10,2025-11-20
STORE013,SKU03738,129.4,25,10,2025-11-20
STORE008,SKU03739,15.1,25,10,2025-11-20
STORE012,SKU03739,134.2,25,10,2025-11-20
STORE021,SKU03739,150.8,25,10,2025-11-20
STORE002,SKU03740,13.3,25,10,2025-11-20
STORE010,SKU03740,341.8,25,10,2025-11-20
STORE025,SKU03740,162.5,25,10,2025-11-20
STORE019,SKU03740,40.2,25,10,2025-11-20
STORE014,SKU03740,165.3,25,10,2025-11-20
STORE030,SKU03740,65.5,25,10,2025-11-20
STORE005,SKU03740,163.0,25,10,2025-11-20
STORE026,SKU03740,147.2,25,10,2025-11-20
STORE023,SKU03740,406.9,25,10,2025-11-20
STORE015,SKU03740,451.6,25,10,2025-11-20
STORE013,SKU03740,283.5,25,10,2025-11-20
STORE011,SKU03740,7.0,25,10,2025-11-20
STORE006,SKU03740,811.5,25,10,2025-11-20
STORE021,SKU03740,351.8,25,10,2025-11-20
STORE018,SKU03740,10.6,25,10,2025-11-20
STORE009,SKU03740,518.5,25,10,2025-11-20
STORE027,SKU03740,67.8,25,10,2025-11-20
STORE010,SKU03741,30.1,25,10,2025-11-20
STORE012,SKU03741,21.9,25,10,2025-11-20
STORE007,SKU03742,0.0,99,38,2025-10-15
STORE009,SKU03743,0.0,100,44,2025-10-15
STORE020,SKU03743,0.0,78,47,2025-10-15
STORE024,SKU03743,0.0,57,25,2025-10-15
STORE021,SKU03743,0.0,67,37,2025-10-15
STORE019,SKU03743,0.0,116,41,2025-10-15
STORE012,SKU03743,0.0,85,49,2025-10-15
STORE001,SKU03743,0.0,78,38,2025-10-15
STORE015,SKU03743,0.0,71,39,2025-10-15
STORE028,SKU03743,0.0,66,25,2025-10-15
STORE017,SKU03743,0.0,78,44,2025-10-15
STORE018,SKU03743,0.0,101,48,2025-10-15
STORE014,SKU03743,0.0,93,44,2025-10-15
STORE010,SKU03743,0.0,93,48,2025-10-15
STORE022,SKU03743,0.0,71,39,2025-10-15
STORE026,SKU03743,0.0,74,28,2025-10-15
STORE025,SKU03743,0.0,103,37,2025-10-15
STORE008,SKU03743,0.0,81,49,2025-10-15
STORE006,SKU03743,0.0,82,38,2025-10-15
STORE006,SKU03744,165.7,25,10,2025-11-20
STORE029,SKU03744,671.1,25,10,2025-11-20
STORE030,SKU03744,175.1,25,10,2025-11-20
STORE012,SKU03744,23.8,25,10,2025-11-20
STORE007,SKU03744,892.0,25,10,2025-11-20
STORE008,SKU03744,770.8,25,10,2025-11-20
STORE026,SKU03744,351.1,25,10,2025-11-20
STORE028,SKU03744,192.0,25,10,2025-11-20
STORE001,SKU03744,29.7,25,10,2025-11-20
STORE023,SKU03744,476.1,25,10,2025-11-20
STORE025,SKU03744,23.9,25,10,2025-11-20
STORE027,SKU03744,21.6,25,10,2025-11-20
STORE003,SKU03744,234.6,25,10,2025-11-20
STORE002,SKU03744,53.1,25,10,2025-11-20
STORE005,SKU03744,2.4,25,10,2025-11-20
STORE013,SKU03744,167.4,25,10,2025-11-20
STORE021,SKU03744,44.9,25,10,2025-11-20
STORE011,SKU03744,53.3,25,10,2025-11-20
STORE014,SKU03744,24.4,25,10,2025-11-20
STORE012,SKU03745,0.0,80,47,2025-10-15
STORE004,SKU03746,40.1,25,10,2025-11-20
STORE020,SKU03746,219.9,25,10,2025-11-20
STORE029,SKU03747,132.0,25,10,2025-11-20
STORE024,SKU03747,48.0,25,10,2025-11-20
STORE008,SKU03748,56.0,25,10,2025-11-20
STORE011,SKU03749,10.2,25,10,2025-11-20
STORE010,SKU03749,22.1,25,10,2025-11-20
STORE030,SKU03749,91.7,25,10,2025-11-20
STORE026,SKU03749,241.7,25,10,2025-11-20
STORE023,SKU03749,414.3,25,10,2025-11-20
STORE022,SKU03749,286.0,25,10,2025-11-20
STORE002,SKU03749,153.3,25,10,2025-11-20
STORE008,SKU03749,38.8,25,10,2025-11-20
STORE013,SKU03749,467.3,25,10,2025-11-20
STORE019,SKU03749,139.3,25,10,2025-11-20
STORE017,SKU03749,410.2,25,10,2025-11-20
STORE018,SKU03749,221.5,25,10,2025-11-20
STORE021,SKU03749,413.2,25,10,2025-11-20
STORE029,SKU03749,732.4,25,10,2025-11-20
STORE007,SKU03749,781.8,25,10,2025-11-20
STORE020,SKU03749,235.9,25,10,2025-11-20
STORE004,SKU03749,220.6,25,10,2025-11-20
STORE025,SKU03749,95.1,25,10,2025-11-20
STORE014,SKU03749,845.5,25,10,2025-11-20
STORE012,SKU03749,188.6,25,10,2025-11-20
STORE003,SKU03749,42.0,25,10,2025-11-20
STORE005,SKU03749,174.6,25,10,2025-11-20
STORE028,SKU03749,41.8,25,10,2025-11-20
STORE027,SKU03749,215.0,25,10,2025-11-20
STORE030,SKU03750,40.2,25,10,2025-11-20
STORE006,SKU03750,20.1,25,10,2025-11-20
STORE019,SKU03750,3.6,25,10,2025-11-20
STORE014,SKU03751,0.0,54,24,2025-10-15
STORE026,SKU03752,115.7,25,10,2025-11-20
STORE018,SKU03752,59.8,25,10,2025-11-20
STORE001,SKU03752,73.5,25,10,2025-11-20
STORE012,SKU03753,175.0,25,10,2025-11-20
STORE019,SKU03754,82.6,25,10,2025-11-20
STORE024,SKU03754,38.4,25,10,2025-11-20
STORE024,SKU03755,96.3,25,10,2025-11-20
STORE018,SKU03755,57.0,25,10,2025-11-20
STORE021,SKU03755,181.6,25,10,2025-11-20
STORE008,SKU03756,36.0,25,10,2025-11-20
STORE004,SKU03757,140.1,25,10,2025-11-20
STORE005,SKU03757,1.1,25,10,2025-11-20
STORE027,SKU03757,12.8,25,10,2025-11-20
STORE026,SKU03758,46.0,25,10,2025-11-20
STORE009,SKU03759,102.5,25,10,2025-11-20
STORE025,SKU03759,242.9,25,10,2025-11-20
STORE003,SKU03759,46.6,25,10,2025-11-20
STORE006,SKU03760,192.3,25,10,2025-11-20
STORE029,SKU03760,50.7,25,10,2025-11-20
STORE019,SKU03761,91.5,25,10,2025-11-20
STORE002,SKU03761,128.5,25,10,2025-11-20
STORE015,SKU03762,169.5,25,10,2025-11-20
STORE025,SKU03762,139.3,25,10,2025-11-20
STORE011,SKU03762,72.3,25,10,2025-11-20
STORE020,SKU03762,37.9,25,10,2025-11-20
STORE013,SKU03763,50.9,25,10,2025-11-20
STORE011,SKU03763,106.5,25,10,2025-11-20
STORE030,SKU03763,152.7,25,10,2025-11-20
STORE028,SKU03763,8.0,25,10,2025-11-20
STORE020,SKU03764,123.0,25,10,2025-11-20
STORE020,SKU03765,37.0,25,10,2025-11-20
STORE020,SKU03766,137.6,28,13,2025-11-20
STORE005,SKU03766,98.4,28,13,2025-11-20
STORE002,SKU03767,16.7,25,10,2025-11-20
STORE004,SKU03767,29.2,25,10,2025-11-20
STORE005,SKU03767,270.1,25,10,2025-11-20
STORE008,SKU03768,66.2,25,10,2025-11-20
STORE016,SKU03768,22.8,25,10,2025-11-20
STORE013,SKU03769,11.0,57,28,2025-11-20
STORE007,SKU03770,2.9,25,10,2025-11-20
STORE003,SKU03770,55.1,25,10,2025-11-20
STORE016,SKU03770,53.0,25,10,2025-11-20
STORE015,SKU03771,51.0,25,10,2025-11-20
STORE010,SKU03772,157.2,25,10,2025-11-20
STORE019,SKU03772,178.8,25,10,2025-11-20
STORE012,SKU03773,83.9,25,10,2025-11-20
STORE009,SKU03773,118.1,25,10,2025-11-20
STORE006,SKU03773,1302.6,25,10,2025-11-20
STORE003,SKU03773,131.2,25,10,2025-11-20
STORE001,SKU03773,400.4,25,10,2025-11-20
STORE013,SKU03773,168.7,25,10,2025-11-20
STORE028,SKU03773,441.3,25,10,2025-11-20
STORE020,SKU03773,410.2,25,10,2025-11-20
STORE029,SKU03773,308.4,25,10,2025-11-20
STORE021,SKU03773,540.1,25,10,2025-11-20
STORE027,SKU03773,783.9,25,10,2025-11-20
STORE019,SKU03773,242.8,25,10,2025-11-20
STORE007,SKU03773,75.9,25,10,2025-11-20
STORE015,SKU03773,142.4,25,10,2025-11-20
STORE011,SKU03773,397.5,25,10,2025-11-20
STORE010,SKU03773,294.6,25,10,2025-11-20
STORE025,SKU03773,54.8,25,10,2025-11-20
STORE002,SKU03773,14.7,25,10,2025-11-20
STORE017,SKU03773,321.6,25,10,2025-11-20
STORE023,SKU03773,80.9,25,10,2025-11-20
STORE016,SKU03773,193.8,25,10,2025-11-20
STORE018,SKU03773,384.4,25,10,2025-11-20
STORE008,SKU03773,231.5,25,10,2025-11-20
STORE026,SKU03773,24.3,25,10,2025-11-20
STORE024,SKU03773,57.5,25,10,2025-11-20
STORE014,SKU03773,69.3,25,10,2025-11-20
STORE022,SKU03773,83.5,25,10,2025-11-20
STORE005,SKU03773,233.3,25,10,2025-11-20
STORE030,SKU03773,196.3,25,10,2025-11-20
STORE008,SKU03774,124.5,25,10,2025-11-20
STORE024,SKU03774,38.4,25,10,2025-11-20
STORE013,SKU03774,103.1,25,10,2025-11-20
STORE005,SKU03775,114.7,25,10,2025-11-20
STORE014,SKU03775,17.4,25,10,2025-11-20
STORE028,SKU03775,55.7,25,10,2025-11-20
STORE009,SKU03775,52.1,25,10,2025-11-20
STORE016,SKU03776,0.0,69,30,2025-10-15
STORE022,SKU03777,131.2,25,10,2025-11-20
STORE028,SKU03777,224.6,25,10,2025-11-20
STORE017,SKU03777,39.2,25,10,2025-11-20
STORE021,SKU03778,23.0,25,10,2025-11-20
STORE030,SKU03779,148.0,34,17,2025-11-20
STORE013,SKU03780,352.7,25,10,2025-11-20
STORE009,SKU03780,17.3,25,10,2025-11-20
STORE013,SKU03781,135.0,30,15,2025-11-20
STORE004,SKU03782,7.2,25,10,2025-11-20
STORE029,SKU03782,144.8,25,10,2025-11-20
STORE029,SKU03783,23.8,25,10,2025-11-20
STORE005,SKU03783,69.6,25,10,2025-11-20
STORE023,SKU03783,43.8,25,10,2025-11-20
STORE001,SKU03783,29.9,25,10,2025-11-20
STORE029,SKU03784,32.3,25,10,2025-11-20
STORE020,SKU03784,91.7,25,10,2025-11-20
STORE014,SKU03785,30.0,52,26,2025-11-20
STORE004,SKU03786,10.0,25,10,2025-11-20
STORE015,SKU03787,54.5,25,10,2025-11-20
STORE026,SKU03787,95.5,25,10,2025-11-20
STORE025,SKU03788,21.1,25,10,2025-11-20
STORE008,SKU03788,27.9,25,10,2025-11-20
STORE001,SKU03789,200.2,25,10,2025-11-20
STORE019,SKU03789,52.8,25,10,2025-11-20
STORE019,SKU03790,0.0,97,25,2025-10-15
STORE024,SKU03791,202.0,25,10,2025-11-20
STORE029,SKU03792,20.5,25,10,2025-11-20
STORE018,SKU03792,173.5,25,10,2025-11-20
STORE029,SKU03793,147.0,25,10,2025-11-20
STORE009,SKU03793,180.8,25,10,2025-11-20
STORE011,SKU03793,125.2,25,10,2025-11-20
STORE028,SKU03794,21.0,25,10,2025-11-20
STORE005,SKU03795,193.2,25,10,2025-11-20
STORE009,SKU03795,143.8,25,10,2025-11-20
STORE002,SKU03796,0.0,66,26,2025-10-15
STORE023,SKU03797,34.3,25,10,2025-11-20
STORE004,SKU03797,102.4,25,10,2025-11-20
STORE003,SKU03797,74.9,25,10,2025-11-20
STORE012,SKU03797,4.4,25,10,2025-11-20
STORE023,SKU03798,188.0,25,10,2025-11-20
STORE008,SKU03799,4.0,45,22,2025-11-20
STORE028,SKU03800,0.0,99,27,2025-10-15
STORE011,SKU03800,0.0,79,46,2025-10-15
STORE012,SKU03800,0.0,94,36,2025-10-15
STORE001,SKU03800,0.0,102,35,2025-10-15
STORE029,SKU03800,0.0,104,34,2025-10-15
STORE004,SKU03800,0.0,70,24,2025-10-15
STORE009,SKU03800,0.0,102,34,2025-10-15
STORE007,SKU03800,0.0,77,24,2025-10-15
STORE005,SKU03800,0.0,119,42,2025-10-15
STORE025,SKU03800,0.0,66,28,2025-10-15
STORE019,SKU03800,0.0,59,24,2025-10-15
STORE021,SKU03800,0.0,100,36,2025-10-15
STORE010,SKU03800,0.0,102,27,2025-10-15
STORE027,SKU03801,0.0,98,28,2025-10-15
STORE026,SKU03802,119.4,25,10,2025-11-20
STORE022,SKU03802,13.2,25,10,2025-11-20
STORE011,SKU03802,97.4,25,10,2025-11-20
STORE023,SKU03803,112.6,25,10,2025-11-20
STORE018,SKU03803,241.0,25,10,2025-11-20
STORE026,SKU03803,7.1,25,10,2025-11-20
STORE004,SKU03803,68.7,25,10,2025-11-20
STORE019,SKU03803,40.3,25,10,2025-11-20
STORE006,SKU03803,114.5,25,10,2025-11-20
STORE024,SKU03803,44.0,25,10,2025-11-20
STORE001,SKU03803,491.7,25,10,2025-11-20
STORE010,SKU03803,12.3,25,10,2025-11-20
STORE029,SKU03803,401.6,25,10,2025-11-20
STORE016,SKU03803,63.3,25,10,2025-11-20
STORE020,SKU03803,1212.6,25,10,2025-11-20
STORE002,SKU03803,1129.5,25,10,2025-11-20
STORE014,SKU03803,106.7,25,10,2025-11-20
STORE028,SKU03803,398.0,25,10,2025-11-20
STORE011,SKU03803,11.9,25,10,2025-11-20
STORE007,SKU03803,1121.4,25,10,2025-11-20
STORE022,SKU03803,309.1,25,10,2025-11-20
STORE027,SKU03803,18.5,25,10,2025-11-20
STORE012,SKU03803,175.1,25,10,2025-11-20
STORE015,SKU03803,33.4,25,10,2025-11-20
STORE003,SKU03803,208.5,25,10,2025-11-20
STORE017,SKU03803,462.9,25,10,2025-11-20
STORE009,SKU03803,265.1,25,10,2025-11-20
STORE030,SKU03803,202.2,25,10,2025-11-20
STORE008,SKU03803,53.0,25,10,2025-11-20
STORE028,SKU03804,0.0,72,39,2025-10-15
STORE006,SKU03805,92.2,25,10,2025-11-20
STORE011,SKU03805,34.6,25,10,2025-11-20
STORE015,SKU03805,540.4,25,10,2025-11-20
STORE023,SKU03805,47.7,25,10,2025-11-20
STORE018,SKU03805,296.8,25,10,2025-11-20
STORE022,SKU03805,137.7,25,10,2025-11-20
STORE010,SKU03805,84.0,25,10,2025-11-20
STORE014,SKU03805,334.6,25,10,2025-11-20
STORE009,SKU03805,200.3,25,10,2025-11-20
STORE002,SKU03805,167.6,25,10,2025-11-20
STORE017,SKU03805,294.7,25,10,2025-11-20
STORE029,SKU03805,221.7,25,10,2025-11-20
STORE020,SKU03805,118.6,25,10,2025-11-20
STORE012,SKU03805,268.6,25,10,2025-11-20
STORE007,SKU03805,363.2,25,10,2025-11-20
STORE027,SKU03805,8.9,25,10,2025-11-20
STORE026,SKU03805,205.7,25,10,2025-11-20
STORE025,SKU03805,19.5,25,10,2025-11-20
STORE003,SKU03805,67.7,25,10,2025-11-20
STORE030,SKU03805,269.7,25,10,2025-11-20
STORE016,SKU03805,659.7,25,10,2025-11-20
STORE008,SKU03805,703.2,25,10,2025-11-20
STORE028,SKU03805,23.8,25,10,2025-11-20
STORE004,SKU03805,178.2,25,10,2025-11-20
STORE026,SKU03806,0.0,56,25,2025-10-15
STORE024,SKU03807,244.8,25,10,2025-11-20
STORE017,SKU03807,44.5,25,10,2025-11-20
STORE009,SKU03807,405.8,25,10,2025-11-20
STORE013,SKU03807,381.6,25,10,2025-11-20
STORE016,SKU03807,653.9,25,10,2025-11-20
STORE005,SKU03807,2.4,25,10,2025-11-20
STORE022,SKU03807,68.3,25,10,2025-11-20
STORE019,SKU03807,491.3,25,10,2025-11-20
STORE006,SKU03807,310.8,25,10,2025-11-20
STORE012,SKU03807,629.1,25,10,2025-11-20
STORE010,SKU03807,16.5,25,10,2025-11-20
STORE007,SKU03807,254.3,25,10,2025-11-20
STORE011,SKU03807,235.6,25,10,2025-11-20
STORE021,SKU03807,10.2,25,10,2025-11-20
STORE003,SKU03807,201.7,25,10,2025-11-20
STORE027,SKU03807,263.2,25,10,2025-11-20
STORE019,SKU03808,75.9,25,10,2025-11-20
STORE013,SKU03808,114.1,25,10,2025-11-20
STORE006,SKU03809,98.9,25,10,2025-11-20
STORE018,SKU03809,61.1,25,10,2025-11-20
STORE006,SKU03810,139.9,25,10,2025-11-20
STORE028,SKU03810,30.0,25,10,2025-11-20
STORE012,SKU03810,22.2,25,10,2025-11-20
STORE001,SKU03810,300.3,25,10,2025-11-20
STORE025,SKU03810,173.5,25,10,2025-11-20
STORE004,SKU03811,4.4,25,10,2025-11-20
STORE018,SKU03811,219.9,25,10,2025-11-20
STORE006,SKU03811,17.5,25,10,2025-11-20
STORE012,SKU03811,4.2,25,10,2025-11-20
STORE024,SKU03811,47.7,25,10,2025-11-20
STORE022,SKU03811,46.9,25,10,2025-11-20
STORE021,SKU03811,255.5,25,10,2025-11-20
STORE013,SKU03812,1.0,25,10,2025-11-20
STORE006,SKU03812,3.1,25,10,2025-11-20
STORE025,SKU03812,1.0,25,10,2025-11-20
STORE010,SKU03812,0.4,25,10,2025-11-20
STORE015,SKU03812,0.9,25,10,2025-11-20
STORE029,SKU03812,5.8,25,10,2025-11-20
STORE018,SKU03812,1.0,25,10,2025-11-20
STORE014,SKU03812,1.1,25,10,2025-11-20
STORE007,SKU03812,2.1,25,10,2025-11-20
STORE019,SKU03812,0.1,25,10,2025-11-20
STORE009,SKU03812,0.9,25,10,2025-11-20
STORE028,SKU03812,1.5,25,10,2025-11-20
STORE001,SKU03812,2.4,25,10,2025-11-20
STORE003,SKU03812,0.2,25,10,2025-11-20
STORE021,SKU03812,0.5,25,10,2025-11-20
STORE030,SKU03812,0.9,25,10,2025-11-20
STORE017,SKU03812,0.2,25,10,2025-11-20
STORE008,SKU03813,302.7,25,10,2025-11-20
STORE030,SKU03813,98.3,25,10,2025-11-20
STORE009,SKU03814,108.0,25,10,2025-11-20
STORE003,SKU03814,155.0,25,10,2025-11-20
STORE010,SKU03815,150.0,30,15,2025-11-20
STORE019,SKU03816,107.8,25,10,2025-11-20
STORE030,SKU03816,122.7,25,10,2025-11-20
STORE006,SKU03816,64.1,25,10,2025-11-20
STORE020,SKU03816,31.3,25,10,2025-11-20
STORE001,SKU03816,8.8,25,10,2025-11-20
STORE026,SKU03816,39.4,25,10,2025-11-20
STORE020,SKU03817,121.0,25,10,2025-11-20
STORE023,SKU03818,184.5,25,10,2025-11-20
STORE021,SKU03818,22.2,25,10,2025-11-20
STORE014,SKU03818,13.7,25,10,2025-11-20
STORE013,SKU03818,165.5,25,10,2025-11-20
STORE006,SKU03819,23.1,25,10,2025-11-20
STORE027,SKU03819,191.9,25,10,2025-11-20
STORE023,SKU03820,47.0,70,35,2025-11-20
STORE015,SKU03821,58.5,25,10,2025-11-20
STORE002,SKU03821,50.6,25,10,2025-11-20
STORE005,SKU03821,109.7,25,10,2025-11-20
STORE014,SKU03821,12.2,25,10,2025-11-20
STORE013,SKU03822,42.0,25,10,2025-11-20
STORE001,SKU03822,64.8,25,10,2025-11-20
STORE009,SKU03822,499.5,25,10,2025-11-20
STORE027,SKU03822,241.7,25,10,2025-11-20
STORE011,SKU03822,3.6,25,10,2025-11-20
STORE002,SKU03822,375.2,25,10,2025-11-20
STORE019,SKU03822,184.7,25,10,2025-11-20
STORE012,SKU03822,239.7,25,10,2025-11-20
STORE014,SKU03822,80.8,25,10,2025-11-20
STORE007,SKU03822,269.0,25,10,2025-11-20
STORE006,SKU03822,1297.3,25,10,2025-11-20
STORE003,SKU03822,25.6,25,10,2025-11-20
STORE016,SKU03822,111.9,25,10,2025-11-20
STORE010,SKU03822,93.3,25,10,2025-11-20
STORE025,SKU03822,95.8,25,10,2025-11-20
STORE029,SKU03822,159.5,25,10,2025-11-20
STORE023,SKU03822,571.2,25,10,2025-11-20
STORE004,SKU03822,817.9,25,10,2025-11-20
STORE017,SKU03822,75.7,25,10,2025-11-20
STORE018,SKU03822,262.4,25,10,2025-11-20
STORE015,SKU03822,339.5,25,10,2025-11-20
STORE026,SKU03822,247.3,25,10,2025-11-20
STORE030,SKU03822,190.8,25,10,2025-11-20
STORE028,SKU03822,71.4,25,10,2025-11-20
STORE024,SKU03822,224.5,25,10,2025-11-20
STORE021,SKU03822,171.9,25,10,2025-11-20
STORE018,SKU03823,344.2,25,10,2025-11-20
STORE020,SKU03823,312.7,25,10,2025-11-20
STORE006,SKU03823,31.2,25,10,2025-11-20
STORE005,SKU03823,20.1,25,10,2025-11-20
STORE028,SKU03823,517.7,25,10,2025-11-20
STORE010,SKU03823,166.3,25,10,2025-11-20
STORE015,SKU03823,422.9,25,10,2025-11-20
STORE003,SKU03823,13.0,25,10,2025-11-20
STORE023,SKU03823,162.1,25,10,2025-11-20
STORE019,SKU03823,168.1,25,10,2025-11-20
STORE008,SKU03823,427.4,25,10,2025-11-20
STORE013,SKU03823,22.3,25,10,2025-11-20
STORE001,SKU03823,59.6,25,10,2025-11-20
STORE002,SKU03823,113.1,25,10,2025-11-20
STORE014,SKU03823,435.6,25,10,2025-11-20
STORE030,SKU03823,606.0,25,10,2025-11-20
STORE009,SKU03823,1067.5,25,10,2025-11-20
STORE022,SKU03823,693.6,25,10,2025-11-20
STORE029,SKU03823,1.3,25,10,2025-11-20
STORE012,SKU03823,10.6,25,10,2025-11-20
STORE024,SKU03823,34.6,25,10,2025-11-20
STORE026,SKU03823,93.0,25,10,2025-11-20
STORE007,SKU03823,384.1,25,10,2025-11-20
STORE021,SKU03823,483.9,25,10,2025-11-20
STORE004,SKU03823,44.8,25,10,2025-11-20
STORE004,SKU03824,75.2,25,10,2025-11-20
STORE030,SKU03824,193.8,25,10,2025-11-20
STORE022,SKU03825,186.0,25,10,2025-11-20
STORE024,SKU03826,35.6,34,17,2025-11-20
STORE014,SKU03826,199.4,34,17,2025-11-20
STORE027,SKU03827,0.0,79,46,2025-10-15
STORE016,SKU03828,124.4,25,10,2025-11-20
STORE014,SKU03828,227.5,25,10,2025-11-20
STORE028,SKU03828,152.4,25,10,2025-11-20
STORE005,SKU03828,4.6,25,10,2025-11-20
STORE013,SKU03828,1350.0,25,10,2025-11-20
STORE010,SKU03828,207.0,25,10,2025-11-20
STORE007,SKU03828,169.4,25,10,2025-11-20
STORE023,SKU03828,816.1,25,10,2025-11-20
STORE017,SKU03828,44.7,25,10,2025-11-20
STORE012,SKU03828,55.4,25,10,2025-11-20
STORE001,SKU03828,435.5,25,10,2025-11-20
STORE020,SKU03828,79.8,25,10,2025-11-20
STORE011,SKU03828,423.7,25,10,2025-11-20
STORE008,SKU03828,83.6,25,10,2025-11-20
STORE015,SKU03828,8.9,25,10,2025-11-20
STORE003,SKU03828,192.1,25,10,2025-11-20
STORE004,SKU03828,57.8,25,10,2025-11-20
STORE027,SKU03828,374.3,25,10,2025-11-20
STORE024,SKU03828,270.5,25,10,2025-11-20
STORE002,SKU03828,678.7,25,10,2025-11-20
STORE022,SKU03828,403.2,25,10,2025-11-20
STORE021,SKU03828,52.6,25,10,2025-11-20
STORE030,SKU03828,424.9,25,10,2025-11-20
STORE028,SKU03829,113.2,25,10,2025-11-20
STORE008,SKU03829,121.9,25,10,2025-11-20
STORE022,SKU03829,196.9,25,10,2025-11-20
STORE004,SKU03830,51.9,25,10,2025-11-20
STORE007,SKU03830,38.1,25,10,2025-11-20
STORE028,SKU03831,221.6,25,10,2025-11-20
STORE029,SKU03831,77.4,25,10,2025-11-20
STORE007,SKU03832,28.0,25,10,2025-11-20
STORE026,SKU03833,198.4,25,10,2025-11-20
STORE014,SKU03833,55.1,25,10,2025-11-20
STORE004,SKU03833,17.2,25,10,2025-11-20
STORE001,SKU03833,0.1,25,10,2025-11-20
STORE021,SKU03833,194.0,25,10,2025-11-20
STORE020,SKU03833,93.1,25,10,2025-11-20
STORE009,SKU03833,288.8,25,10,2025-11-20
STORE010,SKU03833,97.3,25,10,2025-11-20
STORE003,SKU03833,137.7,25,10,2025-11-20
STORE029,SKU03833,108.2,25,10,2025-11-20
STORE023,SKU03833,217.6,25,10,2025-11-20
STORE005,SKU03833,91.1,25,10,2025-11-20
STORE007,SKU03833,686.6,25,10,2025-11-20
STORE028,SKU03833,569.4,25,10,2025-11-20
STORE013,SKU03833,389.9,25,10,2025-11-20
STORE006,SKU03833,523.5,25,10,2025-11-20
STORE019,SKU03833,123.4,25,10,2025-11-20
STORE030,SKU03833,159.1,25,10,2025-11-20
STORE002,SKU03833,280.5,25,10,2025-11-20
STORE017,SKU03833,246.5,25,10,2025-11-20
STORE008,SKU03833,458.1,25,10,2025-11-20
STORE022,SKU03833,260.8,25,10,2025-11-20
STORE025,SKU03833,1274.5,25,10,2025-11-20
STORE016,SKU03834,46.0,28,13,2025-11-20
STORE022,SKU03835,22.0,61,30,2025-11-20
STORE029,SKU03836,0.0,95,32,2025-10-15
STORE012,SKU03837,254.7,25,10,2025-11-20
STORE016,SKU03837,250.4,25,10,2025-11-20
STORE014,SKU03837,84.0,25,10,2025-11-20
STORE025,SKU03837,327.9,25,10,2025-11-20
STORE002,SKU03837,491.1,25,10,2025-11-20
STORE028,SKU03837,52.5,25,10,2025-11-20
STORE023,SKU03837,209.1,25,10,2025-11-20
STORE007,SKU03837,106.0,25,10,2025-11-20
STORE009,SKU03837,971.3,25,10,2025-11-20
STORE020,SKU03837,138.8,25,10,2025-11-20
STORE010,SKU03837,55.2,25,10,2025-11-20
STORE006,SKU03837,102.4,25,10,2025-11-20
STORE026,SKU03837,225.9,25,10,2025-11-20
STORE022,SKU03837,16.9,25,10,2025-11-20
STORE027,SKU03837,197.0,25,10,2025-11-20
STORE013,SKU03837,570.0,25,10,2025-11-20
STORE018,SKU03837,404.5,25,10,2025-11-20
STORE008,SKU03837,14.9,25,10,2025-11-20
STORE019,SKU03837,1068.8,25,10,2025-11-20
STORE030,SKU03837,255.5,25,10,2025-11-20
STORE004,SKU03838,241.9,25,10,2025-11-20
STORE017,SKU03838,17.1,25,10,2025-11-20
STORE018,SKU03839,54.5,25,10,2025-11-20
STORE015,SKU03839,528.1,25,10,2025-11-20
STORE001,SKU03839,6.3,25,10,2025-11-20
STORE003,SKU03839,77.0,25,10,2025-11-20
STORE016,SKU03839,410.6,25,10,2025-11-20
STORE020,SKU03839,255.8,25,10,2025-11-20
STORE025,SKU03839,442.7,25,10,2025-11-20
STORE019,SKU03839,397.5,25,10,2025-11-20
STORE007,SKU03839,15.1,25,10,2025-11-20
STORE006,SKU03839,646.7,25,10,2025-11-20
STORE010,SKU03839,74.7,25,10,2025-11-20
STORE021,SKU03839,233.7,25,10,2025-11-20
STORE002,SKU03839,299.7,25,10,2025-11-20
STORE023,SKU03839,53.5,25,10,2025-11-20
STORE024,SKU03839,1084.3,25,10,2025-11-20
STORE009,SKU03839,194.2,25,10,2025-11-20
STORE004,SKU03839,17.2,25,10,2025-11-20
STORE008,SKU03839,802.8,25,10,2025-11-20
STORE005,SKU03839,255.9,25,10,2025-11-20
STORE012,SKU03839,348.3,25,10,2025-11-20
STORE011,SKU03839,216.0,25,10,2025-11-20
STORE030,SKU03839,522.0,25,10,2025-11-20
STORE013,SKU03839,9.8,25,10,2025-11-20
STORE029,SKU03839,90.6,25,10,2025-11-20
STORE022,SKU03839,183.9,25,10,2025-11-20
STORE027,SKU03839,23.1,25,10,2025-11-20
STORE026,SKU03839,354.9,25,10,2025-11-20
STORE017,SKU03839,145.1,25,10,2025-11-20
STORE025,SKU03840,1.2,25,10,2025-11-20
STORE011,SKU03840,0.0,25,10,2025-11-20
STORE026,SKU03840,4.6,25,10,2025-11-20
STORE007,SKU03840,6.5,25,10,2025-11-20
STORE017,SKU03840,1.8,25,10,2025-11-20
STORE013,SKU03840,3.0,25,10,2025-11-20
STORE019,SKU03840,0.9,25,10,2025-11-20
STORE009,SKU03840,3.5,25,10,2025-11-20
STORE015,SKU03840,0.0,25,10,2025-11-20
STORE024,SKU03840,2.4,25,10,2025-11-20
STORE001,SKU03840,3.8,25,10,2025-11-20
STORE006,SKU03840,9.1,25,10,2025-11-20
STORE012,SKU03840,1.7,25,10,2025-11-20
STORE010,SKU03840,5.3,25,10,2025-11-20
STORE018,SKU03840,3.3,25,10,2025-11-20
STORE016,SKU03840,9.5,25,10,2025-11-20
STORE004,SKU03840,1.8,25,10,2025-11-20
STORE027,SKU03840,1.4,25,10,2025-11-20
STORE003,SKU03840,7.9,25,10,2025-11-20
STORE014,SKU03841,13.1,25,10,2025-11-20
STORE018,SKU03841,37.9,25,10,2025-11-20
STORE019,SKU03842,149.0,25,10,2025-11-20
STORE002,SKU03843,95.0,54,27,2025-11-20
STORE009,SKU03844,0.0,101,42,2025-10-15
STORE006,SKU03845,2.2,25,10,2025-11-20
STORE007,SKU03845,406.6,25,10,2025-11-20
STORE017,SKU03845,123.4,25,10,2025-11-20
STORE014,SKU03845,0.8,25,10,2025-11-20
STORE024,SKU03846,59.2,25,10,2025-11-20
STORE023,SKU03846,23.8,25,10,2025-11-20
STORE009,SKU03847,81.0,25,10,2025-11-20
STORE003,SKU03847,94.0,25,10,2025-11-20
STORE021,SKU03848,138.7,25,10,2025-11-20
STORE001,SKU03848,8.6,25,10,2025-11-20
STORE029,SKU03848,221.5,25,10,2025-11-20
STORE020,SKU03848,382.9,25,10,2025-11-20
STORE011,SKU03848,264.4,25,10,2025-11-20
STORE008,SKU03848,367.6,25,10,2025-11-20
STORE017,SKU03848,46.4,25,10,2025-11-20
STORE026,SKU03848,455.9,25,10,2025-11-20
STORE030,SKU03848,80.7,25,10,2025-11-20
STORE023,SKU03848,2.8,25,10,2025-11-20
STORE016,SKU03848,384.7,25,10,2025-11-20
STORE009,SKU03848,590.2,25,10,2025-11-20
STORE006,SKU03848,221.2,25,10,2025-11-20
STORE003,SKU03848,54.6,25,10,2025-11-20
STORE013,SKU03848,60.2,25,10,2025-11-20
STORE012,SKU03848,130.4,25,10,2025-11-20
STORE005,SKU03848,473.3,25,10,2025-11-20
STORE004,SKU03848,33.6,25,10,2025-11-20
STORE018,SKU03848,362.8,25,10,2025-11-20
STORE010,SKU03848,71.4,25,10,2025-11-20
STORE022,SKU03848,343.1,25,10,2025-11-20
STORE001,SKU03849,121.5,25,10,2025-11-20
STORE027,SKU03849,26.8,25,10,2025-11-20
STORE026,SKU03849,21.8,25,10,2025-11-20
STORE002,SKU03849,77.9,25,10,2025-11-20
STORE019,SKU03850,52.2,25,10,2025-11-20
STORE025,SKU03850,79.8,25,10,2025-11-20
STORE008,SKU03851,0.0,113,50,2025-10-15
STORE016,SKU03851,0.0,75,28,2025-10-15
STORE018,SKU03851,0.0,85,26,2025-10-15
STORE003,SKU03851,0.0,76,21,2025-10-15
STORE009,SKU03851,0.0,97,43,2025-10-15
STORE022,SKU03851,0.0,86,22,2025-10-15
STORE014,SKU03851,0.0,102,44,2025-10-15
STORE002,SKU03851,0.0,117,46,2025-10-15
STORE010,SKU03851,0.0,102,50,2025-10-15
STORE029,SKU03851,0.0,104,48,2025-10-15
STORE024,SKU03851,0.0,84,28,2025-10-15
STORE004,SKU03851,0.0,106,47,2025-10-15
STORE025,SKU03851,0.0,97,24,2025-10-15
STORE030,SKU03851,0.0,102,48,2025-10-15
STORE015,SKU03851,0.0,88,44,2025-10-15
STORE026,SKU03851,0.0,97,32,2025-10-15
STORE030,SKU03852,98.4,25,10,2025-11-20
STORE026,SKU03852,16.7,25,10,2025-11-20
STORE029,SKU03852,187.9,25,10,2025-11-20
STORE026,SKU03853,13.1,25,10,2025-11-20
STORE003,SKU03853,161.6,25,10,2025-11-20
STORE012,SKU03853,17.3,25,10,2025-11-20
STORE022,SKU03854,184.2,28,13,2025-11-20
STORE010,SKU03854,46.6,28,13,2025-11-20
STORE029,SKU03854,53.2,28,13,2025-11-20
STORE023,SKU03855,27.2,25,10,2025-11-20
STORE003,SKU03855,101.0,25,10,2025-11-20
STORE017,SKU03855,59.6,25,10,2025-11-20
STORE012,SKU03855,157.2,25,10,2025-11-20
STORE027,SKU03856,25.8,25,10,2025-11-20
STORE017,SKU03856,82.8,25,10,2025-11-20
STORE024,SKU03856,98.3,25,10,2025-11-20
STORE020,SKU03857,44.4,25,10,2025-11-20
STORE019,SKU03857,138.4,25,10,2025-11-20
STORE002,SKU03857,178.2,25,10,2025-11-20
STORE002,SKU03858,0.0,82,24,2025-10-15
STORE016,SKU03859,76.4,25,10,2025-11-20
STORE030,SKU03859,67.6,25,10,2025-11-20
STORE023,SKU03860,209.1,25,10,2025-11-20
STORE006,SKU03860,43.9,25,10,2025-11-20
STORE019,SKU03861,33.6,25,10,2025-11-20
STORE027,SKU03861,74.4,25,10,2025-11-20
STORE004,SKU03862,185.1,25,10,2025-11-20
STORE001,SKU03862,210.1,25,10,2025-11-20
STORE025,SKU03862,15.9,25,10,2025-11-20
STORE017,SKU03863,551.2,25,10,2025-11-20
STORE010,SKU03863,92.7,25,10,2025-11-20
STORE011,SKU03863,263.3,25,10,2025-11-20
STORE002,SKU03863,1067.0,25,10,2025-11-20
STORE023,SKU03863,249.6,25,10,2025-11-20
STORE015,SKU03863,355.8,25,10,2025-11-20
STORE021,SKU03863,162.6,25,10,2025-11-20
STORE018,SKU03863,17.2,25,10,2025-11-20
STORE013,SKU03863,440.6,25,10,2025-11-20
STORE001,SKU03863,9.8,25,10,2025-11-20
STORE029,SKU03863,332.7,25,10,2025-11-20
STORE008,SKU03863,6.4,25,10,2025-11-20
STORE012,SKU03863,546.9,25,10,2025-11-20
STORE014,SKU03863,47.3,25,10,2025-11-20
STORE030,SKU03863,199.2,25,10,2025-11-20
STORE024,SKU03863,250.8,25,10,2025-11-20
STORE006,SKU03863,168.7,25,10,2025-11-20
STORE025,SKU03863,114.9,25,10,2025-11-20
STORE004,SKU03863,174.0,25,10,2025-11-20
STORE026,SKU03863,102.9,25,10,2025-11-20
STORE019,SKU03863,159.0,25,10,2025-11-20
STORE005,SKU03863,122.6,25,10,2025-11-20
STORE007,SKU03863,230.4,25,10,2025-11-20
STORE009,SKU03863,74.9,25,10,2025-11-20
STORE020,SKU03863,1235.4,25,10,2025-11-20
STORE027,SKU03863,191.7,25,10,2025-11-20
STORE016,SKU03863,59.5,25,10,2025-11-20
STORE022,SKU03863,178.8,25,10,2025-11-20
STORE028,SKU03863,555.2,25,10,2025-11-20
STORE016,SKU03864,6.3,25,10,2025-11-20
STORE021,SKU03864,325.0,25,10,2025-11-20
STORE015,SKU03864,226.8,25,10,2025-11-20
STORE022,SKU03864,53.1,25,10,2025-11-20
STORE007,SKU03864,485.7,25,10,2025-11-20
STORE001,SKU03864,131.4,25,10,2025-11-20
STORE013,SKU03864,99.3,25,10,2025-11-20
STORE030,SKU03864,502.9,25,10,2025-11-20
STORE004,SKU03864,290.6,25,10,2025-11-20
STORE018,SKU03864,652.6,25,10,2025-11-20
STORE005,SKU03864,283.9,25,10,2025-11-20
STORE006,SKU03864,385.6,25,10,2025-11-20
STORE019,SKU03864,517.1,25,10,2025-11-20
STORE014,SKU03864,16.1,25,10,2025-11-20
STORE017,SKU03864,427.3,25,10,2025-11-20
STORE028,SKU03864,271.6,25,10,2025-11-20
STORE023,SKU03864,20.6,25,10,2025-11-20
STORE008,SKU03864,202.9,25,10,2025-11-20
STORE010,SKU03864,24.6,25,10,2025-11-20
STORE011,SKU03864,380.3,25,10,2025-11-20
STORE020,SKU03864,225.8,25,10,2025-11-20
STORE002,SKU03864,876.7,25,10,2025-11-20
STORE025,SKU03864,57.8,25,10,2025-11-20
STORE025,SKU03865,142.6,25,10,2025-11-20
STORE017,SKU03865,36.4,25,10,2025-11-20
STORE015,SKU03866,123.2,25,10,2025-11-20
STORE017,SKU03866,166.0,25,10,2025-11-20
STORE021,SKU03866,165.8,25,10,2025-11-20
STORE017,SKU03867,0.0,84,33,2025-10-15
STORE007,SKU03868,111.8,25,10,2025-11-20
STORE017,SKU03868,127.2,25,10,2025-11-20
STORE025,SKU03869,10.0,25,10,2025-11-20
STORE011,SKU03869,52.1,25,10,2025-11-20
STORE022,SKU03869,143.9,25,10,2025-11-20
STORE020,SKU03870,9.3,25,10,2025-11-20
STORE026,SKU03870,2.8,25,10,2025-11-20
STORE027,SKU03870,10.8,25,10,2025-11-20
STORE002,SKU03870,7.0,25,10,2025-11-20
STORE013,SKU03870,6.6,25,10,2025-11-20
STORE016,SKU03870,22.3,25,10,2025-11-20
STORE007,SKU03870,7.0,25,10,2025-11-20
STORE019,SKU03870,0.4,25,10,2025-11-20
STORE014,SKU03870,0.8,25,10,2025-11-20
STORE024,SKU03870,26.0,25,10,2025-11-20
STORE010,SKU03870,43.4,25,10,2025-11-20
STORE006,SKU03870,15.6,25,10,2025-11-20
STORE017,SKU03870,6.1,25,10,2025-11-20
STORE018,SKU03870,37.4,25,10,2025-11-20
STORE025,SKU03870,14.6,25,10,2025-11-20
STORE021,SKU03870,25.0,25,10,2025-11-20
STORE001,SKU03870,19.5,25,10,2025-11-20
STORE012,SKU03870,6.4,25,10,2025-11-20
STORE028,SKU03871,54.3,25,10,2025-11-20
STORE011,SKU03871,17.2,25,10,2025-11-20
STORE026,SKU03871,28.8,25,10,2025-11-20
STORE021,SKU03871,125.6,25,10,2025-11-20
STORE001,SKU03871,187.1,25,10,2025-11-20
STORE028,SKU03872,0.0,111,41,2025-10-15
STORE010,SKU03873,321.4,25,10,2025-11-20
STORE019,SKU03873,156.0,25,10,2025-11-20
STORE005,SKU03873,22.6,25,10,2025-11-20
STORE005,SKU03874,92.0,36,18,2025-11-20
STORE027,SKU03875,72.1,25,10,2025-11-20
STORE004,SKU03875,95.9,25,10,2025-11-20
STORE023,SKU03876,17.1,25,10,2025-11-20
STORE015,SKU03876,0.1,25,10,2025-11-20
STORE002,SKU03876,83.3,25,10,2025-11-20
STORE009,SKU03876,8.2,25,10,2025-11-20
STORE021,SKU03876,34.3,25,10,2025-11-20
STORE018,SKU03876,13.9,25,10,2025-11-20
STORE014,SKU03876,2.5,25,10,2025-11-20
STORE030,SKU03876,29.1,25,10,2025-11-20
STORE003,SKU03876,22.5,25,10,2025-11-20
STORE025,SKU03876,13.6,25,10,2025-11-20
STORE013,SKU03876,13.1,25,10,2025-11-20
STORE029,SKU03876,1.7,25,10,2025-11-20
STORE001,SKU03876,19.4,25,10,2025-11-20
STORE024,SKU03876,44.1,25,10,2025-11-20
STORE013,SKU03877,12.6,25,10,2025-11-20
STORE007,SKU03877,39.3,25,10,2025-11-20
STORE006,SKU03877,299.1,25,10,2025-11-20
STORE027,SKU03877,43.0,25,10,2025-11-20
STORE002,SKU03878,159.0,25,10,2025-11-20
STORE025,SKU03879,93.2,25,10,2025-11-20
STORE003,SKU03879,110.4,25,10,2025-11-20
STORE013,SKU03879,65.4,25,10,2025-11-20
STORE025,SKU03880,19.5,25,10,2025-11-20
STORE006,SKU03880,2.7,25,10,2025-11-20
STORE019,SKU03880,74.7,25,10,2025-11-20
STORE030,SKU03880,75.1,25,10,2025-11-20
STORE022,SKU03881,248.6,25,10,2025-11-20
STORE029,SKU03881,230.9,25,10,2025-11-20
STORE001,SKU03881,62.5,25,10,2025-11-20
STORE016,SKU03881,5.1,25,10,2025-11-20
STORE007,SKU03882,136.3,25,10,2025-11-20
STORE026,SKU03882,55.7,25,10,2025-11-20
STORE019,SKU03883,111.0,25,10,2025-11-20
STORE006,SKU03883,32.5,25,10,2025-11-20
STORE025,SKU03883,19.6,25,10,2025-11-20
STORE027,SKU03883,129.9,25,10,2025-11-20
STORE017,SKU03884,135.6,25,10,2025-11-20
STORE027,SKU03884,208.4,25,10,2025-11-20
STORE020,SKU03885,142.5,25,10,2025-11-20
STORE003,SKU03885,158.5,25,10,2025-11-20
STORE022,SKU03886,126.0,29,14,2025-11-20
STORE019,SKU03887,84.2,25,10,2025-11-20
STORE027,SKU03887,27.8,25,10,2025-11-20
STORE018,SKU03888,241.0,25,10,2025-11-20
STORE030,SKU03888,36.2,25,10,2025-11-20
STORE006,SKU03888,46.8,25,10,2025-11-20
STORE016,SKU03889,182.0,25,10,2025-11-20
STORE004,SKU03890,146.4,25,10,2025-11-20
STORE018,SKU03890,78.6,25,10,2025-11-20
STORE005,SKU03890,33.9,25,10,2025-11-20
STORE014,SKU03890,122.1,25,10,2025-11-20
STORE023,SKU03891,1.0,107,53,2025-11-20
STORE011,SKU03892,290.7,25,10,2025-11-20
STORE029,SKU03892,724.4,25,10,2025-11-20
STORE025,SKU03892,75.0,25,10,2025-11-20
STORE007,SKU03892,62.8,25,10,2025-11-20
STORE028,SKU03892,294.7,25,10,2025-11-20
STORE008,SKU03892,214.0,25,10,2025-11-20
STORE015,SKU03892,371.2,25,10,2025-11-20
STORE003,SKU03892,544.4,25,10,2025-11-20
STORE024,SKU03892,478.5,25,10,2025-11-20
STORE001,SKU03892,980.7,25,10,2025-11-20
STORE018,SKU03892,174.7,25,10,2025-11-20
STORE014,SKU03892,79.5,25,10,2025-11-20
STORE010,SKU03892,275.3,25,10,2025-11-20
STORE009,SKU03892,40.4,25,10,2025-11-20
STORE006,SKU03892,117.2,25,10,2025-11-20
STORE027,SKU03892,80.1,25,10,2025-11-20
STORE020,SKU03892,173.7,25,10,2025-11-20
STORE005,SKU03892,40.5,25,10,2025-11-20
STORE023,SKU03892,11.1,25,10,2025-11-20
STORE001,SKU03893,77.2,25,10,2025-11-20
STORE007,SKU03893,68.0,25,10,2025-11-20
STORE023,SKU03893,88.9,25,10,2025-11-20
STORE019,SKU03893,77.9,25,10,2025-11-20
STORE018,SKU03894,53.8,25,10,2025-11-20
STORE022,SKU03894,152.6,25,10,2025-11-20
STORE008,SKU03894,61.5,25,10,2025-11-20
STORE029,SKU03895,40.2,25,10,2025-11-20
STORE003,SKU03895,29.8,25,10,2025-11-20
STORE022,SKU03895,4.9,25,10,2025-11-20
STORE025,SKU03895,9.1,25,10,2025-11-20
STORE008,SKU03896,197.1,25,10,2025-11-20
STORE011,SKU03896,52.3,25,10,2025-11-20
STORE010,SKU03896,93.6,25,10,2025-11-20
STORE022,SKU03897,175.0,38,19,2025-11-20
STORE021,SKU03898,17.9,25,10,2025-11-20
STORE020,SKU03898,116.4,25,10,2025-11-20
STORE023,SKU03898,87.9,25,10,2025-11-20
STORE001,SKU03898,86.8,25,10,2025-11-20
STORE004,SKU03899,64.1,25,10,2025-11-20
STORE010,SKU03899,66.1,25,10,2025-11-20
STORE012,SKU03899,106.0,25,10,2025-11-20
STORE025,SKU03899,25.1,25,10,2025-11-20
STORE019,SKU03899,34.7,25,10,2025-11-20
STORE020,SKU03899,163.6,25,10,2025-11-20
STORE014,SKU03899,29.4,25,10,2025-11-20
STORE015,SKU03900,26.7,25,10,2025-11-20
STORE001,SKU03900,40.9,25,10,2025-11-20
STORE013,SKU03900,320.4,25,10,2025-11-20
STORE020,SKU03901,38.4,25,10,2025-11-20
STORE006,SKU03901,37.5,25,10,2025-11-20
STORE003,SKU03901,124.1,25,10,2025-11-20
STORE020,SKU03902,74.7,25,10,2025-11-20
STORE011,SKU03902,59.9,25,10,2025-11-20
STORE027,SKU03902,28.4,25,10,2025-11-20
STORE018,SKU03903,19.8,25,10,2025-11-20
STORE015,SKU03903,47.5,25,10,2025-11-20
STORE007,SKU03903,105.8,25,10,2025-11-20
STORE001,SKU03903,108.9,25,10,2025-11-20
STORE012,SKU03904,17.0,25,10,2025-11-20
STORE009,SKU03904,83.0,25,10,2025-11-20
STORE020,SKU03905,169.2,25,10,2025-11-20
STORE017,SKU03905,1028.6,25,10,2025-11-20
STORE006,SKU03905,306.8,25,10,2025-11-20
STORE009,SKU03905,141.6,25,10,2025-11-20
STORE008,SKU03905,7.1,25,10,2025-11-20
STORE018,SKU03905,225.6,25,10,2025-11-20
STORE029,SKU03905,27.3,25,10,2025-11-20
STORE027,SKU03905,486.9,25,10,2025-11-20
STORE022,SKU03905,378.0,25,10,2025-11-20
STORE026,SKU03905,167.1,25,10,2025-11-20
STORE002,SKU03905,151.8,25,10,2025-11-20
STORE005,SKU03905,616.2,25,10,2025-11-20
STORE003,SKU03905,92.1,25,10,2025-11-20
STORE015,SKU03905,77.5,25,10,2025-11-20
STORE004,SKU03905,758.1,25,10,2025-11-20
STORE007,SKU03905,448.5,25,10,2025-11-20
STORE021,SKU03905,465.2,25,10,2025-11-20
STORE023,SKU03905,58.8,25,10,2025-11-20
STORE001,SKU03905,41.9,25,10,2025-11-20
STORE024,SKU03905,7.1,25,10,2025-11-20
STORE011,SKU03905,73.2,25,10,2025-11-20
STORE019,SKU03905,402.8,25,10,2025-11-20
STORE016,SKU03905,74.3,25,10,2025-11-20
STORE028,SKU03905,353.6,25,10,2025-11-20
STORE012,SKU03905,78.6,25,10,2025-11-20
STORE011,SKU03906,35.6,25,10,2025-11-20
STORE029,SKU03906,289.5,25,10,2025-11-20
STORE021,SKU03906,19.9,25,10,2025-11-20
STORE017,SKU03907,0.0,84,26,2025-10-15
STORE019,SKU03907,0.0,76,44,2025-10-15
STORE028,SKU03907,0.0,83,23,2025-10-15
STORE025,SKU03907,0.0,89,21,2025-10-15
STORE027,SKU03907,0.0,80,24,2025-10-15
STORE002,SKU03907,0.0,89,40,2025-10-15
STORE004,SKU03907,0.0,79,21,2025-10-15
STORE013,SKU03907,0.0,81,48,2025-10-15
STORE021,SKU03907,0.0,57,26,2025-10-15
STORE009,SKU03907,0.0,106,36,2025-10-15
STORE029,SKU03907,0.0,69,37,2025-10-15
STORE005,SKU03907,0.0,106,36,2025-10-15
STORE030,SKU03907,0.0,82,48,2025-10-15
STORE003,SKU03907,0.0,74,34,2025-10-15
STORE011,SKU03907,0.0,71,32,2025-10-15
STORE001,SKU03907,0.0,76,36,2025-10-15
STORE020,SKU03908,144.4,25,10,2025-11-20
STORE014,SKU03908,109.6,25,10,2025-11-20
STORE018,SKU03909,70.0,25,10,2025-11-20
STORE006,SKU03910,71.5,25,10,2025-11-20
STORE021,SKU03910,50.5,25,10,2025-11-20
STORE028,SKU03911,98.2,25,10,2025-11-20
STORE025,SKU03911,140.8,25,10,2025-11-20
STORE010,SKU03912,137.0,25,10,2025-11-20
STORE027,SKU03912,5.7,25,10,2025-11-20
STORE017,SKU03912,168.2,25,10,2025-11-20
STORE011,SKU03913,1.5,25,10,2025-11-20
STORE025,SKU03913,25.5,25,10,2025-11-20
STORE001,SKU03914,185.0,26,11,2025-11-20
STORE022,SKU03915,95.0,53,26,2025-11-20
STORE028,SKU03916,80.8,25,10,2025-11-20
STORE001,SKU03916,114.2,25,10,2025-11-20
STORE015,SKU03917,63.8,25,10,2025-11-20
STORE005,SKU03917,13.9,25,10,2025-11-20
STORE017,SKU03917,33.6,25,10,2025-11-20
STORE028,SKU03917,93.7,25,10,2025-11-20
STORE022,SKU03917,14.7,25,10,2025-11-20
STORE019,SKU03917,65.3,25,10,2025-11-20
STORE011,SKU03918,1.8,25,10,2025-11-20
STORE019,SKU03918,0.7,25,10,2025-11-20
STORE006,SKU03918,270.5,25,10,2025-11-20
STORE021,SKU03919,158.0,38,19,2025-11-20
STORE021,SKU03920,23.6,25,10,2025-11-20
STORE015,SKU03920,40.4,25,10,2025-11-20
STORE021,SKU03921,127.6,25,10,2025-11-20
STORE009,SKU03921,268.4,25,10,2025-11-20
STORE003,SKU03922,191.0,43,21,2025-11-20
STORE003,SKU03923,25.7,25,10,2025-11-20
STORE014,SKU03923,151.3,25,10,2025-11-20
STORE018,SKU03924,188.4,25,10,2025-11-20
STORE001,SKU03924,21.6,25,10,2025-11-20
STORE014,SKU03925,20.6,25,10,2025-11-20
STORE030,SKU03925,45.1,25,10,2025-11-20
STORE019,SKU03925,117.3,25,10,2025-11-20
STORE022,SKU03926,0.0,99,23,2025-10-15
STORE020,SKU03927,189.0,25,10,2025-11-20
STORE029,SKU03928,101.0,25,10,2025-11-20
STORE029,SKU03929,164.0,25,10,2025-11-20
STORE013,SKU03930,36.1,25,10,2025-11-20
STORE028,SKU03930,12.9,25,10,2025-11-20
STORE004,SKU03931,173.5,25,10,2025-11-20
STORE006,SKU03931,9.5,25,10,2025-11-20
STORE026,SKU03931,78.2,25,10,2025-11-20
STORE016,SKU03931,186.9,25,10,2025-11-20
STORE013,SKU03931,178.9,25,10,2025-11-20
STORE028,SKU03931,14.9,25,10,2025-11-20
STORE005,SKU03931,293.4,25,10,2025-11-20
STORE001,SKU03931,263.2,25,10,2025-11-20
STORE018,SKU03931,26.8,25,10,2025-11-20
STORE002,SKU03931,946.0,25,10,2025-11-20
STORE017,SKU03931,34.5,25,10,2025-11-20
STORE024,SKU03931,636.6,25,10,2025-11-20
STORE023,SKU03931,0.1,25,10,2025-11-20
STORE008,SKU03931,705.8,25,10,2025-11-20
STORE030,SKU03931,6.6,25,10,2025-11-20
STORE015,SKU03932,511.6,25,10,2025-11-20
STORE002,SKU03932,162.0,25,10,2025-11-20
STORE021,SKU03932,483.5,25,10,2025-11-20
STORE025,SKU03932,185.4,25,10,2025-11-20
STORE026,SKU03932,26.5,25,10,2025-11-20
STORE006,SKU03932,526.4,25,10,2025-11-20
STORE014,SKU03932,26.7,25,10,2025-11-20
STORE007,SKU03932,920.9,25,10,2025-11-20
STORE022,SKU03932,18.9,25,10,2025-11-20
STORE009,SKU03932,235.5,25,10,2025-11-20
STORE028,SKU03932,463.2,25,10,2025-11-20
STORE020,SKU03932,180.3,25,10,2025-11-20
STORE023,SKU03932,88.4,25,10,2025-11-20
STORE011,SKU03932,513.5,25,10,2025-11-20
STORE013,SKU03932,553.4,25,10,2025-11-20
STORE017,SKU03932,923.6,25,10,2025-11-20
STORE030,SKU03932,170.2,25,10,2025-11-20
STORE003,SKU03932,254.6,25,10,2025-11-20
STORE024,SKU03932,162.8,25,10,2025-11-20
STORE005,SKU03932,107.2,25,10,2025-11-20
STORE027,SKU03932,501.7,25,10,2025-11-20
STORE019,SKU03932,149.7,25,10,2025-11-20
STORE008,SKU03932,201.6,25,10,2025-11-20
STORE001,SKU03932,186.5,25,10,2025-11-20
STORE018,SKU03932,449.9,25,10,2025-11-20
STORE006,SKU03933,93.1,25,10,2025-11-20
STORE001,SKU03933,40.9,25,10,2025-11-20
STORE024,SKU03934,26.5,25,10,2025-11-20
STORE010,SKU03934,62.8,25,10,2025-11-20
STORE026,SKU03934,42.6,25,10,2025-11-20
STORE022,SKU03935,59.4,25,10,2025-11-20
STORE030,SKU03935,95.6,25,10,2025-11-20
STORE022,SKU03936,6.2,25,10,2025-11-20
STORE005,SKU03936,97.5,25,10,2025-11-20
STORE010,SKU03936,279.3,25,10,2025-11-20
STORE006,SKU03936,60.0,25,10,2025-11-20
STORE022,SKU03937,34.9,25,10,2025-11-20
STORE029,SKU03937,173.1,25,10,2025-11-20
STORE012,SKU03937,130.7,25,10,2025-11-20
STORE007,SKU03937,78.8,25,10,2025-11-20
STORE014,SKU03937,22.4,25,10,2025-11-20
STORE020,SKU03938,270.0,25,10,2025-11-20
STORE001,SKU03939,2.3,25,10,2025-11-20
STORE019,SKU03939,15.7,25,10,2025-11-20
STORE003,SKU03940,41.2,25,10,2025-11-20
STORE030,SKU03940,95.5,25,10,2025-11-20
STORE005,SKU03940,7.9,25,10,2025-11-20
STORE008,SKU03940,17.4,25,10,2025-11-20
STORE015,SKU03941,44.8,25,10,2025-11-20
STORE012,SKU03941,224.3,25,10,2025-11-20
STORE008,SKU03941,214.6,25,10,2025-11-20
STORE001,SKU03941,179.5,25,10,2025-11-20
STORE006,SKU03941,64.7,25,10,2025-11-20
STORE018,SKU03941,104.1,25,10,2025-11-20
STORE009,SKU03941,22.8,25,10,2025-11-20
STORE019,SKU03941,57.6,25,10,2025-11-20
STORE030,SKU03941,511.5,25,10,2025-11-20
STORE013,SKU03941,874.2,25,10,2025-11-20
STORE002,SKU03941,234.0,25,10,2025-11-20
STORE028,SKU03941,557.9,25,10,2025-11-20
STORE021,SKU03941,230.9,25,10,2025-11-20
STORE022,SKU03941,7.6,25,10,2025-11-20
STORE027,SKU03941,1286.2,25,10,2025-11-20
STORE003,SKU03941,23.4,25,10,2025-11-20
STORE025,SKU03941,257.5,25,10,2025-11-20
STORE005,SKU03941,65.4,25,10,2025-11-20
STORE004,SKU03941,111.6,25,10,2025-11-20
STORE007,SKU03941,232.9,25,10,2025-11-20
STORE026,SKU03941,128.7,25,10,2025-11-20
STORE017,SKU03941,64.7,25,10,2025-11-20
STORE028,SKU03942,73.0,25,10,2025-11-20
STORE025,SKU03942,75.0,25,10,2025-11-20
STORE029,SKU03943,56.0,41,20,2025-11-20
STORE023,SKU03943,28.0,41,20,2025-11-20
STORE010,SKU03944,138.3,25,10,2025-11-20
STORE002,SKU03944,50.3,25,10,2025-11-20
STORE012,SKU03944,375.6,25,10,2025-11-20
STORE008,SKU03944,38.6,25,10,2025-11-20
STORE023,SKU03944,53.3,25,10,2025-11-20
STORE025,SKU03945,51.9,25,10,2025-11-20
STORE014,SKU03945,242.0,25,10,2025-11-20
STORE009,SKU03945,16.1,25,10,2025-11-20
STORE017,SKU03946,0.0,79,44,2025-10-15
STORE023,SKU03947,39.8,28,13,2025-11-20
STORE018,SKU03947,208.2,28,13,2025-11-20
STORE027,SKU03948,12.2,25,10,2025-11-20
STORE015,SKU03948,31.8,25,10,2025-11-20
STORE026,SKU03949,217.0,27,12,2025-11-20
STORE012,SKU03950,216.5,25,10,2025-11-20
STORE025,SKU03950,45.0,25,10,2025-11-20
STORE009,SKU03950,57.7,25,10,2025-11-20
STORE022,SKU03950,652.7,25,10,2025-11-20
STORE001,SKU03950,823.2,25,10,2025-11-20
STORE008,SKU03950,101.4,25,10,2025-11-20
STORE013,SKU03950,45.7,25,10,2025-11-20
STORE023,SKU03950,20.8,25,10,2025-11-20
STORE028,SKU03950,355.5,25,10,2025-11-20
STORE017,SKU03950,476.6,25,10,2025-11-20
STORE018,SKU03950,176.9,25,10,2025-11-20
STORE005,SKU03950,431.8,25,10,2025-11-20
STORE004,SKU03950,473.4,25,10,2025-11-20
STORE030,SKU03950,1038.7,25,10,2025-11-20
STORE015,SKU03950,25.4,25,10,2025-11-20
STORE029,SKU03950,81.0,25,10,2025-11-20
STORE020,SKU03950,26.9,25,10,2025-11-20
STORE027,SKU03950,768.0,25,10,2025-11-20
STORE006,SKU03950,596.6,25,10,2025-11-20
STORE019,SKU03950,324.2,25,10,2025-11-20
STORE007,SKU03950,33.1,25,10,2025-11-20
STORE010,SKU03950,121.1,25,10,2025-11-20
STORE003,SKU03950,134.0,25,10,2025-11-20
STORE002,SKU03950,312.0,25,10,2025-11-20
STORE024,SKU03950,113.2,25,10,2025-11-20
STORE021,SKU03950,28.7,25,10,2025-11-20
STORE014,SKU03950,497.7,25,10,2025-11-20
STORE026,SKU03950,134.8,25,10,2025-11-20
STORE011,SKU03950,228.4,25,10,2025-11-20
STORE013,SKU03951,6.3,25,10,2025-11-20
STORE026,SKU03951,74.3,25,10,2025-11-20
STORE015,SKU03951,38.2,25,10,2025-11-20
STORE020,SKU03951,106.2,25,10,2025-11-20
STORE025,SKU03952,13.8,25,10,2025-11-20
STORE020,SKU03952,57.2,25,10,2025-11-20
STORE017,SKU03953,43.7,25,10,2025-11-20
STORE014,SKU03953,16.9,25,10,2025-11-20
STORE010,SKU03953,53.4,25,10,2025-11-20
STORE019,SKU03954,120.9,25,10,2025-11-20
STORE003,SKU03954,141.1,25,10,2025-11-20
STORE005,SKU03955,2.9,25,10,2025-11-20
STORE012,SKU03955,56.2,25,10,2025-11-20
STORE019,SKU03955,80.9,25,10,2025-11-20
STORE010,SKU03956,157.8,25,10,2025-11-20
STORE019,SKU03956,17.2,25,10,2025-11-20
STORE027,SKU03957,0.0,107,35,2025-10-15
STORE029,SKU03958,158.9,25,10,2025-11-20
STORE006,SKU03958,52.6,25,10,2025-11-20
STORE005,SKU03958,293.5,25,10,2025-11-20
STORE024,SKU03959,205.0,25,10,2025-11-20
STORE002,SKU03960,216.0,34,17,2025-11-20
STORE009,SKU03961,53.4,25,10,2025-11-20
STORE006,SKU03961,70.1,25,10,2025-11-20
STORE020,SKU03961,387.6,25,10,2025-11-20
STORE017,SKU03961,124.9,25,10,2025-11-20
STORE013,SKU03962,69.0,25,10,2025-11-20
STORE006,SKU03963,74.5,25,10,2025-11-20
STORE014,SKU03963,9.6,25,10,2025-11-20
STORE019,SKU03963,460.8,25,10,2025-11-20
STORE020,SKU03963,96.8,25,10,2025-11-20
STORE005,SKU03963,32.3,25,10,2025-11-20
STORE001,SKU03964,161.4,25,10,2025-11-20
STORE013,SKU03964,15.6,25,10,2025-11-20
STORE014,SKU03965,100.3,25,10,2025-11-20
STORE013,SKU03965,161.7,25,10,2025-11-20
STORE003,SKU03966,835.5,25,10,2025-11-20
STORE015,SKU03966,168.4,25,10,2025-11-20
STORE019,SKU03966,158.7,25,10,2025-11-20
STORE028,SKU03966,14.4,25,10,2025-11-20
STORE014,SKU03966,424.3,25,10,2025-11-20
STORE006,SKU03966,308.2,25,10,2025-11-20
STORE007,SKU03966,247.6,25,10,2025-11-20
STORE012,SKU03966,959.1,25,10,2025-11-20
STORE013,SKU03966,74.0,25,10,2025-11-20
STORE020,SKU03966,3.9,25,10,2025-11-20
STORE027,SKU03966,30.7,25,10,2025-11-20
STORE005,SKU03966,101.8,25,10,2025-11-20
STORE018,SKU03966,13.6,25,10,2025-11-20
STORE008,SKU03966,281.4,25,10,2025-11-20
STORE024,SKU03966,151.8,25,10,2025-11-20
STORE025,SKU03966,80.1,25,10,2025-11-20
STORE022,SKU03966,558.3,25,10,2025-11-20
STORE018,SKU03967,50.1,25,10,2025-11-20
STORE024,SKU03967,254.8,25,10,2025-11-20
STORE016,SKU03967,94.1,25,10,2025-11-20
STORE028,SKU03968,218.8,25,10,2025-11-20
STORE013,SKU03968,828.8,25,10,2025-11-20
STORE018,SKU03968,11.6,25,10,2025-11-20
STORE017,SKU03968,211.7,25,10,2025-11-20
STORE015,SKU03968,588.0,25,10,2025-11-20
STORE023,SKU03968,270.6,25,10,2025-11-20
STORE016,SKU03968,98.9,25,10,2025-11-20
STORE026,SKU03968,154.7,25,10,2025-11-20
STORE020,SKU03968,348.0,25,10,2025-11-20
STORE006,SKU03968,675.8,25,10,2025-11-20
STORE012,SKU03968,12.8,25,10,2025-11-20
STORE014,SKU03968,22.7,25,10,2025-11-20
STORE001,SKU03968,120.0,25,10,2025-11-20
STORE010,SKU03968,80.9,25,10,2025-11-20
STORE004,SKU03968,93.9,25,10,2025-11-20
STORE024,SKU03968,76.3,25,10,2025-11-20
STORE005,SKU03968,66.5,25,10,2025-11-20
STORE009,SKU03968,42.7,25,10,2025-11-20
STORE003,SKU03968,829.2,25,10,2025-11-20
STORE030,SKU03968,47.5,25,10,2025-11-20
STORE029,SKU03968,69.8,25,10,2025-11-20
STORE019,SKU03968,86.3,25,10,2025-11-20
STORE025,SKU03968,824.9,25,10,2025-11-20
STORE011,SKU03968,430.1,25,10,2025-11-20
STORE022,SKU03968,475.8,25,10,2025-11-20
STORE002,SKU03968,33.8,25,10,2025-11-20
STORE027,SKU03968,552.3,25,10,2025-11-20
STORE021,SKU03968,160.1,25,10,2025-11-20
STORE007,SKU03968,93.0,25,10,2025-11-20
STORE008,SKU03968,261.6,25,10,2025-11-20
STORE005,SKU03969,63.9,25,10,2025-11-20
STORE013,SKU03969,55.8,25,10,2025-11-20
STORE001,SKU03969,81.7,25,10,2025-11-20
STORE029,SKU03969,97.5,25,10,2025-11-20
STORE003,SKU03970,104.0,28,13,2025-11-20
STORE010,SKU03971,134.4,25,10,2025-11-20
STORE002,SKU03971,3.6,25,10,2025-11-20
STORE021,SKU03972,192.5,25,10,2025-11-20
STORE022,SKU03972,15.3,25,10,2025-11-20
STORE023,SKU03972,179.9,25,10,2025-11-20
STORE015,SKU03972,36.4,25,10,2025-11-20
STORE030,SKU03973,0.0,71,32,2025-10-15
STORE027,SKU03974,125.0,27,12,2025-11-20
STORE020,SKU03975,15.9,25,10,2025-11-20
STORE024,SKU03975,157.2,25,10,2025-11-20
STORE029,SKU03975,870.7,25,10,2025-11-20
STORE003,SKU03975,10.3,25,10,2025-11-20
STORE026,SKU03975,207.1,25,10,2025-11-20
STORE010,SKU03975,12.7,25,10,2025-11-20
STORE028,SKU03975,184.1,25,10,2025-11-20
STORE021,SKU03975,75.3,25,10,2025-11-20
STORE022,SKU03975,115.4,25,10,2025-11-20
STORE008,SKU03975,834.1,25,10,2025-11-20
STORE002,SKU03975,227.5,25,10,2025-11-20
STORE025,SKU03975,127.0,25,10,2025-11-20
STORE027,SKU03975,353.4,25,10,2025-11-20
STORE007,SKU03975,60.9,25,10,2025-11-20
STORE019,SKU03975,119.2,25,10,2025-11-20
STORE030,SKU03975,313.8,25,10,2025-11-20
STORE001,SKU03975,107.7,25,10,2025-11-20
STORE004,SKU03975,451.4,25,10,2025-11-20
STORE009,SKU03975,268.6,25,10,2025-11-20
STORE016,SKU03975,587.1,25,10,2025-11-20
STORE023,SKU03975,1175.9,25,10,2025-11-20
STORE011,SKU03976,97.2,25,10,2025-11-20
STORE005,SKU03976,321.8,25,10,2025-11-20
STORE029,SKU03977,125.5,25,10,2025-11-20
STORE021,SKU03977,53.5,25,10,2025-11-20
STORE027,SKU03978,189.0,48,24,2025-11-20
STORE018,SKU03979,223.0,51,25,2025-11-20
STORE016,SKU03980,143.0,25,10,2025-11-20
STORE005,SKU03980,166.6,25,10,2025-11-20
STORE002,SKU03980,13.3,25,10,2025-11-20
STORE019,SKU03980,175.1,25,10,2025-11-20
STORE020,SKU03981,161.4,25,10,2025-11-20
STORE018,SKU03981,87.8,25,10,2025-11-20
STORE014,SKU03981,31.8,25,10,2025-11-20
STORE021,SKU03982,104.5,25,10,2025-11-20
STORE011,SKU03982,42.5,25,10,2025-11-20
STORE027,SKU03983,136.2,25,10,2025-11-20
STORE022,SKU03983,115.7,25,10,2025-11-20
STORE013,SKU03983,83.1,25,10,2025-11-20
STORE010,SKU03984,115.9,25,10,2025-11-20
STORE006,SKU03984,196.6,25,10,2025-11-20
STORE024,SKU03984,0.5,25,10,2025-11-20
STORE026,SKU03984,247.7,25,10,2025-11-20
STORE022,SKU03984,65.4,25,10,2025-11-20
STORE023,SKU03985,124.4,25,10,2025-11-20
STORE005,SKU03985,199.6,25,10,2025-11-20
STORE010,SKU03985,64.9,25,10,2025-11-20
STORE030,SKU03986,204.2,25,10,2025-11-20
STORE001,SKU03986,22.2,25,10,2025-11-20
STORE011,SKU03986,19.6,25,10,2025-11-20
STORE020,SKU03987,17.2,25,10,2025-11-20
STORE023,SKU03987,32.8,25,10,2025-11-20
STORE021,SKU03988,64.3,25,10,2025-11-20
STORE005,SKU03988,29.7,25,10,2025-11-20
STORE002,SKU03989,31.4,25,10,2025-11-20
STORE017,SKU03989,16.9,25,10,2025-11-20
STORE006,SKU03989,164.5,25,10,2025-11-20
STORE008,SKU03989,16.2,25,10,2025-11-20
STORE011,SKU03990,32.0,29,14,2025-11-20
STORE027,SKU03991,112.7,25,10,2025-11-20
STORE008,SKU03991,139.3,25,10,2025-11-20
STORE001,SKU03992,40.9,25,10,2025-11-20
STORE019,SKU03992,273.6,25,10,2025-11-20
STORE016,SKU03992,69.3,25,10,2025-11-20
STORE014,SKU03992,227.0,25,10,2025-11-20
STORE027,SKU03992,0.6,25,10,2025-11-20
STORE020,SKU03992,69.5,25,10,2025-11-20
STORE026,SKU03993,0.0,92,23,2025-10-15
STORE009,SKU03994,147.4,25,10,2025-11-20
STORE018,SKU03994,159.6,25,10,2025-11-20
STORE029,SKU03995,352.3,25,10,2025-11-20
STORE020,SKU03995,0.7,25,10,2025-11-20
STORE013,SKU03996,0.0,25,10,2025-11-20
STORE005,SKU03996,49.6,25,10,2025-11-20
STORE030,SKU03996,2.3,25,10,2025-11-20
STORE019,SKU03996,285.0,25,10,2025-11-20
STORE027,SKU03997,63.7,25,10,2025-11-20
STORE025,SKU03997,162.3,25,10,2025-11-20
STORE018,SKU03997,16.0,25,10,2025-11-20
STORE030,SKU03998,38.0,32,16,2025-11-20
STORE027,SKU03999,0.0,92,21,2025-10-15
STORE028,SKU04000,5.0,25,10,2025-11-20
STORE012,SKU04001,3.6,25,10,2025-11-20
STORE013,SKU04001,31.9,25,10,2025-11-20
STORE018,SKU04001,38.8,25,10,2025-11-20
STORE005,SKU04001,358.8,25,10,2025-11-20
STORE029,SKU04002,17.4,25,10,2025-11-20
STORE001,SKU04002,58.9,25,10,2025-11-20
STORE003,SKU04002,326.7,25,10,2025-11-20
STORE016,SKU04003,42.0,25,10,2025-11-20
STORE022,SKU04003,134.0,25,10,2025-11-20
STORE012,SKU04004,102.0,36,18,2025-11-20
STORE008,SKU04005,56.4,25,10,2025-11-20
STORE021,SKU04005,100.0,25,10,2025-11-20
STORE030,SKU04005,9.8,25,10,2025-11-20
STORE001,SKU04005,48.8,25,10,2025-11-20
STORE015,SKU04006,51.0,25,10,2025-11-20
STORE020,SKU04007,57.6,25,10,2025-11-20
STORE014,SKU04007,99.4,25,10,2025-11-20
STORE014,SKU04008,84.8,25,10,2025-11-20
STORE004,SKU04008,18.1,25,10,2025-11-20
STORE030,SKU04008,129.1,25,10,2025-11-20
STORE017,SKU04009,68.9,25,10,2025-11-20
STORE014,SKU04009,26.4,25,10,2025-11-20
STORE019,SKU04009,224.3,25,10,2025-11-20
STORE011,SKU04009,60.5,25,10,2025-11-20
STORE016,SKU04010,64.2,30,15,2025-11-20
STORE005,SKU04010,36.8,30,15,2025-11-20
STORE025,SKU04011,23.8,25,10,2025-11-20
STORE021,SKU04011,82.2,25,10,2025-11-20
STORE030,SKU04012,7.2,25,10,2025-11-20
STORE024,SKU04012,4.1,25,10,2025-11-20
STORE021,SKU04012,1.0,25,10,2025-11-20
STORE025,SKU04012,18.6,25,10,2025-11-20
STORE010,SKU04012,0.3,25,10,2025-11-20
STORE001,SKU04012,16.4,25,10,2025-11-20
STORE026,SKU04012,3.7,25,10,2025-11-20
STORE008,SKU04012,8.4,25,10,2025-11-20
STORE029,SKU04012,21.0,25,10,2025-11-20
STORE016,SKU04012,1.4,25,10,2025-11-20
STORE009,SKU04013,59.0,25,10,2025-11-20
STORE004,SKU04013,102.0,25,10,2025-11-20
STORE023,SKU04014,51.1,25,10,2025-11-20
STORE006,SKU04014,26.9,25,10,2025-11-20
STORE011,SKU04015,95.3,25,10,2025-11-20
STORE008,SKU04015,137.8,25,10,2025-11-20
STORE003,SKU04015,178.9,25,10,2025-11-20
STORE022,SKU04016,26.2,25,10,2025-11-20
STORE007,SKU04016,8.0,25,10,2025-11-20
STORE016,SKU04016,104.4,25,10,2025-11-20
STORE030,SKU04016,10.4,25,10,2025-11-20
STORE020,SKU04016,0.5,25,10,2025-11-20
STORE011,SKU04016,8.2,25,10,2025-11-20
STORE013,SKU04016,2.5,25,10,2025-11-20
STORE004,SKU04016,2.4,25,10,2025-11-20
STORE001,SKU04016,6.0,25,10,2025-11-20
STORE002,SKU04016,1.0,25,10,2025-11-20
STORE028,SKU04016,21.3,25,10,2025-11-20
STORE026,SKU04016,1.4,25,10,2025-11-20
STORE019,SKU04016,4.1,25,10,2025-11-20
STORE029,SKU04016,1.8,25,10,2025-11-20
STORE006,SKU04016,1.2,25,10,2025-11-20
STORE021,SKU04016,5.7,25,10,2025-11-20
STORE008,SKU04016,15.5,25,10,2025-11-20
STORE018,SKU04016,61.0,25,10,2025-11-20
STORE027,SKU04016,38.0,25,10,2025-11-20
STORE023,SKU04016,38.1,25,10,2025-11-20
STORE017,SKU04016,3.5,25,10,2025-11-20
STORE003,SKU04017,207.4,25,10,2025-11-20
STORE025,SKU04017,53.6,25,10,2025-11-20
STORE019,SKU04018,65.8,25,10,2025-11-20
STORE025,SKU04018,3.2,25,10,2025-11-20
STORE022,SKU04019,182.2,25,10,2025-11-20
STORE006,SKU04019,63.8,25,10,2025-11-20
STORE002,SKU04019,62.5,25,10,2025-11-20
STORE005,SKU04019,1048.1,25,10,2025-11-20
STORE023,SKU04019,316.6,25,10,2025-11-20
STORE011,SKU04019,406.1,25,10,2025-11-20
STORE020,SKU04019,190.0,25,10,2025-11-20
STORE019,SKU04019,458.6,25,10,2025-11-20
STORE024,SKU04019,232.2,25,10,2025-11-20
STORE003,SKU04019,654.3,25,10,2025-11-20
STORE026,SKU04019,74.0,25,10,2025-11-20
STORE007,SKU04019,202.6,25,10,2025-11-20
STORE017,SKU04019,262.4,25,10,2025-11-20
STORE016,SKU04019,111.8,25,10,2025-11-20
STORE030,SKU04019,474.3,25,10,2025-11-20
STORE004,SKU04019,873.8,25,10,2025-11-20
STORE008,SKU04019,152.4,25,10,2025-11-20
STORE001,SKU04019,110.9,25,10,2025-11-20
STORE015,SKU04019,143.0,25,10,2025-11-20
STORE027,SKU04019,428.9,25,10,2025-11-20
STORE021,SKU04019,232.2,25,10,2025-11-20
STORE025,SKU04019,10.3,25,10,2025-11-20
STORE028,SKU04020,54.3,25,10,2025-11-20
STORE010,SKU04020,1.2,25,10,2025-11-20
STORE009,SKU04020,104.8,25,10,2025-11-20
STORE015,SKU04020,27.7,25,10,2025-11-20
STORE010,SKU04021,84.5,25,10,2025-11-20
STORE018,SKU04021,212.2,25,10,2025-11-20
STORE020,SKU04021,6.3,25,10,2025-11-20
STORE001,SKU04022,58.5,25,10,2025-11-20
STORE025,SKU04022,172.0,25,10,2025-11-20
STORE009,SKU04022,88.5,25,10,2025-11-20
STORE016,SKU04023,13.6,25,10,2025-11-20
STORE014,SKU04023,208.4,25,10,2025-11-20
STORE001,SKU04024,103.0,25,10,2025-11-20
STORE015,SKU04024,127.0,25,10,2025-11-20
STORE024,SKU04025,134.7,25,10,2025-11-20
STORE018,SKU04025,20.3,25,10,2025-11-20
STORE014,SKU04026,139.5,43,21,2025-11-20
STORE028,SKU04026,105.5,43,21,2025-11-20
STORE005,SKU04027,0.0,88,44,2025-10-15
STORE011,SKU04028,180.5,25,10,2025-11-20
STORE003,SKU04028,115.9,25,10,2025-11-20
STORE030,SKU04028,27.4,25,10,2025-11-20
STORE029,SKU04028,48.2,25,10,2025-11-20
STORE001,SKU04029,118.0,25,10,2025-11-20
STORE023,SKU04030,78.5,25,10,2025-11-20
STORE027,SKU04030,229.5,25,10,2025-11-20
STORE016,SKU04031,87.0,26,11,2025-11-20
STORE014,SKU04032,33.4,25,10,2025-11-20
STORE011,SKU04032,8.1,25,10,2025-11-20
STORE003,SKU04032,19.2,25,10,2025-11-20
STORE025,SKU04032,37.2,25,10,2025-11-20
STORE027,SKU04032,33.3,25,10,2025-11-20
STORE020,SKU04032,0.8,25,10,2025-11-20
STORE028,SKU04032,3.2,25,10,2025-11-20
STORE016,SKU04032,9.1,25,10,2025-11-20
STORE021,SKU04032,7.9,25,10,2025-11-20
STORE002,SKU04032,14.3,25,10,2025-11-20
STORE018,SKU04032,40.4,25,10,2025-11-20
STORE012,SKU04032,1.7,25,10,2025-11-20
STORE024,SKU04032,8.4,25,10,2025-11-20
STORE016,SKU04033,14.0,34,17,2025-11-20
STORE023,SKU04033,147.0,34,17,2025-11-20
STORE008,SKU04034,73.0,31,15,2025-11-20
STORE022,SKU04035,0.0,72,20,2025-10-15
STORE006,SKU04035,0.0,95,31,2025-10-15
STORE028,SKU04035,0.0,78,43,2025-10-15
STORE018,SKU04035,0.0,120,43,2025-10-15
STORE019,SKU04035,0.0,81,45,2025-10-15
STORE012,SKU04035,0.0,88,30,2025-10-15
STORE003,SKU04035,0.0,75,28,2025-10-15
STORE009,SKU04035,0.0,111,42,2025-10-15
STORE025,SKU04035,0.0,104,32,2025-10-15
STORE013,SKU04035,0.0,76,31,2025-10-15
STORE007,SKU04035,0.0,111,39,2025-10-15
STORE023,SKU04035,0.0,78,23,2025-10-15
STORE002,SKU04035,0.0,92,21,2025-10-15
STORE024,SKU04035,0.0,95,35,2025-10-15
STORE030,SKU04035,0.0,53,20,2025-10-15
STORE026,SKU04035,0.0,59,29,2025-10-15
STORE019,SKU04036,179.0,25,10,2025-11-20
STORE008,SKU04037,14.3,25,10,2025-11-20
STORE029,SKU04037,199.7,25,10,2025-11-20
STORE027,SKU04038,56.6,25,10,2025-11-20
STORE026,SKU04038,20.7,25,10,2025-11-20
STORE001,SKU04038,103.4,25,10,2025-11-20
STORE023,SKU04038,176.3,25,10,2025-11-20
STORE010,SKU04039,143.0,25,10,2025-11-20
STORE011,SKU04040,30.0,25,10,2025-11-20
STORE029,SKU04041,10.1,25,10,2025-11-20
STORE010,SKU04041,25.1,25,10,2025-11-20
STORE004,SKU04041,16.6,25,10,2025-11-20
STORE018,SKU04041,10.3,25,10,2025-11-20
STORE009,SKU04041,2.0,25,10,2025-11-20
STORE001,SKU04041,8.3,25,10,2025-11-20
STORE008,SKU04041,6.3,25,10,2025-11-20
STORE020,SKU04041,22.4,25,10,2025-11-20
STORE027,SKU04041,26.3,25,10,2025-11-20
STORE005,SKU04041,26.8,25,10,2025-11-20
STORE006,SKU04041,14.1,25,10,2025-11-20
STORE003,SKU04041,15.7,25,10,2025-11-20
STORE026,SKU04042,118.4,36,18,2025-11-20
STORE018,SKU04042,42.6,36,18,2025-11-20
STORE001,SKU04043,0.0,84,41,2025-10-15
STORE019,SKU04044,246.9,25,10,2025-11-20
STORE013,SKU04044,32.5,25,10,2025-11-20
STORE025,SKU04044,58.8,25,10,2025-11-20
STORE006,SKU04044,2.9,25,10,2025-11-20
STORE025,SKU04045,81.4,25,10,2025-11-20
STORE024,SKU04045,146.6,25,10,2025-11-20
STORE024,SKU04046,7.9,25,10,2025-11-20
STORE002,SKU04046,16.3,25,10,2025-11-20
STORE008,SKU04046,0.9,25,10,2025-11-20
STORE017,SKU04046,2.4,25,10,2025-11-20
STORE012,SKU04046,1.7,25,10,2025-11-20
STORE018,SKU04046,2.3,25,10,2025-11-20
STORE025,SKU04046,0.5,25,10,2025-11-20
STORE013,SKU04046,5.3,25,10,2025-11-20
STORE022,SKU04046,6.6,25,10,2025-11-20
STORE009,SKU04046,1.6,25,10,2025-11-20
STORE001,SKU04046,0.9,25,10,2025-11-20
STORE015,SKU04046,0.4,25,10,2025-11-20
STORE030,SKU04046,3.2,25,10,2025-11-20
STORE020,SKU04046,1.0,25,10,2025-11-20
STORE005,SKU04047,0.0,82,32,2025-10-15
STORE006,SKU04048,0.0,113,39,2025-10-15
STORE011,SKU04049,335.7,25,10,2025-11-20
STORE003,SKU04049,155.3,25,10,2025-11-20
STORE029,SKU04049,145.0,25,10,2025-11-20
STORE013,SKU04049,114.5,25,10,2025-11-20
STORE010,SKU04049,6.5,25,10,2025-11-20
STORE023,SKU04050,110.9,25,10,2025-11-20
STORE014,SKU04050,40.8,25,10,2025-11-20
STORE020,SKU04050,211.5,25,10,2025-11-20
STORE007,SKU04050,31.8,25,10,2025-11-20
STORE028,SKU04051,184.4,25,10,2025-11-20
STORE007,SKU04051,8.6,25,10,2025-11-20
STORE024,SKU04052,175.7,25,10,2025-11-20
STORE008,SKU04052,254.4,25,10,2025-11-20
STORE011,SKU04052,265.1,25,10,2025-11-20
STORE030,SKU04052,258.5,25,10,2025-11-20
STORE014,SKU04052,45.1,25,10,2025-11-20
STORE005,SKU04052,651.5,25,10,2025-11-20
STORE007,SKU04052,938.2,25,10,2025-11-20
STORE002,SKU04052,13.8,25,10,2025-11-20
STORE027,SKU04052,484.6,25,10,2025-11-20
STORE020,SKU04052,60.1,25,10,2025-11-20
STORE015,SKU04052,205.5,25,10,2025-11-20
STORE010,SKU04052,72.6,25,10,2025-11-20
STORE009,SKU04052,603.9,25,10,2025-11-20
STORE001,SKU04052,18.8,25,10,2025-11-20
STORE023,SKU04052,121.1,25,10,2025-11-20
STORE013,SKU04052,98.2,25,10,2025-11-20
STORE021,SKU04052,69.4,25,10,2025-11-20
STORE022,SKU04052,182.4,25,10,2025-11-20
STORE029,SKU04052,24.7,25,10,2025-11-20
STORE017,SKU04052,221.8,25,10,2025-11-20
STORE018,SKU04052,693.2,25,10,2025-11-20
STORE019,SKU04052,287.1,25,10,2025-11-20
STORE012,SKU04052,345.8,25,10,2025-11-20
STORE028,SKU04052,78.4,25,10,2025-11-20
STORE020,SKU04053,125.4,25,10,2025-11-20
STORE006,SKU04053,232.2,25,10,2025-11-20
STORE002,SKU04053,14.9,25,10,2025-11-20
STORE022,SKU04053,927.5,25,10,2025-11-20
STORE023,SKU04053,49.5,25,10,2025-11-20
STORE004,SKU04053,744.5,25,10,2025-11-20
STORE030,SKU04053,27.9,25,10,2025-11-20
STORE026,SKU04053,551.8,25,10,2025-11-20
STORE024,SKU04053,52.6,25,10,2025-11-20
STORE003,SKU04053,12.4,25,10,2025-11-20
STORE018,SKU04053,405.6,25,10,2025-11-20
STORE010,SKU04053,104.9,25,10,2025-11-20
STORE008,SKU04053,400.0,25,10,2025-11-20
STORE021,SKU04053,258.4,25,10,2025-11-20
STORE017,SKU04053,36.8,25,10,2025-11-20
STORE025,SKU04053,858.4,25,10,2025-11-20
STORE011,SKU04053,192.1,25,10,2025-11-20
STORE016,SKU04053,423.1,25,10,2025-11-20
STORE007,SKU04053,221.8,25,10,2025-11-20
STORE012,SKU04053,295.9,25,10,2025-11-20
STORE028,SKU04053,115.1,25,10,2025-11-20
STORE019,SKU04053,71.3,25,10,2025-11-20
STORE029,SKU04053,249.6,25,10,2025-11-20
STORE005,SKU04053,185.1,25,10,2025-11-20
STORE013,SKU04053,157.8,25,10,2025-11-20
STORE014,SKU04053,356.2,25,10,2025-11-20
STORE027,SKU04053,374.2,25,10,2025-11-20
STORE015,SKU04053,15.0,25,10,2025-11-20
STORE001,SKU04053,132.0,25,10,2025-11-20
STORE011,SKU04054,127.8,25,10,2025-11-20
STORE006,SKU04054,24.5,25,10,2025-11-20
STORE026,SKU04054,64.8,25,10,2025-11-20
STORE013,SKU04054,12.8,25,10,2025-11-20
STORE008,SKU04054,1344.8,25,10,2025-11-20
STORE029,SKU04054,321.3,25,10,2025-11-20
STORE022,SKU04054,22.0,25,10,2025-11-20
STORE004,SKU04054,4.9,25,10,2025-11-20
STORE023,SKU04054,306.0,25,10,2025-11-20
STORE020,SKU04054,139.3,25,10,2025-11-20
STORE027,SKU04054,372.2,25,10,2025-11-20
STORE002,SKU04054,619.0,25,10,2025-11-20
STORE010,SKU04054,220.3,25,10,2025-11-20
STORE015,SKU04054,49.9,25,10,2025-11-20
STORE025,SKU04054,367.1,25,10,2025-11-20
STORE003,SKU04054,751.3,25,10,2025-11-20
STORE001,SKU04054,209.1,25,10,2025-11-20
STORE016,SKU04054,275.9,25,10,2025-11-20
STORE024,SKU04054,99.2,25,10,2025-11-20
STORE018,SKU04054,115.7,25,10,2025-11-20
STORE028,SKU04054,319.5,25,10,2025-11-20
STORE014,SKU04054,632.9,25,10,2025-11-20
STORE030,SKU04054,238.8,25,10,2025-11-20
STORE012,SKU04054,375.7,25,10,2025-11-20
STORE017,SKU04054,45.4,25,10,2025-11-20
STORE021,SKU04054,57.4,25,10,2025-11-20
STORE005,SKU04054,182.9,25,10,2025-11-20
STORE019,SKU04054,46.8,25,10,2025-11-20
STORE007,SKU04054,242.7,25,10,2025-11-20
STORE009,SKU04054,83.0,25,10,2025-11-20
STORE028,SKU04055,41.0,25,10,2025-11-20
STORE018,SKU04056,27.6,33,16,2025-11-20
STORE022,SKU04056,10.4,33,16,2025-11-20
STORE029,SKU04057,19.7,25,10,2025-11-20
STORE022,SKU04057,103.0,25,10,2025-11-20
STORE025,SKU04057,488.2,25,10,2025-11-20
STORE005,SKU04057,96.5,25,10,2025-11-20
STORE030,SKU04057,3.6,25,10,2025-11-20
STORE021,SKU04058,67.0,31,15,2025-11-20
STORE029,SKU04059,0.0,61,26,2025-10-15
STORE015,SKU04060,43.4,25,10,2025-11-20
STORE025,SKU04060,24.5,25,10,2025-11-20
STORE003,SKU04060,188.2,25,10,2025-11-20
STORE010,SKU04060,209.1,25,10,2025-11-20
STORE013,SKU04060,33.6,25,10,2025-11-20
STORE024,SKU04060,44.2,25,10,2025-11-20
STORE003,SKU04061,9.7,29,14,2025-11-20
STORE027,SKU04061,86.3,29,14,2025-11-20
STORE020,SKU04062,186.1,25,10,2025-11-20
STORE019,SKU04062,284.4,25,10,2025-11-20
STORE011,SKU04062,143.1,25,10,2025-11-20
STORE024,SKU04062,265.6,25,10,2025-11-20
STORE008,SKU04062,129.9,25,10,2025-11-20
STORE029,SKU04062,110.6,25,10,2025-11-20
STORE009,SKU04062,268.1,25,10,2025-11-20
STORE014,SKU04062,238.2,25,10,2025-11-20
STORE016,SKU04062,92.6,25,10,2025-11-20
STORE013,SKU04062,43.1,25,10,2025-11-20
STORE023,SKU04062,122.5,25,10,2025-11-20
STORE005,SKU04062,142.9,25,10,2025-11-20
STORE030,SKU04062,263.9,25,10,2025-11-20
STORE006,SKU04062,655.3,25,10,2025-11-20
STORE026,SKU04062,9.8,25,10,2025-11-20
STORE017,SKU04062,74.4,25,10,2025-11-20
STORE012,SKU04062,57.4,25,10,2025-11-20
STORE021,SKU04062,185.9,25,10,2025-11-20
STORE010,SKU04062,149.6,25,10,2025-11-20
STORE007,SKU04062,347.9,25,10,2025-11-20
STORE001,SKU04062,74.0,25,10,2025-11-20
STORE015,SKU04062,240.5,25,10,2025-11-20
STORE004,SKU04062,573.6,25,10,2025-11-20
STORE018,SKU04062,643.5,25,10,2025-11-20
STORE002,SKU04062,849.6,25,10,2025-11-20
STORE022,SKU04062,395.4,25,10,2025-11-20
STORE028,SKU04062,629.9,25,10,2025-11-20
STORE003,SKU04062,71.2,25,10,2025-11-20
STORE018,SKU04063,7.6,30,15,2025-11-20
STORE010,SKU04063,0.2,30,15,2025-11-20
STORE001,SKU04063,42.2,30,15,2025-11-20
STORE005,SKU04064,0.0,92,31,2025-10-15
STORE027,SKU04065,245.8,25,10,2025-11-20
STORE018,SKU04065,18.4,25,10,2025-11-20
STORE030,SKU04065,89.8,25,10,2025-11-20
STORE015,SKU04066,135.6,25,10,2025-11-20
STORE001,SKU04066,259.5,25,10,2025-11-20
STORE007,SKU04066,102.9,25,10,2025-11-20
STORE030,SKU04067,0.0,95,32,2025-10-15
STORE013,SKU04068,67.0,25,10,2025-11-20
STORE002,SKU04069,67.9,25,10,2025-11-20
STORE011,SKU04069,69.1,25,10,2025-11-20
STORE030,SKU04070,71.1,25,10,2025-11-20
STORE027,SKU04070,43.9,25,10,2025-11-20
STORE002,SKU04071,0.2,25,10,2025-11-20
STORE013,SKU04071,178.7,25,10,2025-11-20
STORE008,SKU04071,189.1,25,10,2025-11-20
STORE002,SKU04072,55.0,25,10,2025-11-20
STORE013,SKU04073,120.4,25,10,2025-11-20
STORE030,SKU04073,210.1,25,10,2025-11-20
STORE008,SKU04073,126.9,25,10,2025-11-20
STORE014,SKU04073,4.6,25,10,2025-11-20
STORE001,SKU04073,235.1,25,10,2025-11-20
STORE012,SKU04073,37.6,25,10,2025-11-20
STORE002,SKU04073,23.7,25,10,2025-11-20
STORE005,SKU04073,400.7,25,10,2025-11-20
STORE017,SKU04073,2.7,25,10,2025-11-20
STORE021,SKU04073,908.7,25,10,2025-11-20
STORE003,SKU04073,206.0,25,10,2025-11-20
STORE027,SKU04073,1159.3,25,10,2025-11-20
STORE009,SKU04073,17.0,25,10,2025-11-20
STORE026,SKU04073,249.2,25,10,2025-11-20
STORE004,SKU04073,122.2,25,10,2025-11-20
STORE022,SKU04073,527.6,25,10,2025-11-20
STORE019,SKU04073,127.5,25,10,2025-11-20
STORE016,SKU04073,85.8,25,10,2025-11-20
STORE010,SKU04073,554.4,25,10,2025-11-20
STORE015,SKU04073,133.5,25,10,2025-11-20
STORE025,SKU04073,4.8,25,10,2025-11-20
STORE024,SKU04073,140.7,25,10,2025-11-20
STORE020,SKU04073,302.3,25,10,2025-11-20
STORE002,SKU04074,7.0,26,11,2025-11-20
STORE026,SKU04075,59.0,25,10,2025-11-20
STORE024,SKU04076,27.0,25,10,2025-11-20
STORE008,SKU04077,158.5,25,10,2025-11-20
STORE021,SKU04077,252.2,25,10,2025-11-20
STORE001,SKU04077,95.3,25,10,2025-11-20
STORE005,SKU04078,129.9,25,10,2025-11-20
STORE012,SKU04078,22.0,25,10,2025-11-20
STORE030,SKU04078,53.8,25,10,2025-11-20
STORE001,SKU04078,40.1,25,10,2025-11-20
STORE020,SKU04078,156.6,25,10,2025-11-20
STORE009,SKU04078,179.6,25,10,2025-11-20
STORE011,SKU04079,81.9,25,10,2025-11-20
STORE006,SKU04079,2.1,25,10,2025-11-20
STORE023,SKU04080,186.0,39,19,2025-11-20
STORE007,SKU04081,35.3,25,10,2025-11-20
STORE025,SKU04081,34.3,25,10,2025-11-20
STORE015,SKU04081,97.5,25,10,2025-11-20
STORE012,SKU04081,10.9,25,10,2025-11-20
STORE019,SKU04082,110.0,33,16,2025-11-20
STORE015,SKU04083,191.0,25,10,2025-11-20
STORE023,SKU04084,178.9,25,10,2025-11-20
STORE020,SKU04084,7.5,25,10,2025-11-20
STORE012,SKU04084,122.3,25,10,2025-11-20
STORE008,SKU04084,156.3,25,10,2025-11-20
STORE028,SKU04085,171.2,25,10,2025-11-20
STORE004,SKU04085,33.8,25,10,2025-11-20
STORE019,SKU04086,85.5,25,10,2025-11-20
STORE021,SKU04086,105.8,25,10,2025-11-20
STORE027,SKU04086,98.7,25,10,2025-11-20
STORE006,SKU04087,126.4,25,10,2025-11-20
STORE013,SKU04087,1.6,25,10,2025-11-20
STORE002,SKU04088,73.0,92,46,2025-11-20
STORE002,SKU04089,107.6,25,10,2025-11-20
STORE020,SKU04089,196.0,25,10,2025-11-20
STORE023,SKU04089,69.4,25,10,2025-11-20
STORE018,SKU04090,57.8,25,10,2025-11-20
STORE014,SKU04090,202.0,25,10,2025-11-20
STORE002,SKU04090,216.2,25,10,2025-11-20
STORE005,SKU04091,66.1,25,10,2025-11-20
STORE028,SKU04091,53.9,25,10,2025-11-20
STORE015,SKU04092,71.1,25,10,2025-11-20
STORE012,SKU04092,238.9,25,10,2025-11-20
STORE030,SKU04093,65.7,25,10,2025-11-20
STORE027,SKU04093,178.3,25,10,2025-11-20
STORE016,SKU04094,64.7,25,10,2025-11-20
STORE030,SKU04094,79.3,25,10,2025-11-20
STORE010,SKU04095,76.4,25,10,2025-11-20
STORE022,SKU04095,47.4,25,10,2025-11-20
STORE011,SKU04095,314.2,25,10,2025-11-20
STORE009,SKU04096,88.0,67,33,2025-11-20
STORE026,SKU04097,80.8,25,10,2025-11-20
STORE009,SKU04097,26.2,25,10,2025-11-20
STORE021,SKU04098,172.6,25,10,2025-11-20
STORE019,SKU04098,46.4,25,10,2025-11-20
STORE005,SKU04098,43.8,25,10,2025-11-20
STORE002,SKU04098,195.3,25,10,2025-11-20
STORE011,SKU04099,0.0,106,29,2025-10-15
STORE018,SKU04100,0.0,118,50,2025-10-15
STORE010,SKU04101,45.7,25,10,2025-11-20
STORE023,SKU04101,71.3,25,10,2025-11-20
STORE010,SKU04102,128.5,25,10,2025-11-20
STORE011,SKU04102,373.7,25,10,2025-11-20
STORE008,SKU04102,240.2,25,10,2025-11-20
STORE017,SKU04102,371.9,25,10,2025-11-20
STORE003,SKU04102,140.7,25,10,2025-11-20
STORE004,SKU04102,514.3,25,10,2025-11-20
STORE018,SKU04102,670.9,25,10,2025-11-20
STORE001,SKU04102,123.2,25,10,2025-11-20
STORE021,SKU04102,146.3,25,10,2025-11-20
STORE024,SKU04102,442.9,25,10,2025-11-20
STORE025,SKU04102,486.7,25,10,2025-11-20
STORE022,SKU04102,498.3,25,10,2025-11-20
STORE013,SKU04102,469.7,25,10,2025-11-20
STORE012,SKU04102,204.2,25,10,2025-11-20
STORE027,SKU04102,205.5,25,10,2025-11-20
STORE009,SKU04102,120.4,25,10,2025-11-20
STORE020,SKU04102,69.8,25,10,2025-11-20
STORE010,SKU04103,16.0,51,25,2025-11-20
STORE029,SKU04104,2.0,25,10,2025-11-20
STORE027,SKU04104,58.0,25,10,2025-11-20
STORE028,SKU04105,6.7,25,10,2025-11-20
STORE010,SKU04105,7.5,25,10,2025-11-20
STORE025,SKU04105,9.1,25,10,2025-11-20
STORE011,SKU04105,2.0,25,10,2025-11-20
STORE013,SKU04105,7.2,25,10,2025-11-20
STORE026,SKU04105,0.7,25,10,2025-11-20
STORE006,SKU04105,0.1,25,10,2025-11-20
STORE024,SKU04105,5.9,25,10,2025-11-20
STORE020,SKU04105,0.3,25,10,2025-11-20
STORE012,SKU04105,17.2,25,10,2025-11-20
STORE005,SKU04105,4.3,25,10,2025-11-20
STORE004,SKU04105,5.4,25,10,2025-11-20
STORE016,SKU04105,1.1,25,10,2025-11-20
STORE018,SKU04105,4.3,25,10,2025-11-20
STORE002,SKU04105,0.2,25,10,2025-11-20
STORE011,SKU04106,730.7,25,10,2025-11-20
STORE023,SKU04106,74.7,25,10,2025-11-20
STORE014,SKU04106,480.1,25,10,2025-11-20
STORE013,SKU04106,102.1,25,10,2025-11-20
STORE001,SKU04106,28.5,25,10,2025-11-20
STORE008,SKU04106,263.8,25,10,2025-11-20
STORE028,SKU04106,74.5,25,10,2025-11-20
STORE004,SKU04106,525.1,25,10,2025-11-20
STORE024,SKU04106,109.0,25,10,2025-11-20
STORE005,SKU04106,168.4,25,10,2025-11-20
STORE010,SKU04106,336.6,25,10,2025-11-20
STORE018,SKU04106,134.7,25,10,2025-11-20
STORE022,SKU04106,190.7,25,10,2025-11-20
STORE026,SKU04106,679.2,25,10,2025-11-20
STORE015,SKU04106,79.3,25,10,2025-11-20
STORE017,SKU04106,34.5,25,10,2025-11-20
STORE021,SKU04106,159.9,25,10,2025-11-20
STORE015,SKU04107,155.1,25,10,2025-11-20
STORE028,SKU04107,219.8,25,10,2025-11-20
STORE021,SKU04107,130.9,25,10,2025-11-20
STORE005,SKU04107,438.3,25,10,2025-11-20
STORE025,SKU04107,11.3,25,10,2025-11-20
STORE014,SKU04107,158.8,25,10,2025-11-20
STORE013,SKU04107,135.3,25,10,2025-11-20
STORE001,SKU04107,293.0,25,10,2025-11-20
STORE027,SKU04107,952.1,25,10,2025-11-20
STORE007,SKU04107,200.6,25,10,2025-11-20
STORE012,SKU04107,1217.3,25,10,2025-11-20
STORE003,SKU04107,101.1,25,10,2025-11-20
STORE020,SKU04107,8.8,25,10,2025-11-20
STORE017,SKU04107,50.9,25,10,2025-11-20
STORE018,SKU04107,141.2,25,10,2025-11-20
STORE023,SKU04107,106.8,25,10,2025-11-20
STORE002,SKU04107,28.7,25,10,2025-11-20
STORE006,SKU04107,159.2,25,10,2025-11-20
STORE004,SKU04107,115.9,25,10,2025-11-20
STORE022,SKU04108,20.0,25,10,2025-11-20
STORE001,SKU04108,53.6,25,10,2025-11-20
STORE003,SKU04108,332.4,25,10,2025-11-20
STORE015,SKU04109,30.1,25,10,2025-11-20
STORE008,SKU04109,104.7,25,10,2025-11-20
STORE022,SKU04109,79.2,25,10,2025-11-20
STORE024,SKU04110,165.0,41,20,2025-11-20
STORE021,SKU04111,104.0,25,10,2025-11-20
STORE003,SKU04112,0.0,94,33,2025-10-15
STORE026,SKU04113,0.0,73,23,2025-10-15
STORE014,SKU04114,213.0,25,10,2025-11-20
STORE002,SKU04115,0.0,94,31,2025-10-15
STORE015,SKU04116,221.7,25,10,2025-11-20
STORE019,SKU04116,106.8,25,10,2025-11-20
STORE002,SKU04116,59.8,25,10,2025-11-20
STORE012,SKU04116,30.6,25,10,2025-11-20
STORE005,SKU04117,60.4,25,10,2025-11-20
STORE006,SKU04117,16.6,25,10,2025-11-20
STORE009,SKU04118,0.0,63,29,2025-10-15
STORE007,SKU04119,117.0,25,10,2025-11-20
STORE008,SKU04120,38.2,25,10,2025-11-20
STORE019,SKU04120,116.8,25,10,2025-11-20
STORE011,SKU04121,32.5,25,10,2025-11-20
STORE010,SKU04121,26.9,25,10,2025-11-20
STORE015,SKU04121,106.2,25,10,2025-11-20
STORE019,SKU04121,52.3,25,10,2025-11-20
STORE009,SKU04122,22.4,25,10,2025-11-20
STORE002,SKU04122,37.1,25,10,2025-11-20
STORE023,SKU04122,293.5,25,10,2025-11-20
STORE013,SKU04123,57.1,25,10,2025-11-20
STORE009,SKU04123,24.9,25,10,2025-11-20
STORE024,SKU04124,102.0,25,10,2025-11-20
STORE024,SKU04125,173.6,25,10,2025-11-20
STORE012,SKU04125,100.4,25,10,2025-11-20
STORE007,SKU04126,4.7,25,10,2025-11-20
STORE004,SKU04126,0.5,25,10,2025-11-20
STORE022,SKU04126,13.5,25,10,2025-11-20
STORE026,SKU04126,5.7,25,10,2025-11-20
STORE011,SKU04126,4.1,25,10,2025-11-20
STORE023,SKU04126,1.6,25,10,2025-11-20
STORE015,SKU04126,0.7,25,10,2025-11-20
STORE019,SKU04126,2.2,25,10,2025-11-20
STORE002,SKU04126,4.5,25,10,2025-11-20
STORE027,SKU04126,4.2,25,10,2025-11-20
STORE024,SKU04126,2.0,25,10,2025-11-20
STORE029,SKU04126,3.9,25,10,2025-11-20
STORE003,SKU04126,7.0,25,10,2025-11-20
STORE017,SKU04126,0.1,25,10,2025-11-20
STORE013,SKU04126,2.5,25,10,2025-11-20
STORE030,SKU04126,5.9,25,10,2025-11-20
STORE024,SKU04127,137.0,37,18,2025-11-20
STORE030,SKU04128,154.0,25,10,2025-11-20
STORE010,SKU04129,36.9,25,10,2025-11-20
STORE028,SKU04129,244.1,25,10,2025-11-20
STORE023,SKU04130,44.0,25,10,2025-11-20
STORE013,SKU04131,141.0,25,10,2025-11-20
STORE019,SKU04131,20.0,25,10,2025-11-20
STORE007,SKU04132,150.0,40,20,2025-11-20
STORE014,SKU04133,35.9,25,10,2025-11-20
STORE011,SKU04133,12.6,25,10,2025-11-20
STORE013,SKU04133,246.5,25,10,2025-11-20
STORE029,SKU04134,0.0,88,23,2025-10-15
STORE008,SKU04135,244.7,25,10,2025-11-20
STORE007,SKU04135,34.2,25,10,2025-11-20
STORE029,SKU04135,85.2,25,10,2025-11-20
STORE011,SKU04136,53.5,25,10,2025-11-20
STORE023,SKU04136,118.5,25,10,2025-11-20
STORE020,SKU04137,91.0,25,10,2025-11-20
STORE016,SKU04137,0.0,25,10,2025-11-20
STORE009,SKU04138,36.3,25,10,2025-11-20
STORE021,SKU04138,34.7,25,10,2025-11-20
STORE022,SKU04139,40.3,25,10,2025-11-20
STORE018,SKU04139,131.7,25,10,2025-11-20
STORE015,SKU04140,13.1,25,10,2025-11-20
STORE013,SKU04140,4.1,25,10,2025-11-20
STORE018,SKU04140,5.1,25,10,2025-11-20
STORE001,SKU04140,31.0,25,10,2025-11-20
STORE012,SKU04140,1.9,25,10,2025-11-20
STORE022,SKU04140,2.1,25,10,2025-11-20
STORE030,SKU04140,1.1,25,10,2025-11-20
STORE002,SKU04140,12.4,25,10,2025-11-20
STORE006,SKU04140,7.5,25,10,2025-11-20
STORE008,SKU04140,0.6,25,10,2025-11-20
STORE016,SKU04140,21.9,25,10,2025-11-20
STORE020,SKU04140,7.2,25,10,2025-11-20
STORE026,SKU04141,107.2,25,10,2025-11-20
STORE024,SKU04141,2.8,25,10,2025-11-20
STORE003,SKU04142,217.5,25,10,2025-11-20
STORE018,SKU04142,371.0,25,10,2025-11-20
STORE009,SKU04142,242.2,25,10,2025-11-20
STORE008,SKU04142,339.8,25,10,2025-11-20
STORE001,SKU04142,526.8,25,10,2025-11-20
STORE021,SKU04142,145.1,25,10,2025-11-20
STORE004,SKU04142,584.1,25,10,2025-11-20
STORE019,SKU04142,55.0,25,10,2025-11-20
STORE006,SKU04142,97.7,25,10,2025-11-20
STORE022,SKU04142,13.7,25,10,2025-11-20
STORE026,SKU04142,140.2,25,10,2025-11-20
STORE012,SKU04142,147.8,25,10,2025-11-20
STORE014,SKU04142,506.1,25,10,2025-11-20
STORE016,SKU04142,327.5,25,10,2025-11-20
STORE027,SKU04142,177.6,25,10,2025-11-20
STORE024,SKU04142,326.6,25,10,2025-11-20
STORE015,SKU04142,16.8,25,10,2025-11-20
STORE030,SKU04142,61.5,25,10,2025-11-20
STORE023,SKU04143,0.0,110,42,2025-10-15
STORE023,SKU04144,236.1,25,10,2025-11-20
STORE016,SKU04144,245.6,25,10,2025-11-20
STORE007,SKU04144,356.3,25,10,2025-11-20
STORE026,SKU04144,123.5,25,10,2025-11-20
STORE022,SKU04144,307.0,25,10,2025-11-20
STORE005,SKU04144,275.9,25,10,2025-11-20
STORE028,SKU04144,792.0,25,10,2025-11-20
STORE019,SKU04144,58.0,25,10,2025-11-20
STORE013,SKU04144,192.1,25,10,2025-11-20
STORE010,SKU04144,220.5,25,10,2025-11-20
STORE009,SKU04144,1581.9,25,10,2025-11-20
STORE002,SKU04144,53.8,25,10,2025-11-20
STORE006,SKU04144,177.4,25,10,2025-11-20
STORE025,SKU04144,101.8,25,10,2025-11-20
STORE011,SKU04144,178.7,25,10,2025-11-20
STORE004,SKU04144,63.3,25,10,2025-11-20
STORE027,SKU04144,11.7,25,10,2025-11-20
STORE003,SKU04144,203.5,25,10,2025-11-20
STORE024,SKU04144,98.0,25,10,2025-11-20
STORE008,SKU04144,48.1,25,10,2025-11-20
STORE012,SKU04144,93.7,25,10,2025-11-20
STORE014,SKU04144,12.1,25,10,2025-11-20
STORE017,SKU04144,719.5,25,10,2025-11-20
STORE030,SKU04144,208.4,25,10,2025-11-20
STORE015,SKU04144,403.8,25,10,2025-11-20
STORE018,SKU04144,131.7,25,10,2025-11-20
STORE021,SKU04144,559.5,25,10,2025-11-20
STORE020,SKU04144,158.1,25,10,2025-11-20
STORE030,SKU04145,252.0,25,10,2025-11-20
STORE023,SKU04145,199.9,25,10,2025-11-20
STORE006,SKU04145,390.4,25,10,2025-11-20
STORE008,SKU04145,247.0,25,10,2025-11-20
STORE024,SKU04145,93.6,25,10,2025-11-20
STORE018,SKU04145,46.5,25,10,2025-11-20
STORE011,SKU04145,275.2,25,10,2025-11-20
STORE021,SKU04145,198.4,25,10,2025-11-20
STORE005,SKU04145,29.8,25,10,2025-11-20
STORE002,SKU04145,148.7,25,10,2025-11-20
STORE022,SKU04145,213.6,25,10,2025-11-20
STORE027,SKU04145,518.1,25,10,2025-11-20
STORE028,SKU04145,23.4,25,10,2025-11-20
STORE001,SKU04145,126.6,25,10,2025-11-20
STORE004,SKU04145,510.9,25,10,2025-11-20
STORE020,SKU04145,308.8,25,10,2025-11-20
STORE012,SKU04145,101.1,25,10,2025-11-20
STORE001,SKU04146,161.0,25,10,2025-11-20
STORE003,SKU04147,192.8,25,10,2025-11-20
STORE014,SKU04147,195.6,25,10,2025-11-20
STORE020,SKU04147,1064.7,25,10,2025-11-20
STORE007,SKU04147,833.6,25,10,2025-11-20
STORE008,SKU04147,125.9,25,10,2025-11-20
STORE025,SKU04147,43.0,25,10,2025-11-20
STORE006,SKU04147,111.7,25,10,2025-11-20
STORE017,SKU04147,8.8,25,10,2025-11-20
STORE009,SKU04147,6.0,25,10,2025-11-20
STORE010,SKU04147,142.8,25,10,2025-11-20
STORE005,SKU04147,802.7,25,10,2025-11-20
STORE027,SKU04147,581.6,25,10,2025-11-20
STORE021,SKU04147,203.1,25,10,2025-11-20
STORE016,SKU04147,236.2,25,10,2025-11-20
STORE030,SKU04147,1.7,25,10,2025-11-20
STORE018,SKU04147,68.8,25,10,2025-11-20
STORE015,SKU04147,7.1,25,10,2025-11-20
STORE022,SKU04147,398.3,25,10,2025-11-20
STORE023,SKU04147,44.6,25,10,2025-11-20
STORE029,SKU04147,576.5,25,10,2025-11-20
STORE001,SKU04147,292.4,25,10,2025-11-20
STORE026,SKU04147,73.9,25,10,2025-11-20
STORE024,SKU04147,48.7,25,10,2025-11-20
STORE019,SKU04147,280.1,25,10,2025-11-20
STORE012,SKU04147,655.4,25,10,2025-11-20
STORE028,SKU04148,37.0,25,10,2025-11-20
STORE003,SKU04149,34.0,25,10,2025-11-20
STORE011,SKU04150,93.0,25,10,2025-11-20
STORE027,SKU04151,9.6,25,10,2025-11-20
STORE009,SKU04151,182.1,25,10,2025-11-20
STORE023,SKU04151,35.6,25,10,2025-11-20
STORE011,SKU04151,24.5,25,10,2025-11-20
STORE005,SKU04151,14.2,25,10,2025-11-20
STORE029,SKU04152,311.2,25,10,2025-11-20
STORE013,SKU04152,135.1,25,10,2025-11-20
STORE002,SKU04152,9.5,25,10,2025-11-20
STORE015,SKU04152,162.5,25,10,2025-11-20
STORE011,SKU04152,861.8,25,10,2025-11-20
STORE014,SKU04152,318.2,25,10,2025-11-20
STORE019,SKU04152,28.3,25,10,2025-11-20
STORE023,SKU04152,699.1,25,10,2025-11-20
STORE020,SKU04152,101.2,25,10,2025-11-20
STORE022,SKU04152,90.3,25,10,2025-11-20
STORE003,SKU04152,114.0,25,10,2025-11-20
STORE007,SKU04152,278.3,25,10,2025-11-20
STORE018,SKU04152,254.3,25,10,2025-11-20
STORE008,SKU04152,218.6,25,10,2025-11-20
STORE004,SKU04152,408.7,25,10,2025-11-20
STORE001,SKU04152,123.0,25,10,2025-11-20
STORE027,SKU04152,492.5,25,10,2025-11-20
STORE012,SKU04152,62.3,25,10,2025-11-20
STORE024,SKU04152,493.3,25,10,2025-11-20
STORE005,SKU04152,352.4,25,10,2025-11-20
STORE016,SKU04152,371.6,25,10,2025-11-20
STORE010,SKU04152,212.4,25,10,2025-11-20
STORE021,SKU04152,355.5,25,10,2025-11-20
STORE006,SKU04153,20.5,25,10,2025-11-20
STORE025,SKU04153,470.3,25,10,2025-11-20
STORE029,SKU04153,14.1,25,10,2025-11-20
STORE014,SKU04153,39.7,25,10,2025-11-20
STORE021,SKU04153,212.0,25,10,2025-11-20
STORE024,SKU04153,331.5,25,10,2025-11-20
STORE005,SKU04153,19.6,25,10,2025-11-20
STORE028,SKU04153,625.0,25,10,2025-11-20
STORE016,SKU04153,896.1,25,10,2025-11-20
STORE015,SKU04153,229.6,25,10,2025-11-20
STORE026,SKU04153,161.8,25,10,2025-11-20
STORE020,SKU04153,333.4,25,10,2025-11-20
STORE007,SKU04153,98.1,25,10,2025-11-20
STORE018,SKU04153,167.6,25,10,2025-11-20
STORE003,SKU04153,611.1,25,10,2025-11-20
STORE017,SKU04153,768.1,25,10,2025-11-20
STORE012,SKU04153,645.5,25,10,2025-11-20
STORE009,SKU04153,75.0,25,10,2025-11-20
STORE027,SKU04153,65.2,25,10,2025-11-20
STORE001,SKU04153,87.1,25,10,2025-11-20
STORE019,SKU04153,143.5,25,10,2025-11-20
STORE010,SKU04153,93.0,25,10,2025-11-20
STORE023,SKU04153,115.6,25,10,2025-11-20
STORE030,SKU04153,239.0,25,10,2025-11-20
STORE004,SKU04153,354.4,25,10,2025-11-20
STORE011,SKU04153,327.9,25,10,2025-11-20
STORE013,SKU04153,415.2,25,10,2025-11-20
STORE008,SKU04153,8.1,25,10,2025-11-20
STORE022,SKU04153,12.1,25,10,2025-11-20
STORE018,SKU04154,25.4,78,39,2025-11-20
STORE012,SKU04154,12.4,78,39,2025-11-20
STORE002,SKU04154,14.1,78,39,2025-11-20
STORE008,SKU04154,0.9,78,39,2025-11-20
STORE013,SKU04154,4.8,78,39,2025-11-20
STORE028,SKU04154,16.6,78,39,2025-11-20
STORE011,SKU04154,31.9,78,39,2025-11-20
STORE020,SKU04154,40.5,78,39,2025-11-20
STORE024,SKU04154,11.3,78,39,2025-11-20
STORE006,SKU04154,12.8,78,39,2025-11-20
STORE023,SKU04154,29.1,78,39,2025-11-20
STORE017,SKU04154,12.6,78,39,2025-11-20
STORE010,SKU04154,11.8,78,39,2025-11-20
STORE005,SKU04154,38.3,78,39,2025-11-20
STORE030,SKU04154,25.4,78,39,2025-11-20
STORE025,SKU04154,39.0,78,39,2025-11-20
STORE024,SKU04155,74.0,70,35,2025-11-20
STORE027,SKU04156,0.0,91,21,2025-10-15
STORE016,SKU04157,3.1,25,10,2025-11-20
STORE026,SKU04157,7.8,25,10,2025-11-20
STORE023,SKU04157,0.5,25,10,2025-11-20
STORE010,SKU04157,6.7,25,10,2025-11-20
STORE024,SKU04157,0.9,25,10,2025-11-20
STORE002,SKU04157,7.0,25,10,2025-11-20
STORE005,SKU04157,4.0,25,10,2025-11-20
STORE030,SKU04157,0.9,25,10,2025-11-20
STORE009,SKU04157,2.7,25,10,2025-11-20
STORE001,SKU04157,4.9,25,10,2025-11-20
STORE014,SKU04157,4.3,25,10,2025-11-20
STORE028,SKU04157,2.4,25,10,2025-11-20
STORE012,SKU04157,9.7,25,10,2025-11-20
STORE017,SKU04157,3.1,25,10,2025-11-20
STORE006,SKU04158,36.0,25,10,2025-11-20
STORE014,SKU04159,5.7,25,10,2025-11-20
STORE015,SKU04159,225.1,25,10,2025-11-20
STORE005,SKU04159,17.2,25,10,2025-11-20
STORE012,SKU04160,17.7,25,10,2025-11-20
STORE019,SKU04160,38.3,25,10,2025-11-20
STORE030,SKU04161,66.0,88,44,2025-11-20
STORE001,SKU04162,22.7,36,18,2025-11-20
STORE027,SKU04162,8.3,36,18,2025-11-20
STORE030,SKU04163,67.0,25,10,2025-11-20
STORE014,SKU04163,39.0,25,10,2025-11-20
STORE027,SKU04164,61.5,25,10,2025-11-20
STORE006,SKU04164,71.5,25,10,2025-11-20
STORE001,SKU04165,95.8,25,10,2025-11-20
STORE027,SKU04165,118.3,25,10,2025-11-20
STORE002,SKU04165,72.9,25,10,2025-11-20
STORE008,SKU04166,0.0,96,38,2025-10-15
STORE023,SKU04166,0.0,78,28,2025-10-15
STORE013,SKU04166,0.0,100,39,2025-10-15
STORE007,SKU04166,0.0,107,40,2025-10-15
STORE026,SKU04166,0.0,62,26,2025-10-15
STORE017,SKU04166,0.0,79,36,2025-10-15
STORE022,SKU04166,0.0,112,38,2025-10-15
STORE012,SKU04166,0.0,110,44,2025-10-15
STORE021,SKU04166,0.0,102,41,2025-10-15
STORE028,SKU04166,0.0,109,43,2025-10-15
STORE009,SKU04166,0.0,110,46,2025-10-15
STORE014,SKU04166,0.0,89,42,2025-10-15
STORE003,SKU04166,0.0,114,46,2025-10-15
STORE010,SKU04166,0.0,79,45,2025-10-15
STORE009,SKU04167,0.0,114,39,2025-10-15
STORE017,SKU04168,0.0,65,33,2025-10-15
STORE019,SKU04169,24.4,25,10,2025-11-20
STORE024,SKU04169,52.6,25,10,2025-11-20
STORE020,SKU04170,132.3,25,10,2025-11-20
STORE029,SKU04170,29.8,25,10,2025-11-20
STORE011,SKU04170,20.9,25,10,2025-11-20
STORE027,SKU04171,5.0,25,10,2025-11-20
STORE011,SKU04172,209.9,25,10,2025-11-20
STORE001,SKU04172,28.1,25,10,2025-11-20
STORE028,SKU04173,36.4,25,10,2025-11-20
STORE010,SKU04173,36.0,25,10,2025-11-20
STORE020,SKU04173,46.8,25,10,2025-11-20
STORE023,SKU04173,23.8,25,10,2025-11-20
STORE026,SKU04174,79.6,25,10,2025-11-20
STORE022,SKU04174,176.4,25,10,2025-11-20
STORE007,SKU04175,39.8,25,10,2025-11-20
STORE005,SKU04175,11.2,25,10,2025-11-20
STORE027,SKU04176,10.0,28,13,2025-11-20
STORE014,SKU04177,346.3,25,10,2025-11-20
STORE025,SKU04177,121.7,25,10,2025-11-20
STORE028,SKU04177,40.7,25,10,2025-11-20
STORE010,SKU04177,15.8,25,10,2025-11-20
STORE007,SKU04177,15.4,25,10,2025-11-20
STORE005,SKU04178,18.7,25,10,2025-11-20
STORE024,SKU04178,4.7,25,10,2025-11-20
STORE008,SKU04178,236.4,25,10,2025-11-20
STORE019,SKU04178,79.2,25,10,2025-11-20
STORE009,SKU04179,71.9,25,10,2025-11-20
STORE029,SKU04179,105.1,25,10,2025-11-20
STORE013,SKU04180,64.1,25,10,2025-11-20
STORE004,SKU04180,87.6,25,10,2025-11-20
STORE005,SKU04180,139.8,25,10,2025-11-20
STORE006,SKU04180,23.6,25,10,2025-11-20
STORE023,SKU04180,122.8,25,10,2025-11-20
STORE018,SKU04181,55.0,66,33,2025-11-20
STORE019,SKU04182,0.0,106,42,2025-10-15
STORE026,SKU04183,0.0,74,40,2025-10-15
STORE022,SKU04184,125.0,25,10,2025-11-20
STORE028,SKU04185,26.7,30,15,2025-11-20
STORE030,SKU04185,27.1,30,15,2025-11-20
STORE004,SKU04185,55.2,30,15,2025-11-20
STORE011,SKU04186,117.9,27,12,2025-11-20
STORE020,SKU04186,222.1,27,12,2025-11-20
STORE010,SKU04187,7.8,25,10,2025-11-20
STORE018,SKU04187,256.4,25,10,2025-11-20
STORE030,SKU04187,40.8,25,10,2025-11-20
STORE011,SKU04188,43.3,29,14,2025-11-20
STORE008,SKU04188,99.7,29,14,2025-11-20
STORE009,SKU04189,36.5,25,10,2025-11-20
STORE001,SKU04189,118.5,25,10,2025-11-20
STORE001,SKU04190,65.2,25,10,2025-11-20
STORE023,SKU04190,36.8,25,10,2025-11-20
STORE003,SKU04191,0.0,95,25,2025-10-15
STORE006,SKU04191,0.0,76,25,2025-10-15
STORE022,SKU04191,0.0,107,32,2025-10-15
STORE015,SKU04191,0.0,111,34,2025-10-15
STORE014,SKU04191,0.0,110,36,2025-10-15
STORE024,SKU04191,0.0,69,35,2025-10-15
STORE023,SKU04191,0.0,109,47,2025-10-15
STORE029,SKU04191,0.0,106,44,2025-10-15
STORE005,SKU04191,0.0,75,36,2025-10-15
STORE007,SKU04191,0.0,87,49,2025-10-15
STORE019,SKU04191,0.0,84,26,2025-10-15
STORE017,SKU04191,0.0,107,36,2025-10-15
STORE010,SKU04191,0.0,108,37,2025-10-15
STORE016,SKU04191,0.0,68,35,2025-10-15
STORE018,SKU04191,0.0,102,30,2025-10-15
STORE018,SKU04192,317.1,25,10,2025-11-20
STORE028,SKU04192,36.5,25,10,2025-11-20
STORE010,SKU04192,392.3,25,10,2025-11-20
STORE003,SKU04192,14.1,25,10,2025-11-20
STORE013,SKU04193,46.0,25,10,2025-11-20
STORE017,SKU04194,206.6,25,10,2025-11-20
STORE002,SKU04194,231.6,25,10,2025-11-20
STORE013,SKU04194,7.6,25,10,2025-11-20
STORE023,SKU04194,220.4,25,10,2025-11-20
STORE003,SKU04194,471.8,25,10,2025-11-20
STORE024,SKU04194,331.6,25,10,2025-11-20
STORE007,SKU04194,36.4,25,10,2025-11-20
STORE027,SKU04194,232.3,25,10,2025-11-20
STORE009,SKU04194,288.7,25,10,2025-11-20
STORE019,SKU04194,9.8,25,10,2025-11-20
STORE012,SKU04194,500.3,25,10,2025-11-20
STORE028,SKU04194,612.6,25,10,2025-11-20
STORE010,SKU04194,491.7,25,10,2025-11-20
STORE015,SKU04194,450.5,25,10,2025-11-20
STORE022,SKU04194,353.6,25,10,2025-11-20
STORE025,SKU04194,259.7,25,10,2025-11-20
STORE001,SKU04194,293.7,25,10,2025-11-20
STORE021,SKU04194,424.9,25,10,2025-11-20
STORE011,SKU04194,281.1,25,10,2025-11-20
STORE006,SKU04194,102.8,25,10,2025-11-20
STORE016,SKU04194,122.0,25,10,2025-11-20
STORE030,SKU04194,588.3,25,10,2025-11-20
STORE022,SKU04195,210.0,25,10,2025-11-20
STORE015,SKU04196,223.0,38,19,2025-11-20
STORE020,SKU04197,181.3,27,12,2025-11-20
STORE009,SKU04197,71.7,27,12,2025-11-20
STORE019,SKU04197,298.8,27,12,2025-11-20
STORE025,SKU04197,68.1,27,12,2025-11-20
STORE026,SKU04198,7.9,35,17,2025-11-20
STORE013,SKU04198,394.1,35,17,2025-11-20
STORE007,SKU04199,82.9,25,10,2025-11-20
STORE029,SKU04199,146.1,25,10,2025-11-20
STORE022,SKU04200,0.0,82,37,2025-10-15
STORE001,SKU04201,97.2,25,10,2025-11-20
STORE028,SKU04201,81.2,25,10,2025-11-20
STORE020,SKU04201,146.6,25,10,2025-11-20
STORE028,SKU04202,42.2,25,10,2025-11-20
STORE030,SKU04202,88.9,25,10,2025-11-20
STORE015,SKU04202,148.7,25,10,2025-11-20
STORE005,SKU04202,31.2,25,10,2025-11-20
STORE007,SKU04203,19.4,25,10,2025-11-20
STORE013,SKU04203,88.6,25,10,2025-11-20
STORE026,SKU04203,89.5,25,10,2025-11-20
STORE004,SKU04203,186.5,25,10,2025-11-20
STORE002,SKU04204,1.7,26,11,2025-11-20
STORE027,SKU04204,206.1,26,11,2025-11-20
STORE018,SKU04204,79.1,26,11,2025-11-20
STORE002,SKU04205,127.0,25,10,2025-11-20
STORE019,SKU04206,38.0,48,24,2025-11-20
STORE029,SKU04207,89.3,25,10,2025-11-20
STORE005,SKU04207,40.7,25,10,2025-11-20
STORE014,SKU04208,73.0,25,10,2025-11-20
STORE003,SKU04209,52.3,25,10,2025-11-20
STORE013,SKU04209,124.7,25,10,2025-11-20
STORE013,SKU04210,0.0,54,24,2025-10-15
STORE004,SKU04211,53.9,25,10,2025-11-20
STORE014,SKU04211,35.4,25,10,2025-11-20
STORE011,SKU04211,30.7,25,10,2025-11-20
STORE012,SKU04212,142.6,25,10,2025-11-20
STORE029,SKU04212,921.3,25,10,2025-11-20
STORE011,SKU04212,210.1,25,10,2025-11-20
STORE024,SKU04212,75.0,25,10,2025-11-20
STORE015,SKU04212,66.9,25,10,2025-11-20
STORE022,SKU04212,241.8,25,10,2025-11-20
STORE017,SKU04212,189.3,25,10,2025-11-20
STORE014,SKU04212,2.0,25,10,2025-11-20
STORE009,SKU04212,453.4,25,10,2025-11-20
STORE028,SKU04212,311.6,25,10,2025-11-20
STORE016,SKU04212,277.4,25,10,2025-11-20
STORE027,SKU04212,18.2,25,10,2025-11-20
STORE013,SKU04212,115.0,25,10,2025-11-20
STORE021,SKU04212,700.8,25,10,2025-11-20
STORE019,SKU04212,507.8,25,10,2025-11-20
STORE018,SKU04212,86.0,25,10,2025-11-20
STORE026,SKU04212,43.7,25,10,2025-11-20
STORE006,SKU04212,152.5,25,10,2025-11-20
STORE008,SKU04212,112.5,25,10,2025-11-20
STORE023,SKU04212,293.3,25,10,2025-11-20
STORE002,SKU04212,868.4,25,10,2025-11-20
STORE003,SKU04212,115.4,25,10,2025-11-20
STORE009,SKU04213,155.0,25,10,2025-11-20
STORE016,SKU04214,73.0,29,14,2025-11-20
STORE014,SKU04215,10.7,25,10,2025-11-20
STORE009,SKU04215,844.5,25,10,2025-11-20
STORE001,SKU04215,302.2,25,10,2025-11-20
STORE028,SKU04215,786.3,25,10,2025-11-20
STORE002,SKU04215,61.6,25,10,2025-11-20
STORE013,SKU04215,11.5,25,10,2025-11-20
STORE017,SKU04215,185.3,25,10,2025-11-20
STORE015,SKU04215,165.7,25,10,2025-11-20
STORE011,SKU04215,111.4,25,10,2025-11-20
STORE024,SKU04215,874.8,25,10,2025-11-20
STORE030,SKU04215,478.4,25,10,2025-11-20
STORE021,SKU04215,299.8,25,10,2025-11-20
STORE005,SKU04215,49.2,25,10,2025-11-20
STORE010,SKU04215,366.7,25,10,2025-11-20
STORE026,SKU04215,359.2,25,10,2025-11-20
STORE006,SKU04215,153.1,25,10,2025-11-20
STORE016,SKU04215,715.8,25,10,2025-11-20
STORE007,SKU04215,50.5,25,10,2025-11-20
STORE025,SKU04215,86.1,25,10,2025-11-20
STORE023,SKU04215,18.1,25,10,2025-11-20
STORE018,SKU04215,439.0,25,10,2025-11-20
STORE022,SKU04215,269.0,25,10,2025-11-20
STORE020,SKU04215,104.6,25,10,2025-11-20
STORE008,SKU04215,49.5,25,10,2025-11-20
STORE012,SKU04215,11.3,25,10,2025-11-20
STORE003,SKU04215,50.5,25,10,2025-11-20
STORE019,SKU04215,167.1,25,10,2025-11-20
STORE009,SKU04216,92.4,25,10,2025-11-20
STORE003,SKU04216,97.6,25,10,2025-11-20
STORE025,SKU04217,469.3,25,10,2025-11-20
STORE017,SKU04217,163.0,25,10,2025-11-20
STORE019,SKU04217,294.2,25,10,2025-11-20
STORE020,SKU04217,8.2,25,10,2025-11-20
STORE016,SKU04217,102.3,25,10,2025-11-20
STORE010,SKU04217,146.9,25,10,2025-11-20
STORE001,SKU04217,46.5,25,10,2025-11-20
STORE005,SKU04217,28.8,25,10,2025-11-20
STORE007,SKU04217,459.9,25,10,2025-11-20
STORE022,SKU04217,631.4,25,10,2025-11-20
STORE029,SKU04217,18.5,25,10,2025-11-20
STORE014,SKU04217,96.7,25,10,2025-11-20
STORE018,SKU04217,715.3,25,10,2025-11-20
STORE028,SKU04217,19.5,25,10,2025-11-20
STORE024,SKU04217,232.3,25,10,2025-11-20
STORE009,SKU04217,806.9,25,10,2025-11-20
STORE013,SKU04217,861.7,25,10,2025-11-20
STORE004,SKU04217,143.5,25,10,2025-11-20
STORE006,SKU04217,40.0,25,10,2025-11-20
STORE008,SKU04217,50.8,25,10,2025-11-20
STORE026,SKU04217,496.2,25,10,2025-11-20
STORE002,SKU04217,546.4,25,10,2025-11-20
STORE011,SKU04217,210.8,25,10,2025-11-20
STORE001,SKU04218,93.0,26,11,2025-11-20
STORE008,SKU04219,106.5,25,10,2025-11-20
STORE014,SKU04219,85.7,25,10,2025-11-20
STORE007,SKU04219,138.8,25,10,2025-11-20
STORE002,SKU04220,154.8,25,10,2025-11-20
STORE029,SKU04220,102.2,25,10,2025-11-20
STORE020,SKU04221,30.0,25,10,2025-11-20
STORE010,SKU04221,151.0,25,10,2025-11-20
STORE026,SKU04222,175.3,25,10,2025-11-20
STORE009,SKU04222,95.5,25,10,2025-11-20
STORE005,SKU04222,442.6,25,10,2025-11-20
STORE007,SKU04222,326.1,25,10,2025-11-20
STORE017,SKU04222,757.2,25,10,2025-11-20
STORE021,SKU04222,49.4,25,10,2025-11-20
STORE014,SKU04222,286.3,25,10,2025-11-20
STORE002,SKU04222,76.5,25,10,2025-11-20
STORE006,SKU04222,639.4,25,10,2025-11-20
STORE023,SKU04222,28.6,25,10,2025-11-20
STORE011,SKU04222,291.8,25,10,2025-11-20
STORE025,SKU04222,428.0,25,10,2025-11-20
STORE018,SKU04222,119.8,25,10,2025-11-20
STORE008,SKU04222,842.5,25,10,2025-11-20
STORE001,SKU04222,519.9,25,10,2025-11-20
STORE010,SKU04222,95.4,25,10,2025-11-20
STORE013,SKU04222,2.1,25,10,2025-11-20
STORE028,SKU04222,96.2,25,10,2025-11-20
STORE012,SKU04222,90.3,25,10,2025-11-20
STORE019,SKU04222,603.2,25,10,2025-11-20
STORE004,SKU04222,933.4,25,10,2025-11-20
STORE024,SKU04222,20.0,25,10,2025-11-20
STORE016,SKU04222,174.2,25,10,2025-11-20
STORE029,SKU04222,217.3,25,10,2025-11-20
STORE025,SKU04223,12.8,25,10,2025-11-20
STORE014,SKU04223,62.2,25,10,2025-11-20
STORE021,SKU04223,50.1,25,10,2025-11-20
STORE003,SKU04223,100.9,25,10,2025-11-20
STORE027,SKU04224,0.0,99,39,2025-10-15
STORE020,SKU04225,169.0,25,10,2025-11-20
STORE016,SKU04226,184.4,25,10,2025-11-20
STORE028,SKU04226,22.3,25,10,2025-11-20
STORE030,SKU04226,254.3,25,10,2025-11-20
STORE027,SKU04227,80.0,55,27,2025-11-20
STORE029,SKU04228,496.4,25,10,2025-11-20
STORE019,SKU04228,134.7,25,10,2025-11-20
STORE016,SKU04228,506.4,25,10,2025-11-20
STORE005,SKU04228,453.3,25,10,2025-11-20
STORE009,SKU04228,130.2,25,10,2025-11-20
STORE011,SKU04228,108.3,25,10,2025-11-20
STORE027,SKU04228,609.5,25,10,2025-11-20
STORE018,SKU04228,283.5,25,10,2025-11-20
STORE026,SKU04228,594.7,25,10,2025-11-20
STORE004,SKU04228,359.9,25,10,2025-11-20
STORE007,SKU04228,212.1,25,10,2025-11-20
STORE012,SKU04228,27.8,25,10,2025-11-20
STORE013,SKU04228,77.8,25,10,2025-11-20
STORE022,SKU04228,783.0,25,10,2025-11-20
STORE001,SKU04228,86.9,25,10,2025-11-20
STORE024,SKU04228,22.1,25,10,2025-11-20
STORE006,SKU04228,277.5,25,10,2025-11-20
STORE028,SKU04228,298.9,25,10,2025-11-20
STORE008,SKU04228,75.9,25,10,2025-11-20
STORE021,SKU04228,79.8,25,10,2025-11-20
STORE014,SKU04228,142.8,25,10,2025-11-20
STORE020,SKU04228,5.0,25,10,2025-11-20
STORE030,SKU04228,351.6,25,10,2025-11-20
STORE003,SKU04228,86.1,25,10,2025-11-20
STORE015,SKU04228,434.0,25,10,2025-11-20
STORE023,SKU04228,366.3,25,10,2025-11-20
STORE017,SKU04228,244.5,25,10,2025-11-20
STORE016,SKU04229,142.0,25,10,2025-11-20
STORE021,SKU04230,32.0,25,10,2025-11-20
STORE021,SKU04231,155.0,25,10,2025-11-20
STORE008,SKU04232,0.0,84,38,2025-10-15
STORE022,SKU04233,44.5,26,11,2025-11-20
STORE001,SKU04233,202.5,26,11,2025-11-20
STORE029,SKU04234,34.8,25,10,2025-11-20
STORE011,SKU04234,94.2,25,10,2025-11-20
STORE019,SKU04235,9.5,25,10,2025-11-20
STORE027,SKU04235,12.9,25,10,2025-11-20
STORE021,SKU04235,322.4,25,10,2025-11-20
STORE025,SKU04235,75.5,25,10,2025-11-20
STORE018,SKU04235,60.7,25,10,2025-11-20
STORE002,SKU04236,290.6,25,10,2025-11-20
STORE005,SKU04236,95.1,25,10,2025-11-20
STORE022,SKU04236,497.7,25,10,2025-11-20
STORE014,SKU04236,34.8,25,10,2025-11-20
STORE001,SKU04236,334.2,25,10,2025-11-20
STORE006,SKU04236,331.9,25,10,2025-11-20
STORE023,SKU04236,963.6,25,10,2025-11-20
STORE020,SKU04236,293.1,25,10,2025-11-20
STORE009,SKU04236,57.8,25,10,2025-11-20
STORE028,SKU04236,333.7,25,10,2025-11-20
STORE029,SKU04236,37.6,25,10,2025-11-20
STORE030,SKU04236,89.4,25,10,2025-11-20
STORE008,SKU04236,12.4,25,10,2025-11-20
STORE003,SKU04236,282.6,25,10,2025-11-20
STORE012,SKU04236,34.7,25,10,2025-11-20
STORE015,SKU04236,248.7,25,10,2025-11-20
STORE021,SKU04236,1060.3,25,10,2025-11-20
STORE010,SKU04236,499.2,25,10,2025-11-20
STORE017,SKU04236,31.6,25,10,2025-11-20
STORE025,SKU04236,99.6,25,10,2025-11-20
STORE027,SKU04236,439.4,25,10,2025-11-20
STORE024,SKU04236,883.3,25,10,2025-11-20
STORE026,SKU04236,13.1,25,10,2025-11-20
STORE004,SKU04236,656.8,25,10,2025-11-20
STORE007,SKU04237,78.0,29,14,2025-11-20
STORE028,SKU04238,39.7,25,10,2025-11-20
STORE010,SKU04238,159.1,25,10,2025-11-20
STORE005,SKU04238,69.2,25,10,2025-11-20
STORE002,SKU04239,141.4,25,10,2025-11-20
STORE008,SKU04239,32.6,25,10,2025-11-20
STORE004,SKU04240,66.0,77,38,2025-11-20
STORE019,SKU04241,46.0,28,13,2025-11-20
STORE024,SKU04242,107.0,31,15,2025-11-20
STORE015,SKU04243,28.0,28,13,2025-11-20
STORE022,SKU04244,70.2,25,10,2025-11-20
STORE015,SKU04244,40.2,25,10,2025-11-20
STORE016,SKU04244,121.7,25,10,2025-11-20
STORE010,SKU04244,349.5,25,10,2025-11-20
STORE018,SKU04244,644.4,25,10,2025-11-20
STORE014,SKU04244,159.1,25,10,2025-11-20
STORE029,SKU04244,267.6,25,10,2025-11-20
STORE012,SKU04244,28.3,25,10,2025-11-20
STORE020,SKU04244,610.4,25,10,2025-11-20
STORE023,SKU04244,218.5,25,10,2025-11-20
STORE004,SKU04244,394.0,25,10,2025-11-20
STORE027,SKU04244,411.2,25,10,2025-11-20
STORE003,SKU04244,77.0,25,10,2025-11-20
STORE017,SKU04244,195.8,25,10,2025-11-20
STORE025,SKU04244,839.9,25,10,2025-11-20
STORE021,SKU04244,24.4,25,10,2025-11-20
STORE005,SKU04244,298.7,25,10,2025-11-20
STORE030,SKU04245,20.9,25,10,2025-11-20
STORE022,SKU04245,2.3,25,10,2025-11-20
STORE017,SKU04245,12.6,25,10,2025-11-20
STORE024,SKU04245,17.3,25,10,2025-11-20
STORE006,SKU04245,8.8,25,10,2025-11-20
STORE007,SKU04245,1.7,25,10,2025-11-20
STORE001,SKU04245,2.6,25,10,2025-11-20
STORE028,SKU04245,0.2,25,10,2025-11-20
STORE023,SKU04245,11.4,25,10,2025-11-20
STORE005,SKU04245,12.1,25,10,2025-11-20
STORE020,SKU04245,6.4,25,10,2025-11-20
STORE011,SKU04245,2.8,25,10,2025-11-20
STORE026,SKU04246,130.0,25,10,2025-11-20
STORE021,SKU04247,88.0,26,11,2025-11-20
STORE017,SKU04248,0.0,102,47,2025-10-15
STORE023,SKU04249,33.4,25,10,2025-11-20
STORE017,SKU04249,62.8,25,10,2025-11-20
STORE026,SKU04249,33.8,25,10,2025-11-20
STORE009,SKU04250,542.8,25,10,2025-11-20
STORE004,SKU04250,421.6,25,10,2025-11-20
STORE019,SKU04250,306.5,25,10,2025-11-20
STORE014,SKU04250,171.3,25,10,2025-11-20
STORE006,SKU04250,715.0,25,10,2025-11-20
STORE008,SKU04250,323.8,25,10,2025-11-20
STORE021,SKU04250,156.3,25,10,2025-11-20
STORE025,SKU04250,26.8,25,10,2025-11-20
STORE026,SKU04250,105.7,25,10,2025-11-20
STORE027,SKU04250,241.4,25,10,2025-11-20
STORE001,SKU04250,99.2,25,10,2025-11-20
STORE012,SKU04250,76.9,25,10,2025-11-20
STORE018,SKU04250,230.6,25,10,2025-11-20
STORE013,SKU04250,57.3,25,10,2025-11-20
STORE030,SKU04250,495.8,25,10,2025-11-20
STORE003,SKU04250,203.8,25,10,2025-11-20
STORE023,SKU04250,262.4,25,10,2025-11-20
STORE007,SKU04250,49.1,25,10,2025-11-20
STORE024,SKU04250,120.7,25,10,2025-11-20
STORE005,SKU04250,162.4,25,10,2025-11-20
STORE016,SKU04250,508.1,25,10,2025-11-20
STORE029,SKU04250,452.4,25,10,2025-11-20
STORE002,SKU04250,77.6,25,10,2025-11-20
STORE017,SKU04250,294.6,25,10,2025-11-20
STORE015,SKU04251,10.1,25,10,2025-11-20
STORE007,SKU04251,160.2,25,10,2025-11-20
STORE023,SKU04251,109.6,25,10,2025-11-20
STORE001,SKU04251,29.9,25,10,2025-11-20
STORE013,SKU04251,43.3,25,10,2025-11-20
STORE013,SKU04252,67.6,25,10,2025-11-20
STORE006,SKU04252,53.4,25,10,2025-11-20
STORE027,SKU04253,20.0,25,10,2025-11-20
STORE019,SKU04254,167.0,25,10,2025-11-20
STORE007,SKU04254,47.6,25,10,2025-11-20
STORE022,SKU04254,53.1,25,10,2025-11-20
STORE021,SKU04254,99.3,25,10,2025-11-20
STORE030,SKU04255,106.9,25,10,2025-11-20
STORE022,SKU04255,127.3,25,10,2025-11-20
STORE003,SKU04255,25.7,25,10,2025-11-20
STORE012,SKU04255,44.7,25,10,2025-11-20
STORE026,SKU04255,15.4,25,10,2025-11-20
STORE017,SKU04256,19.3,25,10,2025-11-20
STORE030,SKU04256,16.7,25,10,2025-11-20
STORE029,SKU04257,0.0,123,45,2025-10-15
STORE003,SKU04258,223.9,25,10,2025-11-20
STORE015,SKU04258,36.1,25,10,2025-11-20
STORE018,SKU04259,191.1,25,10,2025-11-20
STORE017,SKU04259,50.3,25,10,2025-11-20
STORE005,SKU04259,220.5,25,10,2025-11-20
STORE010,SKU04260,0.0,83,44,2025-10-15
STORE029,SKU04261,180.1,25,10,2025-11-20
STORE013,SKU04261,225.2,25,10,2025-11-20
STORE027,SKU04261,65.8,25,10,2025-11-20
STORE012,SKU04261,150.0,25,10,2025-11-20
STORE011,SKU04261,189.6,25,10,2025-11-20
STORE019,SKU04261,167.7,25,10,2025-11-20
STORE010,SKU04261,465.3,25,10,2025-11-20
STORE014,SKU04261,431.0,25,10,2025-11-20
STORE020,SKU04261,667.6,25,10,2025-11-20
STORE018,SKU04261,207.6,25,10,2025-11-20
STORE025,SKU04261,673.8,25,10,2025-11-20
STORE001,SKU04261,337.0,25,10,2025-11-20
STORE023,SKU04261,59.6,25,10,2025-11-20
STORE005,SKU04261,105.2,25,10,2025-11-20
STORE008,SKU04261,51.4,25,10,2025-11-20
STORE003,SKU04261,0.8,25,10,2025-11-20
STORE016,SKU04261,39.3,25,10,2025-11-20
STORE028,SKU04261,0.8,25,10,2025-11-20
STORE015,SKU04261,240.0,25,10,2025-11-20
STORE004,SKU04261,104.5,25,10,2025-11-20
STORE021,SKU04261,70.7,25,10,2025-11-20
STORE002,SKU04261,270.5,25,10,2025-11-20
STORE024,SKU04261,337.0,25,10,2025-11-20
STORE017,SKU04261,698.0,25,10,2025-11-20
STORE007,SKU04261,193.7,25,10,2025-11-20
STORE019,SKU04262,89.0,25,10,2025-11-20
STORE001,SKU04263,142.3,25,10,2025-11-20
STORE005,SKU04263,98.2,25,10,2025-11-20
STORE029,SKU04263,93.5,25,10,2025-11-20
STORE006,SKU04264,32.3,25,10,2025-11-20
STORE008,SKU04264,295.1,25,10,2025-11-20
STORE016,SKU04264,0.1,25,10,2025-11-20
STORE022,SKU04264,13.5,25,10,2025-11-20
STORE027,SKU04265,36.0,25,10,2025-11-20
STORE019,SKU04265,218.0,25,10,2025-11-20
STORE002,SKU04265,75.0,25,10,2025-11-20
STORE002,SKU04266,159.5,25,10,2025-11-20
STORE023,SKU04266,42.0,25,10,2025-11-20
STORE027,SKU04266,135.5,25,10,2025-11-20
STORE026,SKU04267,29.2,25,10,2025-11-20
STORE025,SKU04267,204.2,25,10,2025-11-20
STORE014,SKU04267,27.6,25,10,2025-11-20
STORE011,SKU04268,0.0,93,46,2025-10-15
STORE028,SKU04269,0.0,120,45,2025-10-15
STORE018,SKU04270,240.4,25,10,2025-11-20
STORE021,SKU04270,128.6,25,10,2025-11-20
STORE021,SKU04271,0.0,67,34,2025-10-15
STORE022,SKU04272,26.0,35,17,2025-11-20
STORE029,SKU04273,7.9,25,10,2025-11-20
STORE018,SKU04273,7.0,25,10,2025-11-20
STORE009,SKU04273,1.5,25,10,2025-11-20
STORE026,SKU04273,10.8,25,10,2025-11-20
STORE015,SKU04273,10.6,25,10,2025-11-20
STORE027,SKU04273,9.2,25,10,2025-11-20
STORE019,SKU04273,19.7,25,10,2025-11-20
STORE011,SKU04273,26.1,25,10,2025-11-20
STORE028,SKU04273,20.3,25,10,2025-11-20
STORE003,SKU04273,2.3,25,10,2025-11-20
STORE025,SKU04273,14.2,25,10,2025-11-20
STORE014,SKU04273,1.2,25,10,2025-11-20
STORE016,SKU04274,197.1,25,10,2025-11-20
STORE011,SKU04274,79.9,25,10,2025-11-20
STORE011,SKU04275,28.0,79,39,2025-11-20
STORE007,SKU04276,97.3,25,10,2025-11-20
STORE019,SKU04276,46.7,25,10,2025-11-20
STORE017,SKU04277,134.6,25,10,2025-11-20
STORE003,SKU04277,9.6,25,10,2025-11-20
STORE027,SKU04277,236.8,25,10,2025-11-20
STORE029,SKU04278,0.0,111,47,2025-10-15
STORE018,SKU04279,0.0,112,39,2025-10-15
STORE002,SKU04280,43.3,25,10,2025-11-20
STORE027,SKU04280,15.3,25,10,2025-11-20
STORE015,SKU04280,60.2,25,10,2025-11-20
STORE024,SKU04280,2.5,25,10,2025-11-20
STORE007,SKU04280,14.2,25,10,2025-11-20
STORE028,SKU04280,27.0,25,10,2025-11-20
STORE017,SKU04280,12.6,25,10,2025-11-20
STORE003,SKU04280,1.6,25,10,2025-11-20
STORE012,SKU04280,14.8,25,10,2025-11-20
STORE019,SKU04280,16.0,25,10,2025-11-20
STORE023,SKU04280,22.0,25,10,2025-11-20
STORE011,SKU04280,24.2,25,10,2025-11-20
STORE016,SKU04280,24.9,25,10,2025-11-20
STORE030,SKU04280,18.4,25,10,2025-11-20
STORE010,SKU04280,4.1,25,10,2025-11-20
STORE006,SKU04280,8.7,25,10,2025-11-20
STORE009,SKU04280,25.3,25,10,2025-11-20
STORE020,SKU04281,778.1,25,10,2025-11-20
STORE025,SKU04281,20.9,25,10,2025-11-20
STORE023,SKU04281,194.6,25,10,2025-11-20
STORE021,SKU04281,95.1,25,10,2025-11-20
STORE013,SKU04281,64.8,25,10,2025-11-20
STORE006,SKU04281,178.8,25,10,2025-11-20
STORE026,SKU04281,236.4,25,10,2025-11-20
STORE018,SKU04281,2.5,25,10,2025-11-20
STORE007,SKU04281,384.4,25,10,2025-11-20
STORE017,SKU04281,434.9,25,10,2025-11-20
STORE009,SKU04281,854.3,25,10,2025-11-20
STORE028,SKU04281,50.5,25,10,2025-11-20
STORE027,SKU04281,229.0,25,10,2025-11-20
STORE015,SKU04281,141.1,25,10,2025-11-20
STORE014,SKU04281,103.4,25,10,2025-11-20
STORE004,SKU04281,211.6,25,10,2025-11-20
STORE030,SKU04281,386.9,25,10,2025-11-20
STORE001,SKU04281,5.9,25,10,2025-11-20
STORE003,SKU04281,884.7,25,10,2025-11-20
STORE024,SKU04281,421.2,25,10,2025-11-20
STORE008,SKU04281,352.9,25,10,2025-11-20
STORE022,SKU04281,362.5,25,10,2025-11-20
STORE002,SKU04281,125.0,25,10,2025-11-20
STORE010,SKU04281,353.4,25,10,2025-11-20
STORE016,SKU04281,124.1,25,10,2025-11-20
STORE019,SKU04282,196.3,25,10,2025-11-20
STORE013,SKU04282,16.7,25,10,2025-11-20
STORE022,SKU04283,136.0,31,15,2025-11-20
STORE004,SKU04284,67.3,25,10,2025-11-20
STORE006,SKU04284,32.3,25,10,2025-11-20
STORE030,SKU04284,46.4,25,10,2025-11-20
STORE021,SKU04284,57.0,25,10,2025-11-20
STORE026,SKU04285,295.6,25,10,2025-11-20
STORE022,SKU04285,112.8,25,10,2025-11-20
STORE020,SKU04285,68.6,25,10,2025-11-20
STORE001,SKU04286,75.2,25,10,2025-11-20
STORE021,SKU04286,138.8,25,10,2025-11-20
STORE028,SKU04287,4.2,25,10,2025-11-20
STORE011,SKU04287,7.8,25,10,2025-11-20
STORE024,SKU04288,0.0,87,22,2025-10-15
STORE029,SKU04289,58.8,25,10,2025-11-20
STORE026,SKU04289,114.2,25,10,2025-11-20
STORE018,SKU04290,85.0,30,15,2025-11-20
STORE004,SKU04291,57.4,25,10,2025-11-20
STORE005,SKU04291,63.9,25,10,2025-11-20
STORE030,SKU04291,202.7,25,10,2025-11-20
STORE019,SKU04292,122.5,25,10,2025-11-20
STORE021,SKU04292,217.9,25,10,2025-11-20
STORE026,SKU04292,305.8,25,10,2025-11-20
STORE018,SKU04292,82.6,25,10,2025-11-20
STORE017,SKU04292,396.6,25,10,2025-11-20
STORE029,SKU04292,247.7,25,10,2025-11-20
STORE013,SKU04292,185.1,25,10,2025-11-20
STORE025,SKU04292,518.9,25,10,2025-11-20
STORE004,SKU04292,87.3,25,10,2025-11-20
STORE028,SKU04292,671.4,25,10,2025-11-20
STORE005,SKU04292,257.5,25,10,2025-11-20
STORE001,SKU04292,293.8,25,10,2025-11-20
STORE016,SKU04292,650.4,25,10,2025-11-20
STORE030,SKU04292,532.0,25,10,2025-11-20
STORE024,SKU04292,287.7,25,10,2025-11-20
STORE007,SKU04292,437.5,25,10,2025-11-20
STORE012,SKU04292,177.6,25,10,2025-11-20
STORE027,SKU04292,247.9,25,10,2025-11-20
STORE010,SKU04292,20.0,25,10,2025-11-20
STORE023,SKU04292,29.4,25,10,2025-11-20
STORE002,SKU04292,553.0,25,10,2025-11-20
STORE011,SKU04292,19.2,25,10,2025-11-20
STORE008,SKU04292,58.0,25,10,2025-11-20
STORE020,SKU04292,496.8,25,10,2025-11-20
STORE014,SKU04292,0.4,25,10,2025-11-20
STORE006,SKU04292,103.8,25,10,2025-11-20
STORE022,SKU04292,274.3,25,10,2025-11-20
STORE025,SKU04293,27.1,25,10,2025-11-20
STORE005,SKU04293,44.9,25,10,2025-11-20
STORE019,SKU04294,88.1,25,10,2025-11-20
STORE018,SKU04294,88.9,25,10,2025-11-20
STORE005,SKU04295,37.2,25,10,2025-11-20
STORE013,SKU04295,19.9,25,10,2025-11-20
STORE018,SKU04295,27.0,25,10,2025-11-20
STORE020,SKU04296,70.0,25,10,2025-11-20
STORE029,SKU04297,132.0,25,10,2025-11-20
STORE008,SKU04297,125.0,25,10,2025-11-20
STORE008,SKU04298,0.7,25,10,2025-11-20
STORE009,SKU04298,188.3,25,10,2025-11-20
STORE029,SKU04299,4.9,25,10,2025-11-20
STORE023,SKU04299,112.8,25,10,2025-11-20
STORE017,SKU04299,262.3,25,10,2025-11-20
STORE022,SKU04300,62.6,25,10,2025-11-20
STORE030,SKU04300,24.7,25,10,2025-11-20
STORE028,SKU04300,121.0,25,10,2025-11-20
STORE014,SKU04300,24.7,25,10,2025-11-20
STORE022,SKU04301,89.0,25,10,2025-11-20
STORE010,SKU04302,69.0,28,13,2025-11-20
STORE020,SKU04303,30.5,25,10,2025-11-20
STORE029,SKU04303,385.8,25,10,2025-11-20
STORE015,SKU04303,36.7,25,10,2025-11-20
STORE030,SKU04304,98.8,25,10,2025-11-20
STORE002,SKU04304,0.2,25,10,2025-11-20
STORE008,SKU04305,0.0,77,26,2025-10-15
STORE023,SKU04305,0.0,105,31,2025-10-15
STORE011,SKU04305,0.0,64,34,2025-10-15
STORE002,SKU04305,0.0,106,45,2025-10-15
STORE014,SKU04305,0.0,79,34,2025-10-15
STORE016,SKU04305,0.0,79,43,2025-10-15
STORE028,SKU04305,0.0,84,44,2025-10-15
STORE015,SKU04305,0.0,118,46,2025-10-15
STORE017,SKU04305,0.0,91,48,2025-10-15
STORE020,SKU04305,0.0,73,23,2025-10-15
STORE026,SKU04305,0.0,81,30,2025-10-15
STORE022,SKU04305,0.0,72,40,2025-10-15
STORE030,SKU04305,0.0,120,41,2025-10-15
STORE011,SKU04306,46.3,25,10,2025-11-20
STORE015,SKU04306,33.8,25,10,2025-11-20
STORE022,SKU04306,2.1,25,10,2025-11-20
STORE029,SKU04306,199.7,25,10,2025-11-20
STORE002,SKU04307,119.9,25,10,2025-11-20
STORE012,SKU04307,159.4,25,10,2025-11-20
STORE005,SKU04307,30.1,25,10,2025-11-20
STORE021,SKU04307,59.6,25,10,2025-11-20
STORE003,SKU04308,87.0,25,10,2025-11-20
STORE017,SKU04309,3.6,27,12,2025-11-20
STORE016,SKU04309,7.4,27,12,2025-11-20
STORE020,SKU04310,117.4,25,10,2025-11-20
STORE022,SKU04310,14.2,25,10,2025-11-20
STORE029,SKU04310,177.4,25,10,2025-11-20
STORE024,SKU04311,143.8,25,10,2025-11-20
STORE008,SKU04311,120.2,25,10,2025-11-20
STORE017,SKU04312,0.0,103,28,2025-10-15
STORE027,SKU04313,42.5,25,10,2025-11-20
STORE009,SKU04313,78.6,25,10,2025-11-20
STORE002,SKU04313,125.9,25,10,2025-11-20
STORE010,SKU04314,113.6,25,10,2025-11-20
STORE012,SKU04314,89.4,25,10,2025-11-20
STORE017,SKU04315,6.1,25,10,2025-11-20
STORE018,SKU04315,3.8,25,10,2025-11-20
STORE007,SKU04315,3.1,25,10,2025-11-20
STORE004,SKU04315,1.0,25,10,2025-11-20
STORE003,SKU04315,9.4,25,10,2025-11-20
STORE010,SKU04315,0.8,25,10,2025-11-20
STORE026,SKU04315,5.9,25,10,2025-11-20
STORE025,SKU04315,12.8,25,10,2025-11-20
STORE016,SKU04315,4.9,25,10,2025-11-20
STORE002,SKU04315,18.5,25,10,2025-11-20
STORE027,SKU04315,3.9,25,10,2025-11-20
STORE005,SKU04315,0.9,25,10,2025-11-20
STORE008,SKU04315,0.9,25,10,2025-11-20
STORE011,SKU04315,1.5,25,10,2025-11-20
STORE021,SKU04315,0.0,25,10,2025-11-20
STORE020,SKU04315,4.3,25,10,2025-11-20
STORE028,SKU04315,1.2,25,10,2025-11-20
STORE009,SKU04315,6.3,25,10,2025-11-20
STORE029,SKU04315,1.7,25,10,2025-11-20
STORE004,SKU04316,0.0,100,30,2025-10-15
STORE025,SKU04317,34.4,43,21,2025-11-20
STORE013,SKU04317,177.6,43,21,2025-11-20
STORE027,SKU04318,1.0,25,10,2025-11-20
STORE025,SKU04318,4.6,25,10,2025-11-20
STORE018,SKU04318,5.0,25,10,2025-11-20
STORE020,SKU04318,0.9,25,10,2025-11-20
STORE003,SKU04318,2.5,25,10,2025-11-20
STORE024,SKU04318,1.5,25,10,2025-11-20
STORE002,SKU04318,5.3,25,10,2025-11-20
STORE019,SKU04318,3.5,25,10,2025-11-20
STORE021,SKU04318,2.3,25,10,2025-11-20
STORE015,SKU04318,5.4,25,10,2025-11-20
STORE022,SKU04318,1.0,25,10,2025-11-20
STORE030,SKU04318,5.0,25,10,2025-11-20
STORE018,SKU04319,360.3,25,10,2025-11-20
STORE002,SKU04319,378.9,25,10,2025-11-20
STORE028,SKU04319,275.1,25,10,2025-11-20
STORE005,SKU04319,94.2,25,10,2025-11-20
STORE008,SKU04319,719.9,25,10,2025-11-20
STORE021,SKU04319,85.8,25,10,2025-11-20
STORE010,SKU04319,182.9,25,10,2025-11-20
STORE025,SKU04319,31.6,25,10,2025-11-20
STORE009,SKU04319,707.0,25,10,2025-11-20
STORE012,SKU04319,218.7,25,10,2025-11-20
STORE014,SKU04319,251.5,25,10,2025-11-20
STORE017,SKU04319,12.2,25,10,2025-11-20
STORE024,SKU04319,259.0,25,10,2025-11-20
STORE022,SKU04319,267.8,25,10,2025-11-20
STORE020,SKU04319,200.2,25,10,2025-11-20
STORE026,SKU04319,62.0,25,10,2025-11-20
STORE030,SKU04319,120.9,25,10,2025-11-20
STORE013,SKU04319,21.0,25,10,2025-11-20
STORE010,SKU04320,166.2,25,10,2025-11-20
STORE001,SKU04320,72.8,25,10,2025-11-20
STORE030,SKU04321,12.4,1133,566,2025-11-20
STORE025,SKU04321,5.1,1133,566,2025-11-20
STORE008,SKU04321,7.5,1133,566,2025-11-20
STORE027,SKU04321,2.3,1133,566,2025-11-20
STORE029,SKU04321,72.6,1133,566,2025-11-20
STORE014,SKU04321,21.7,1133,566,2025-11-20
STORE024,SKU04321,14.5,1133,566,2025-11-20
STORE026,SKU04321,22.0,1133,566,2025-11-20
STORE010,SKU04321,28.5,1133,566,2025-11-20
STORE001,SKU04321,73.3,1133,566,2025-11-20
STORE003,SKU04322,46.8,25,10,2025-11-20
STORE014,SKU04322,83.2,25,10,2025-11-20
STORE007,SKU04323,37.0,25,10,2025-11-20
STORE005,SKU04324,3.0,29,14,2025-11-20
STORE020,SKU04325,77.0,25,10,2025-11-20
STORE011,SKU04326,165.4,25,10,2025-11-20
STORE016,SKU04326,27.6,25,10,2025-11-20
STORE007,SKU04327,69.9,25,10,2025-11-20
STORE025,SKU04327,5.0,25,10,2025-11-20
STORE016,SKU04327,39.1,25,10,2025-11-20
STORE017,SKU04328,124.5,25,10,2025-11-20
STORE022,SKU04328,20.8,25,10,2025-11-20
STORE007,SKU04328,0.8,25,10,2025-11-20
STORE028,SKU04329,0.0,86,43,2025-10-15
STORE004,SKU04329,0.0,74,42,2025-10-15
STORE012,SKU04329,0.0,90,24,2025-10-15
STORE019,SKU04329,0.0,81,46,2025-10-15
STORE016,SKU04329,0.0,95,30,2025-10-15
STORE030,SKU04329,0.0,106,31,2025-10-15
STORE015,SKU04329,0.0,90,41,2025-10-15
STORE023,SKU04329,0.0,80,40,2025-10-15
STORE006,SKU04329,0.0,90,46,2025-10-15
STORE020,SKU04329,0.0,68,27,2025-10-15
STORE005,SKU04329,0.0,64,29,2025-10-15
STORE024,SKU04329,0.0,109,32,2025-10-15
STORE008,SKU04329,0.0,65,31,2025-10-15
STORE029,SKU04329,0.0,89,37,2025-10-15
STORE013,SKU04329,0.0,117,40,2025-10-15
STORE009,SKU04329,0.0,92,28,2025-10-15
STORE026,SKU04329,0.0,94,27,2025-10-15
STORE014,SKU04330,64.0,25,10,2025-11-20
STORE026,SKU04331,105.8,25,10,2025-11-20
STORE013,SKU04331,84.0,25,10,2025-11-20
STORE001,SKU04331,150.1,25,10,2025-11-20
STORE015,SKU04331,93.1,25,10,2025-11-20
STORE030,SKU04332,46.0,27,12,2025-11-20
STORE007,SKU04333,41.6,25,10,2025-11-20
STORE010,SKU04333,64.4,25,10,2025-11-20
STORE026,SKU04333,123.4,25,10,2025-11-20
STORE013,SKU04333,8.6,25,10,2025-11-20
STORE028,SKU04334,89.4,25,10,2025-11-20
STORE016,SKU04334,38.9,25,10,2025-11-20
STORE023,SKU04334,51.5,25,10,2025-11-20
STORE009,SKU04334,246.2,25,10,2025-11-20
STORE013,SKU04334,132.7,25,10,2025-11-20
STORE006,SKU04334,188.5,25,10,2025-11-20
STORE024,SKU04334,1386.0,25,10,2025-11-20
STORE004,SKU04334,58.4,25,10,2025-11-20
STORE012,SKU04334,266.7,25,10,2025-11-20
STORE021,SKU04334,35.7,25,10,2025-11-20
STORE019,SKU04334,131.4,25,10,2025-11-20
STORE022,SKU04334,256.9,25,10,2025-11-20
STORE018,SKU04334,1004.2,25,10,2025-11-20
STORE010,SKU04334,170.1,25,10,2025-11-20
STORE003,SKU04334,23.0,25,10,2025-11-20
STORE015,SKU04334,168.3,25,10,2025-11-20
STORE011,SKU04334,54.0,25,10,2025-11-20
STORE008,SKU04334,89.6,25,10,2025-11-20
STORE005,SKU04334,329.8,25,10,2025-11-20
STORE017,SKU04334,23.9,25,10,2025-11-20
STORE002,SKU04334,214.2,25,10,2025-11-20
STORE007,SKU04334,322.2,25,10,2025-11-20
STORE014,SKU04334,187.8,25,10,2025-11-20
STORE030,SKU04334,6.6,25,10,2025-11-20
STORE001,SKU04334,1451.1,25,10,2025-11-20
STORE029,SKU04334,156.8,25,10,2025-11-20
STORE001,SKU04335,78.2,25,10,2025-11-20
STORE006,SKU04335,20.4,25,10,2025-11-20
STORE029,SKU04335,33.4,25,10,2025-11-20
STORE006,SKU04336,184.0,25,10,2025-11-20
STORE003,SKU04337,0.0,108,36,2025-10-15
STORE004,SKU04338,254.6,26,11,2025-11-20
STORE013,SKU04338,13.4,26,11,2025-11-20
STORE019,SKU04339,12.0,79,39,2025-11-20
STORE018,SKU04340,163.2,25,10,2025-11-20
STORE003,SKU04340,86.9,25,10,2025-11-20
STORE021,SKU04340,11.6,25,10,2025-11-20
STORE027,SKU04340,66.3,25,10,2025-11-20
STORE010,SKU04340,165.0,25,10,2025-11-20
STORE029,SKU04341,0.0,67,23,2025-10-15
STORE026,SKU04342,95.0,25,10,2025-11-20
STORE025,SKU04343,110.0,25,10,2025-11-20
STORE010,SKU04344,28.9,43,21,2025-11-20
STORE027,SKU04344,5.1,43,21,2025-11-20
STORE009,SKU04345,39.2,25,10,2025-11-20
STORE022,SKU04345,48.3,25,10,2025-11-20
STORE016,SKU04345,123.0,25,10,2025-11-20
STORE013,SKU04345,173.6,25,10,2025-11-20
STORE023,SKU04346,0.0,85,40,2025-10-15
STORE029,SKU04346,0.0,105,26,2025-10-15
STORE002,SKU04346,0.0,80,49,2025-10-15
STORE030,SKU04346,0.0,84,45,2025-10-15
STORE019,SKU04346,0.0,103,33,2025-10-15
STORE009,SKU04346,0.0,108,31,2025-10-15
STORE018,SKU04346,0.0,86,20,2025-10-15
STORE007,SKU04346,0.0,114,43,2025-10-15
STORE016,SKU04346,0.0,92,38,2025-10-15
STORE015,SKU04346,0.0,83,42,2025-10-15
STORE010,SKU04346,0.0,88,23,2025-10-15
STORE001,SKU04346,0.0,90,48,2025-10-15
STORE005,SKU04346,0.0,87,33,2025-10-15
STORE024,SKU04346,0.0,93,34,2025-10-15
STORE013,SKU04346,0.0,91,23,2025-10-15
STORE017,SKU04346,0.0,97,43,2025-10-15
STORE011,SKU04346,0.0,89,33,2025-10-15
STORE014,SKU04347,213.0,29,14,2025-11-20
STORE003,SKU04348,0.0,25,10,2025-11-20
STORE001,SKU04348,3.5,25,10,2025-11-20
STORE005,SKU04348,0.1,25,10,2025-11-20
STORE011,SKU04348,0.4,25,10,2025-11-20
STORE024,SKU04348,1.0,25,10,2025-11-20
STORE013,SKU04348,0.9,25,10,2025-11-20
STORE008,SKU04348,1.3,25,10,2025-11-20
STORE009,SKU04348,0.9,25,10,2025-11-20
STORE006,SKU04348,3.7,25,10,2025-11-20
STORE002,SKU04348,0.4,25,10,2025-11-20
STORE028,SKU04348,0.4,25,10,2025-11-20
STORE020,SKU04348,3.4,25,10,2025-11-20
STORE019,SKU04348,0.1,25,10,2025-11-20
STORE022,SKU04349,146.1,32,16,2025-11-20
STORE023,SKU04349,177.9,32,16,2025-11-20
STORE008,SKU04350,2.5,25,10,2025-11-20
STORE009,SKU04350,4.2,25,10,2025-11-20
STORE020,SKU04350,0.7,25,10,2025-11-20
STORE019,SKU04350,6.8,25,10,2025-11-20
STORE018,SKU04350,0.5,25,10,2025-11-20
STORE002,SKU04350,1.8,25,10,2025-11-20
STORE003,SKU04350,0.3,25,10,2025-11-20
STORE007,SKU04350,2.8,25,10,2025-11-20
STORE015,SKU04350,3.9,25,10,2025-11-20
STORE014,SKU04350,10.1,25,10,2025-11-20
STORE026,SKU04350,4.8,25,10,2025-11-20
STORE030,SKU04350,2.8,25,10,2025-11-20
STORE021,SKU04350,9.6,25,10,2025-11-20
STORE016,SKU04350,2.3,25,10,2025-11-20
STORE012,SKU04350,2.9,25,10,2025-11-20
STORE010,SKU04350,3.2,25,10,2025-11-20
STORE017,SKU04350,1.9,25,10,2025-11-20
STORE001,SKU04351,168.0,25,10,2025-11-20
STORE004,SKU04352,46.7,25,10,2025-11-20
STORE016,SKU04352,184.6,25,10,2025-11-20
STORE028,SKU04352,292.2,25,10,2025-11-20
STORE015,SKU04352,534.5,25,10,2025-11-20
STORE020,SKU04352,491.2,25,10,2025-11-20
STORE003,SKU04352,162.1,25,10,2025-11-20
STORE011,SKU04352,235.1,25,10,2025-11-20
STORE005,SKU04352,114.3,25,10,2025-11-20
STORE021,SKU04352,144.0,25,10,2025-11-20
STORE010,SKU04352,540.0,25,10,2025-11-20
STORE009,SKU04352,608.9,25,10,2025-11-20
STORE013,SKU04352,515.0,25,10,2025-11-20
STORE030,SKU04352,34.0,25,10,2025-11-20
STORE026,SKU04352,432.9,25,10,2025-11-20
STORE022,SKU04352,676.0,25,10,2025-11-20
STORE001,SKU04352,102.2,25,10,2025-11-20
STORE029,SKU04352,166.8,25,10,2025-11-20
STORE025,SKU04352,344.4,25,10,2025-11-20
STORE007,SKU04353,74.0,25,10,2025-11-20
STORE008,SKU04354,117.8,25,10,2025-11-20
STORE025,SKU04354,14.2,25,10,2025-11-20
STORE028,SKU04355,42.1,25,10,2025-11-20
STORE012,SKU04355,52.9,25,10,2025-11-20
STORE003,SKU04356,91.3,25,10,2025-11-20
STORE015,SKU04356,260.7,25,10,2025-11-20
STORE010,SKU04357,157.6,25,10,2025-11-20
STORE028,SKU04357,105.8,25,10,2025-11-20
STORE013,SKU04357,22.8,25,10,2025-11-20
STORE030,SKU04357,99.8,25,10,2025-11-20
STORE012,SKU04358,27.4,25,10,2025-11-20
STORE014,SKU04358,52.6,25,10,2025-11-20
STORE029,SKU04358,6.0,25,10,2025-11-20
STORE010,SKU04359,0.0,78,24,2025-10-15
STORE027,SKU04360,166.6,25,10,2025-11-20
STORE002,SKU04360,63.4,25,10,2025-11-20
STORE004,SKU04361,97.0,29,14,2025-11-20
STORE018,SKU04362,1.8,25,10,2025-11-20
STORE013,SKU04362,0.6,25,10,2025-11-20
STORE008,SKU04362,0.5,25,10,2025-11-20
STORE016,SKU04362,0.4,25,10,2025-11-20
STORE025,SKU04362,0.1,25,10,2025-11-20
STORE005,SKU04362,0.7,25,10,2025-11-20
STORE029,SKU04362,0.5,25,10,2025-11-20
STORE007,SKU04362,0.6,25,10,2025-11-20
STORE003,SKU04362,1.3,25,10,2025-11-20
STORE019,SKU04362,0.9,25,10,2025-11-20
STORE021,SKU04362,0.8,25,10,2025-11-20
STORE012,SKU04362,1.5,25,10,2025-11-20
STORE024,SKU04362,2.6,25,10,2025-11-20
STORE011,SKU04362,0.5,25,10,2025-11-20
STORE020,SKU04362,0.1,25,10,2025-11-20
STORE010,SKU04362,0.3,25,10,2025-11-20
STORE030,SKU04362,0.9,25,10,2025-11-20
STORE022,SKU04362,0.0,25,10,2025-11-20
STORE021,SKU04363,73.0,34,17,2025-11-20
STORE006,SKU04364,18.8,25,10,2025-11-20
STORE016,SKU04364,355.8,25,10,2025-11-20
STORE022,SKU04364,188.4,25,10,2025-11-20
STORE015,SKU04364,124.7,25,10,2025-11-20
STORE013,SKU04364,30.2,25,10,2025-11-20
STORE009,SKU04364,357.0,25,10,2025-11-20
STORE026,SKU04365,66.3,25,10,2025-11-20
STORE003,SKU04365,52.8,25,10,2025-11-20
STORE010,SKU04365,180.9,25,10,2025-11-20
STORE020,SKU04366,161.3,25,10,2025-11-20
STORE002,SKU04366,88.7,25,10,2025-11-20
STORE001,SKU04367,0.0,106,26,2025-10-15
STORE030,SKU04368,21.4,25,10,2025-11-20
STORE027,SKU04368,6.6,25,10,2025-11-20
STORE018,SKU04369,234.0,25,10,2025-11-20
STORE011,SKU04369,38.5,25,10,2025-11-20
STORE001,SKU04369,25.6,25,10,2025-11-20
STORE006,SKU04369,225.3,25,10,2025-11-20
STORE024,SKU04369,181.8,25,10,2025-11-20
STORE029,SKU04369,29.8,25,10,2025-11-20
STORE011,SKU04370,11.5,25,10,2025-11-20
STORE003,SKU04370,169.4,25,10,2025-11-20
STORE024,SKU04370,139.3,25,10,2025-11-20
STORE007,SKU04370,36.8,25,10,2025-11-20
STORE027,SKU04371,0.0,129,49,2025-10-15
STORE009,SKU04372,8.0,28,13,2025-11-20
STORE025,SKU04373,44.4,25,10,2025-11-20
STORE010,SKU04373,236.8,25,10,2025-11-20
STORE030,SKU04373,6.3,25,10,2025-11-20
STORE022,SKU04373,166.4,25,10,2025-11-20
STORE009,SKU04373,26.0,25,10,2025-11-20
STORE029,SKU04374,0.0,92,37,2025-10-15
STORE016,SKU04375,116.0,27,12,2025-11-20
STORE005,SKU04376,0.0,89,25,2025-10-15
STORE030,SKU04377,122.0,25,10,2025-11-20
STORE018,SKU04378,169.3,25,10,2025-11-20
STORE008,SKU04378,13.4,25,10,2025-11-20
STORE019,SKU04378,129.3,25,10,2025-11-20
STORE001,SKU04379,51.5,25,10,2025-11-20
STORE010,SKU04379,16.8,25,10,2025-11-20
STORE016,SKU04379,45.8,25,10,2025-11-20
STORE025,SKU04380,32.8,27,12,2025-11-20
STORE008,SKU04380,39.2,27,12,2025-11-20
STORE008,SKU04381,9.2,32,16,2025-11-20
STORE003,SKU04381,33.5,32,16,2025-11-20
STORE009,SKU04381,1.3,32,16,2025-11-20
STORE012,SKU04381,0.4,32,16,2025-11-20
STORE028,SKU04381,10.4,32,16,2025-11-20
STORE013,SKU04381,33.1,32,16,2025-11-20
STORE024,SKU04381,50.9,32,16,2025-11-20
STORE023,SKU04381,7.4,32,16,2025-11-20
STORE029,SKU04381,7.0,32,16,2025-11-20
STORE027,SKU04381,11.5,32,16,2025-11-20
STORE016,SKU04381,9.0,32,16,2025-11-20
STORE010,SKU04381,11.2,32,16,2025-11-20
STORE007,SKU04381,23.0,32,16,2025-11-20
STORE005,SKU04382,0.0,66,31,2025-10-15
STORE004,SKU04383,70.0,25,10,2025-11-20
STORE009,SKU04384,101.2,25,10,2025-11-20
STORE023,SKU04384,91.3,25,10,2025-11-20
STORE026,SKU04384,150.4,25,10,2025-11-20
STORE019,SKU04385,0.0,97,34,2025-10-15
STORE017,SKU04386,14.0,29,14,2025-11-20
STORE015,SKU04387,335.3,25,10,2025-11-20
STORE019,SKU04387,9.0,25,10,2025-11-20
STORE027,SKU04387,104.7,25,10,2025-11-20
STORE011,SKU04388,138.7,25,10,2025-11-20
STORE007,SKU04388,357.9,25,10,2025-11-20
STORE003,SKU04388,67.6,25,10,2025-11-20
STORE005,SKU04388,153.0,25,10,2025-11-20
STORE023,SKU04388,87.5,25,10,2025-11-20
STORE001,SKU04388,22.9,25,10,2025-11-20
STORE010,SKU04388,657.4,25,10,2025-11-20
STORE025,SKU04388,399.1,25,10,2025-11-20
STORE019,SKU04388,16.9,25,10,2025-11-20
STORE030,SKU04388,263.2,25,10,2025-11-20
STORE024,SKU04388,88.4,25,10,2025-11-20
STORE008,SKU04388,1090.2,25,10,2025-11-20
STORE015,SKU04388,74.5,25,10,2025-11-20
STORE016,SKU04388,56.4,25,10,2025-11-20
STORE014,SKU04388,173.6,25,10,2025-11-20
STORE029,SKU04388,373.0,25,10,2025-11-20
STORE002,SKU04388,44.2,25,10,2025-11-20
STORE009,SKU04388,255.7,25,10,2025-11-20
STORE004,SKU04388,13.1,25,10,2025-11-20
STORE026,SKU04388,519.9,25,10,2025-11-20
STORE013,SKU04388,17.5,25,10,2025-11-20
STORE006,SKU04388,508.2,25,10,2025-11-20
STORE017,SKU04389,233.0,25,10,2025-11-20
STORE002,SKU04390,0.0,57,21,2025-10-15
STORE024,SKU04391,14.2,25,10,2025-11-20
STORE023,SKU04391,86.7,25,10,2025-11-20
STORE018,SKU04391,111.1,25,10,2025-11-20
STORE016,SKU04392,326.2,25,10,2025-11-20
STORE008,SKU04392,42.2,25,10,2025-11-20
STORE003,SKU04392,219.2,25,10,2025-11-20
STORE010,SKU04392,234.0,25,10,2025-11-20
STORE007,SKU04392,224.4,25,10,2025-11-20
STORE019,SKU04392,261.8,25,10,2025-11-20
STORE028,SKU04392,5.9,25,10,2025-11-20
STORE011,SKU04392,385.8,25,10,2025-11-20
STORE024,SKU04392,387.1,25,10,2025-11-20
STORE022,SKU04392,38.1,25,10,2025-11-20
STORE009,SKU04392,262.3,25,10,2025-11-20
STORE029,SKU04392,261.0,25,10,2025-11-20
STORE014,SKU04392,356.3,25,10,2025-11-20
STORE030,SKU04392,27.7,25,10,2025-11-20
STORE018,SKU04392,305.9,25,10,2025-11-20
STORE021,SKU04392,102.4,25,10,2025-11-20
STORE023,SKU04392,219.7,25,10,2025-11-20
STORE002,SKU04392,461.0,25,10,2025-11-20
STORE001,SKU04392,379.9,25,10,2025-11-20
STORE025,SKU04392,39.3,25,10,2025-11-20
STORE020,SKU04392,277.8,25,10,2025-11-20
STORE013,SKU04392,1080.1,25,10,2025-11-20
STORE017,SKU04392,53.0,25,10,2025-11-20
STORE004,SKU04393,0.0,90,21,2025-10-15
STORE022,SKU04394,79.0,25,10,2025-11-20
STORE013,SKU04394,50.0,25,10,2025-11-20
STORE021,SKU04395,32.0,25,10,2025-11-20
STORE017,SKU04396,47.1,25,10,2025-11-20
STORE011,SKU04396,48.3,25,10,2025-11-20
STORE014,SKU04396,336.2,25,10,2025-11-20
STORE010,SKU04396,63.4,25,10,2025-11-20
STORE005,SKU04397,3.8,25,10,2025-11-20
STORE011,SKU04397,54.2,25,10,2025-11-20
STORE025,SKU04398,13.1,25,10,2025-11-20
STORE015,SKU04398,156.2,25,10,2025-11-20
STORE027,SKU04398,100.7,25,10,2025-11-20
STORE002,SKU04398,203.7,25,10,2025-11-20
STORE014,SKU04398,150.7,25,10,2025-11-20
STORE021,SKU04398,11.7,25,10,2025-11-20
STORE018,SKU04399,0.0,70,40,2025-10-15
STORE005,SKU04400,80.4,25,10,2025-11-20
STORE028,SKU04400,249.6,25,10,2025-11-20
STORE014,SKU04401,141.8,25,10,2025-11-20
STORE027,SKU04401,942.1,25,10,2025-11-20
STORE019,SKU04401,349.4,25,10,2025-11-20
STORE022,SKU04401,4.1,25,10,2025-11-20
STORE007,SKU04401,556.6,25,10,2025-11-20
STORE008,SKU04401,27.9,25,10,2025-11-20
STORE024,SKU04401,39.8,25,10,2025-11-20
STORE003,SKU04401,348.1,25,10,2025-11-20
STORE012,SKU04401,525.6,25,10,2025-11-20
STORE009,SKU04401,201.8,25,10,2025-11-20
STORE006,SKU04401,89.6,25,10,2025-11-20
STORE026,SKU04401,113.6,25,10,2025-11-20
STORE001,SKU04401,110.2,25,10,2025-11-20
STORE013,SKU04401,103.8,25,10,2025-11-20
STORE002,SKU04401,73.0,25,10,2025-11-20
STORE018,SKU04401,246.4,25,10,2025-11-20
STORE023,SKU04401,605.5,25,10,2025-11-20
STORE004,SKU04401,96.3,25,10,2025-11-20
STORE015,SKU04401,54.2,25,10,2025-11-20
STORE030,SKU04401,478.8,25,10,2025-11-20
STORE021,SKU04401,355.4,25,10,2025-11-20
STORE014,SKU04402,37.5,25,10,2025-11-20
STORE028,SKU04402,2.5,25,10,2025-11-20
STORE011,SKU04403,14.3,25,10,2025-11-20
STORE021,SKU04403,71.4,25,10,2025-11-20
STORE023,SKU04403,87.3,25,10,2025-11-20
STORE030,SKU04403,60.0,25,10,2025-11-20
STORE023,SKU04404,203.9,25,10,2025-11-20
STORE001,SKU04404,44.4,25,10,2025-11-20
STORE022,SKU04404,145.7,25,10,2025-11-20
STORE011,SKU04405,35.3,25,10,2025-11-20
STORE030,SKU04405,18.7,25,10,2025-11-20
STORE027,SKU04406,0.0,64,24,2025-10-15
STORE010,SKU04407,0.0,79,43,2025-10-15
STORE004,SKU04408,16.0,86,43,2025-11-20
STORE010,SKU04409,222.3,25,10,2025-11-20
STORE026,SKU04409,150.4,25,10,2025-11-20
STORE005,SKU04409,134.1,25,10,2025-11-20
STORE001,SKU04409,196.0,25,10,2025-11-20
STORE013,SKU04409,8.7,25,10,2025-11-20
STORE014,SKU04409,409.1,25,10,2025-11-20
STORE016,SKU04409,690.9,25,10,2025-11-20
STORE002,SKU04409,162.2,25,10,2025-11-20
STORE004,SKU04409,17.5,25,10,2025-11-20
STORE011,SKU04409,1602.5,25,10,2025-11-20
STORE003,SKU04409,113.4,25,10,2025-11-20
STORE009,SKU04409,50.2,25,10,2025-11-20
STORE021,SKU04409,171.0,25,10,2025-11-20
STORE028,SKU04409,497.0,25,10,2025-11-20
STORE027,SKU04409,128.9,25,10,2025-11-20
STORE023,SKU04409,316.7,25,10,2025-11-20
STORE025,SKU04409,199.0,25,10,2025-11-20
STORE007,SKU04409,46.4,25,10,2025-11-20
STORE029,SKU04409,148.5,25,10,2025-11-20
STORE022,SKU04409,478.1,25,10,2025-11-20
STORE018,SKU04409,350.7,25,10,2025-11-20
STORE019,SKU04409,47.3,25,10,2025-11-20
STORE020,SKU04409,66.1,25,10,2025-11-20
STORE015,SKU04409,379.2,25,10,2025-11-20
STORE012,SKU04409,622.0,25,10,2025-11-20
STORE006,SKU04409,159.3,25,10,2025-11-20
STORE008,SKU04409,335.1,25,10,2025-11-20
STORE024,SKU04409,69.3,25,10,2025-11-20
STORE002,SKU04410,146.0,25,10,2025-11-20
STORE011,SKU04410,8.0,25,10,2025-11-20
STORE008,SKU04411,132.7,25,10,2025-11-20
STORE028,SKU04411,46.5,25,10,2025-11-20
STORE019,SKU04411,153.7,25,10,2025-11-20
STORE005,SKU04412,369.7,25,10,2025-11-20
STORE006,SKU04412,529.4,25,10,2025-11-20
STORE022,SKU04412,100.9,25,10,2025-11-20
STORE029,SKU04412,61.4,25,10,2025-11-20
STORE002,SKU04412,1071.7,25,10,2025-11-20
STORE012,SKU04412,379.0,25,10,2025-11-20
STORE013,SKU04412,538.8,25,10,2025-11-20
STORE030,SKU04412,4.0,25,10,2025-11-20
STORE021,SKU04412,131.3,25,10,2025-11-20
STORE001,SKU04412,407.4,25,10,2025-11-20
STORE004,SKU04412,24.4,25,10,2025-11-20
STORE026,SKU04412,251.3,25,10,2025-11-20
STORE003,SKU04412,168.2,25,10,2025-11-20
STORE020,SKU04412,5.3,25,10,2025-11-20
STORE007,SKU04412,80.7,25,10,2025-11-20
STORE023,SKU04412,100.6,25,10,2025-11-20
STORE009,SKU04412,35.6,25,10,2025-11-20
STORE015,SKU04412,299.5,25,10,2025-11-20
STORE017,SKU04412,83.3,25,10,2025-11-20
STORE025,SKU04412,97.6,25,10,2025-11-20
STORE010,SKU04412,685.6,25,10,2025-11-20
STORE019,SKU04412,188.8,25,10,2025-11-20
STORE011,SKU04412,149.3,25,10,2025-11-20
STORE014,SKU04412,386.1,25,10,2025-11-20
STORE027,SKU04412,721.1,25,10,2025-11-20
STORE006,SKU04413,11.0,25,10,2025-11-20
STORE012,SKU04413,259.0,25,10,2025-11-20
STORE006,SKU04414,232.7,25,10,2025-11-20
STORE017,SKU04414,94.6,25,10,2025-11-20
STORE013,SKU04414,365.1,25,10,2025-11-20
STORE004,SKU04414,877.3,25,10,2025-11-20
STORE026,SKU04414,708.4,25,10,2025-11-20
STORE007,SKU04414,76.3,25,10,2025-11-20
STORE030,SKU04414,63.3,25,10,2025-11-20
STORE008,SKU04414,778.9,25,10,2025-11-20
STORE020,SKU04414,151.3,25,10,2025-11-20
STORE009,SKU04414,57.6,25,10,2025-11-20
STORE011,SKU04414,302.8,25,10,2025-11-20
STORE014,SKU04414,82.5,25,10,2025-11-20
STORE010,SKU04414,76.7,25,10,2025-11-20
STORE022,SKU04414,521.4,25,10,2025-11-20
STORE005,SKU04414,43.7,25,10,2025-11-20
STORE027,SKU04414,16.4,25,10,2025-11-20
STORE016,SKU04414,77.3,25,10,2025-11-20
STORE003,SKU04414,230.3,25,10,2025-11-20
STORE021,SKU04414,32.4,25,10,2025-11-20
STORE013,SKU04415,82.2,25,10,2025-11-20
STORE010,SKU04415,127.3,25,10,2025-11-20
STORE025,SKU04415,243.5,25,10,2025-11-20
STORE026,SKU04416,36.0,25,10,2025-11-20
STORE010,SKU04416,234.2,25,10,2025-11-20
STORE020,SKU04416,36.9,25,10,2025-11-20
STORE015,SKU04417,175.2,25,10,2025-11-20
STORE014,SKU04417,87.4,25,10,2025-11-20
STORE026,SKU04417,18.9,25,10,2025-11-20
STORE001,SKU04417,194.4,25,10,2025-11-20
STORE006,SKU04417,38.1,25,10,2025-11-20
STORE009,SKU04418,34.8,25,10,2025-11-20
STORE019,SKU04418,79.5,25,10,2025-11-20
STORE017,SKU04418,189.7,25,10,2025-11-20
STORE014,SKU04419,62.5,25,10,2025-11-20
STORE007,SKU04419,47.5,25,10,2025-11-20
STORE009,SKU04420,15.0,25,10,2025-11-20
STORE006,SKU04421,174.7,25,10,2025-11-20
STORE024,SKU04421,153.3,25,10,2025-11-20
STORE002,SKU04421,73.0,25,10,2025-11-20
STORE024,SKU04422,5.6,27,12,2025-11-20
STORE026,SKU04422,56.9,27,12,2025-11-20
STORE019,SKU04422,157.5,27,12,2025-11-20
STORE012,SKU04423,0.0,84,27,2025-10-15
STORE025,SKU04424,31.4,25,10,2025-11-20
STORE015,SKU04424,49.3,25,10,2025-11-20
STORE021,SKU04424,0.2,25,10,2025-11-20
STORE022,SKU04425,178.0,25,10,2025-11-20
STORE016,SKU04426,0.0,85,40,2025-10-15
STORE009,SKU04427,3.1,25,10,2025-11-20
STORE022,SKU04427,33.9,25,10,2025-11-20
STORE019,SKU04428,106.6,25,10,2025-11-20
STORE018,SKU04428,233.5,25,10,2025-11-20
STORE021,SKU04428,159.9,25,10,2025-11-20
STORE012,SKU04428,161.0,25,10,2025-11-20
STORE006,SKU04429,20.0,25,10,2025-11-20
STORE020,SKU04430,139.0,29,14,2025-11-20
STORE016,SKU04431,62.7,25,10,2025-11-20
STORE027,SKU04431,12.3,25,10,2025-11-20
STORE008,SKU04432,76.4,34,17,2025-11-20
STORE012,SKU04432,11.6,34,17,2025-11-20
STORE013,SKU04433,299.5,25,10,2025-11-20
STORE027,SKU04433,42.3,25,10,2025-11-20
STORE025,SKU04433,63.6,25,10,2025-11-20
STORE003,SKU04433,27.6,25,10,2025-11-20
STORE011,SKU04434,10.9,25,10,2025-11-20
STORE023,SKU04434,39.1,25,10,2025-11-20
STORE006,SKU04435,127.9,25,10,2025-11-20
STORE013,SKU04435,243.1,25,10,2025-11-20
STORE013,SKU04436,12.6,25,10,2025-11-20
STORE012,SKU04436,120.4,25,10,2025-11-20
STORE027,SKU04437,49.0,62,31,2025-11-20
STORE011,SKU04438,14.7,25,10,2025-11-20
STORE019,SKU04438,61.0,25,10,2025-11-20
STORE028,SKU04438,124.3,25,10,2025-11-20
STORE003,SKU04439,35.0,25,10,2025-11-20
STORE009,SKU04440,2.7,25,10,2025-11-20
STORE016,SKU04440,188.0,25,10,2025-11-20
STORE025,SKU04440,181.8,25,10,2025-11-20
STORE029,SKU04440,19.5,25,10,2025-11-20
STORE013,SKU04441,48.9,25,10,2025-11-20
STORE006,SKU04441,32.1,25,10,2025-11-20
STORE012,SKU04442,78.1,25,10,2025-11-20
STORE026,SKU04442,87.6,25,10,2025-11-20
STORE008,SKU04442,194.6,25,10,2025-11-20
STORE021,SKU04442,156.6,25,10,2025-11-20
STORE017,SKU04442,99.2,25,10,2025-11-20
STORE002,SKU04442,474.7,25,10,2025-11-20
STORE020,SKU04442,189.2,25,10,2025-11-20
STORE014,SKU04442,306.5,25,10,2025-11-20
STORE023,SKU04442,60.5,25,10,2025-11-20
STORE010,SKU04442,219.7,25,10,2025-11-20
STORE004,SKU04442,110.3,25,10,2025-11-20
STORE009,SKU04442,215.3,25,10,2025-11-20
STORE016,SKU04442,437.3,25,10,2025-11-20
STORE030,SKU04442,422.1,25,10,2025-11-20
STORE028,SKU04442,126.0,25,10,2025-11-20
STORE024,SKU04442,341.4,25,10,2025-11-20
STORE007,SKU04442,816.8,25,10,2025-11-20
STORE027,SKU04442,283.1,25,10,2025-11-20
STORE029,SKU04442,46.3,25,10,2025-11-20
STORE006,SKU04442,328.0,25,10,2025-11-20
STORE003,SKU04442,31.9,25,10,2025-11-20
STORE005,SKU04442,592.5,25,10,2025-11-20
STORE018,SKU04442,209.5,25,10,2025-11-20
STORE022,SKU04442,140.1,25,10,2025-11-20
STORE013,SKU04442,16.9,25,10,2025-11-20
STORE015,SKU04442,138.1,25,10,2025-11-20
STORE019,SKU04442,672.8,25,10,2025-11-20
STORE024,SKU04443,6.8,25,10,2025-11-20
STORE011,SKU04443,207.3,25,10,2025-11-20
STORE022,SKU04443,861.9,25,10,2025-11-20
STORE008,SKU04443,161.8,25,10,2025-11-20
STORE029,SKU04443,180.0,25,10,2025-11-20
STORE007,SKU04443,278.3,25,10,2025-11-20
STORE018,SKU04443,200.2,25,10,2025-11-20
STORE019,SKU04443,59.5,25,10,2025-11-20
STORE014,SKU04443,6.0,25,10,2025-11-20
STORE005,SKU04443,303.1,25,10,2025-11-20
STORE023,SKU04443,816.8,25,10,2025-11-20
STORE030,SKU04443,36.2,25,10,2025-11-20
STORE026,SKU04443,76.3,25,10,2025-11-20
STORE027,SKU04443,148.9,25,10,2025-11-20
STORE021,SKU04443,532.8,25,10,2025-11-20
STORE016,SKU04443,101.0,25,10,2025-11-20
STORE004,SKU04443,688.5,25,10,2025-11-20
STORE012,SKU04443,18.2,25,10,2025-11-20
STORE025,SKU04443,911.3,25,10,2025-11-20
STORE017,SKU04443,265.0,25,10,2025-11-20
STORE010,SKU04443,346.3,25,10,2025-11-20
STORE003,SKU04443,147.6,25,10,2025-11-20
STORE010,SKU04444,0.0,74,23,2025-10-15
STORE016,SKU04445,277.8,25,10,2025-11-20
STORE003,SKU04445,33.2,25,10,2025-11-20
STORE006,SKU04446,4.2,25,10,2025-11-20
STORE021,SKU04446,41.9,25,10,2025-11-20
STORE015,SKU04446,159.9,25,10,2025-11-20
STORE028,SKU04446,117.0,25,10,2025-11-20
STORE021,SKU04447,148.9,29,14,2025-11-20
STORE023,SKU04447,173.6,29,14,2025-11-20
STORE030,SKU04447,28.5,29,14,2025-11-20
STORE014,SKU04448,66.1,25,10,2025-11-20
STORE007,SKU04448,55.7,25,10,2025-11-20
STORE024,SKU04448,38.5,25,10,2025-11-20
STORE021,SKU04448,22.6,25,10,2025-11-20
STORE018,SKU04448,120.1,25,10,2025-11-20
STORE008,SKU04448,76.0,25,10,2025-11-20
STORE011,SKU04449,111.8,25,10,2025-11-20
STORE009,SKU04449,50.2,25,10,2025-11-20
STORE007,SKU04450,94.5,25,10,2025-11-20
STORE022,SKU04450,84.1,25,10,2025-11-20
STORE010,SKU04450,49.2,25,10,2025-11-20
STORE014,SKU04450,35.9,25,10,2025-11-20
STORE018,SKU04450,51.3,25,10,2025-11-20
STORE011,SKU04451,26.0,25,10,2025-11-20
STORE017,SKU04452,58.7,25,10,2025-11-20
STORE024,SKU04452,32.1,25,10,2025-11-20
STORE014,SKU04452,150.3,25,10,2025-11-20
STORE008,SKU04452,79.6,25,10,2025-11-20
STORE022,SKU04452,7.4,25,10,2025-11-20
STORE019,SKU04453,0.0,69,33,2025-10-15
STORE001,SKU04453,0.0,75,31,2025-10-15
STORE014,SKU04453,0.0,103,41,2025-10-15
STORE026,SKU04453,0.0,58,22,2025-10-15
STORE004,SKU04453,0.0,112,32,2025-10-15
STORE013,SKU04453,0.0,107,36,2025-10-15
STORE024,SKU04453,0.0,100,26,2025-10-15
STORE018,SKU04453,0.0,69,34,2025-10-15
STORE005,SKU04453,0.0,65,20,2025-10-15
STORE010,SKU04453,0.0,81,20,2025-10-15
STORE030,SKU04453,0.0,88,45,2025-10-15
STORE016,SKU04453,0.0,73,35,2025-10-15
STORE008,SKU04453,0.0,65,32,2025-10-15
STORE003,SKU04453,0.0,109,35,2025-10-15
STORE006,SKU04454,14.7,25,10,2025-11-20
STORE025,SKU04454,69.2,25,10,2025-11-20
STORE027,SKU04454,45.1,25,10,2025-11-20
STORE025,SKU04455,46.5,25,10,2025-11-20
STORE001,SKU04455,331.8,25,10,2025-11-20
STORE004,SKU04455,9.5,25,10,2025-11-20
STORE009,SKU04455,387.4,25,10,2025-11-20
STORE018,SKU04455,33.6,25,10,2025-11-20
STORE020,SKU04455,1.1,25,10,2025-11-20
STORE014,SKU04456,44.6,25,10,2025-11-20
STORE027,SKU04456,34.8,25,10,2025-11-20
STORE016,SKU04456,60.7,25,10,2025-11-20
STORE018,SKU04456,124.9,25,10,2025-11-20
STORE023,SKU04456,144.8,25,10,2025-11-20
STORE001,SKU04456,40.2,25,10,2025-11-20
STORE029,SKU04456,44.0,25,10,2025-11-20
STORE029,SKU04457,38.8,25,10,2025-11-20
STORE005,SKU04457,11.8,25,10,2025-11-20
STORE013,SKU04457,248.2,25,10,2025-11-20
STORE024,SKU04457,16.1,25,10,2025-11-20
STORE009,SKU04458,121.5,25,10,2025-11-20
STORE019,SKU04458,71.1,25,10,2025-11-20
STORE007,SKU04458,20.3,25,10,2025-11-20
STORE004,SKU04459,147.0,61,30,2025-11-20
STORE005,SKU04460,0.0,71,23,2025-10-15
STORE013,SKU04461,137.0,25,10,2025-11-20
STORE026,SKU04462,66.5,25,10,2025-11-20
STORE007,SKU04462,185.1,25,10,2025-11-20
STORE019,SKU04462,71.4,25,10,2025-11-20
STORE025,SKU04463,6.4,25,10,2025-11-20
STORE010,SKU04463,51.1,25,10,2025-11-20
STORE026,SKU04463,8.2,25,10,2025-11-20
STORE015,SKU04463,53.3,25,10,2025-11-20
STORE013,SKU04464,80.7,25,10,2025-11-20
STORE006,SKU04464,74.7,25,10,2025-11-20
STORE011,SKU04464,235.6,25,10,2025-11-20
STORE021,SKU04465,52.0,25,10,2025-11-20
STORE009,SKU04466,116.0,27,12,2025-11-20
STORE027,SKU04467,47.2,25,10,2025-11-20
STORE005,SKU04467,275.3,25,10,2025-11-20
STORE024,SKU04467,2.5,25,10,2025-11-20
STORE019,SKU04468,153.0,25,10,2025-11-20
STORE027,SKU04468,252.7,25,10,2025-11-20
STORE021,SKU04468,188.8,25,10,2025-11-20
STORE006,SKU04468,277.5,25,10,2025-11-20
STORE013,SKU04468,251.2,25,10,2025-11-20
STORE023,SKU04468,228.7,25,10,2025-11-20
STORE010,SKU04468,334.6,25,10,2025-11-20
STORE012,SKU04468,201.5,25,10,2025-11-20
STORE026,SKU04468,100.0,25,10,2025-11-20
STORE007,SKU04468,124.0,25,10,2025-11-20
STORE028,SKU04468,244.9,25,10,2025-11-20
STORE004,SKU04468,405.8,25,10,2025-11-20
STORE015,SKU04468,61.7,25,10,2025-11-20
STORE005,SKU04468,81.3,25,10,2025-11-20
STORE024,SKU04468,518.4,25,10,2025-11-20
STORE001,SKU04468,167.8,25,10,2025-11-20
STORE030,SKU04468,38.3,25,10,2025-11-20
STORE020,SKU04468,211.6,25,10,2025-11-20
STORE016,SKU04468,909.6,25,10,2025-11-20
STORE017,SKU04468,336.7,25,10,2025-11-20
STORE017,SKU04469,50.4,25,10,2025-11-20
STORE028,SKU04469,8.6,25,10,2025-11-20
STORE022,SKU04470,318.5,25,10,2025-11-20
STORE003,SKU04470,113.8,25,10,2025-11-20
STORE004,SKU04470,335.6,25,10,2025-11-20
STORE006,SKU04470,61.0,25,10,2025-11-20
STORE021,SKU04471,63.0,25,10,2025-11-20
STORE014,SKU04472,28.6,25,10,2025-11-20
STORE023,SKU04472,13.9,25,10,2025-11-20
STORE030,SKU04472,55.5,25,10,2025-11-20
STORE013,SKU04472,139.2,25,10,2025-11-20
STORE010,SKU04472,51.9,25,10,2025-11-20
STORE019,SKU04473,221.0,25,10,2025-11-20
STORE015,SKU04474,116.9,25,10,2025-11-20
STORE003,SKU04474,286.1,25,10,2025-11-20
STORE020,SKU04475,466.2,25,10,2025-11-20
STORE014,SKU04475,312.4,25,10,2025-11-20
STORE015,SKU04475,178.5,25,10,2025-11-20
STORE022,SKU04475,247.5,25,10,2025-11-20
STORE001,SKU04475,303.5,25,10,2025-11-20
STORE029,SKU04475,73.5,25,10,2025-11-20
STORE027,SKU04475,417.5,25,10,2025-11-20
STORE018,SKU04475,755.8,25,10,2025-11-20
STORE008,SKU04475,157.6,25,10,2025-11-20
STORE007,SKU04475,304.0,25,10,2025-11-20
STORE011,SKU04475,336.3,25,10,2025-11-20
STORE024,SKU04475,273.3,25,10,2025-11-20
STORE004,SKU04475,199.4,25,10,2025-11-20
STORE002,SKU04475,537.3,25,10,2025-11-20
STORE023,SKU04475,150.0,25,10,2025-11-20
STORE021,SKU04475,15.9,25,10,2025-11-20
STORE017,SKU04475,468.6,25,10,2025-11-20
STORE003,SKU04475,282.2,25,10,2025-11-20
STORE006,SKU04475,476.4,25,10,2025-11-20
STORE010,SKU04475,37.5,25,10,2025-11-20
STORE026,SKU04475,7.9,25,10,2025-11-20
STORE025,SKU04475,685.7,25,10,2025-11-20
STORE028,SKU04475,40.2,25,10,2025-11-20
STORE019,SKU04475,417.6,25,10,2025-11-20
STORE012,SKU04475,436.2,25,10,2025-11-20
STORE009,SKU04475,310.5,25,10,2025-11-20
STORE013,SKU04475,35.4,25,10,2025-11-20
STORE024,SKU04476,0.0,71,28,2025-10-15
STORE019,SKU04476,0.0,107,35,2025-10-15
STORE002,SKU04476,0.0,93,33,2025-10-15
STORE025,SKU04476,0.0,84,41,2025-10-15
STORE027,SKU04476,0.0,123,50,2025-10-15
STORE003,SKU04476,0.0,92,28,2025-10-15
STORE007,SKU04476,0.0,81,45,2025-10-15
STORE008,SKU04476,0.0,61,29,2025-10-15
STORE023,SKU04476,0.0,112,46,2025-10-15
STORE009,SKU04476,0.0,111,37,2025-10-15
STORE009,SKU04477,134.0,39,19,2025-11-20
STORE003,SKU04478,5.6,25,10,2025-11-20
STORE024,SKU04478,1.4,25,10,2025-11-20
STORE002,SKU04479,169.4,25,10,2025-11-20
STORE003,SKU04479,185.6,25,10,2025-11-20
STORE028,SKU04480,2.3,25,10,2025-11-20
STORE014,SKU04480,58.9,25,10,2025-11-20
STORE016,SKU04480,53.8,25,10,2025-11-20
STORE020,SKU04481,367.0,25,10,2025-11-20
STORE007,SKU04481,52.3,25,10,2025-11-20
STORE002,SKU04481,82.7,25,10,2025-11-20
STORE003,SKU04481,13.5,25,10,2025-11-20
STORE009,SKU04481,65.5,25,10,2025-11-20
STORE030,SKU04482,29.4,25,10,2025-11-20
STORE018,SKU04482,64.8,25,10,2025-11-20
STORE003,SKU04482,49.8,25,10,2025-11-20
STORE004,SKU04483,198.0,25,10,2025-11-20
STORE013,SKU04483,144.2,25,10,2025-11-20
STORE001,SKU04483,144.1,25,10,2025-11-20
STORE010,SKU04483,4.7,25,10,2025-11-20
STORE019,SKU04484,261.0,25,10,2025-11-20
STORE021,SKU04485,33.0,27,12,2025-11-20
STORE023,SKU04486,99.8,25,10,2025-11-20
STORE019,SKU04486,12.1,25,10,2025-11-20
STORE022,SKU04486,236.1,25,10,2025-11-20
STORE003,SKU04486,82.9,25,10,2025-11-20
STORE025,SKU04487,8.0,25,10,2025-11-20
STORE001,SKU04488,99.0,25,10,2025-11-20
STORE002,SKU04488,210.0,25,10,2025-11-20
STORE028,SKU04488,151.0,25,10,2025-11-20
STORE010,SKU04489,4.2,25,10,2025-11-20
STORE021,SKU04489,3.5,25,10,2025-11-20
STORE006,SKU04489,1.9,25,10,2025-11-20
STORE002,SKU04489,3.3,25,10,2025-11-20
STORE005,SKU04489,0.8,25,10,2025-11-20
STORE017,SKU04489,25.0,25,10,2025-11-20
STORE018,SKU04489,6.0,25,10,2025-11-20
STORE014,SKU04489,1.0,25,10,2025-11-20
STORE023,SKU04489,3.1,25,10,2025-11-20
STORE004,SKU04489,5.6,25,10,2025-11-20
STORE013,SKU04489,5.4,25,10,2025-11-20
STORE024,SKU04489,0.3,25,10,2025-11-20
STORE002,SKU04490,118.3,25,10,2025-11-20
STORE024,SKU04490,12.7,25,10,2025-11-20
STORE003,SKU04491,5.6,25,10,2025-11-20
STORE029,SKU04491,27.4,25,10,2025-11-20
STORE020,SKU04491,298.7,25,10,2025-11-20
STORE028,SKU04491,51.0,25,10,2025-11-20
STORE002,SKU04491,14.7,25,10,2025-11-20
STORE008,SKU04491,164.3,25,10,2025-11-20
STORE010,SKU04491,335.5,25,10,2025-11-20
STORE005,SKU04491,40.8,25,10,2025-11-20
STORE004,SKU04491,129.4,25,10,2025-11-20
STORE007,SKU04491,186.1,25,10,2025-11-20
STORE009,SKU04491,59.8,25,10,2025-11-20
STORE017,SKU04491,242.7,25,10,2025-11-20
STORE011,SKU04491,30.6,25,10,2025-11-20
STORE024,SKU04491,16.4,25,10,2025-11-20
STORE027,SKU04491,252.5,25,10,2025-11-20
STORE015,SKU04491,98.0,25,10,2025-11-20
STORE030,SKU04491,34.5,25,10,2025-11-20
STORE001,SKU04491,189.8,25,10,2025-11-20
STORE022,SKU04491,848.9,25,10,2025-11-20
STORE006,SKU04491,443.2,25,10,2025-11-20
STORE012,SKU04491,581.8,25,10,2025-11-20
STORE026,SKU04491,707.2,25,10,2025-11-20
STORE021,SKU04491,1238.2,25,10,2025-11-20
STORE013,SKU04491,495.8,25,10,2025-11-20
STORE018,SKU04491,322.6,25,10,2025-11-20
STORE019,SKU04491,156.5,25,10,2025-11-20
STORE025,SKU04491,69.0,25,10,2025-11-20
STORE016,SKU04492,24.0,27,12,2025-11-20
STORE027,SKU04493,341.9,25,10,2025-11-20
STORE030,SKU04493,40.7,25,10,2025-11-20
STORE019,SKU04493,83.2,25,10,2025-11-20
STORE004,SKU04493,44.2,25,10,2025-11-20
STORE007,SKU04494,95.1,25,10,2025-11-20
STORE030,SKU04494,88.8,25,10,2025-11-20
STORE018,SKU04494,118.2,25,10,2025-11-20
STORE013,SKU04494,76.9,25,10,2025-11-20
STORE002,SKU04495,115.1,25,10,2025-11-20
STORE003,SKU04495,172.7,25,10,2025-11-20
STORE011,SKU04495,178.7,25,10,2025-11-20
STORE026,SKU04495,21.5,25,10,2025-11-20
STORE016,SKU04496,0.0,97,23,2025-10-15
STORE029,SKU04497,4.0,29,14,2025-11-20
STORE003,SKU04498,68.5,25,10,2025-11-20
STORE026,SKU04498,60.7,25,10,2025-11-20
STORE016,SKU04498,212.8,25,10,2025-11-20
STORE004,SKU04499,327.0,25,10,2025-11-20
STORE007,SKU04499,49.0,25,10,2025-11-20
STORE029,SKU04500,46.7,25,10,2025-11-20
STORE005,SKU04500,127.7,25,10,2025-11-20
STORE026,SKU04500,39.6,25,10,2025-11-20
STORE023,SKU04501,57.9,25,10,2025-11-20
STORE004,SKU04501,62.9,25,10,2025-11-20
STORE019,SKU04501,77.2,25,10,2025-11-20
STORE022,SKU04502,52.0,25,10,2025-11-20
STORE010,SKU04502,13.0,25,10,2025-11-20
STORE030,SKU04503,60.3,25,10,2025-11-20
STORE028,SKU04503,127.2,25,10,2025-11-20
STORE027,SKU04503,187.5,25,10,2025-11-20
STORE001,SKU04504,159.8,25,10,2025-11-20
STORE005,SKU04504,1.7,25,10,2025-11-20
STORE010,SKU04504,48.4,25,10,2025-11-20
STORE015,SKU04504,193.2,25,10,2025-11-20
STORE022,SKU04504,141.9,25,10,2025-11-20
STORE030,SKU04504,168.0,25,10,2025-11-20
STORE006,SKU04504,213.3,25,10,2025-11-20
STORE017,SKU04504,195.2,25,10,2025-11-20
STORE018,SKU04504,146.3,25,10,2025-11-20
STORE021,SKU04504,73.9,25,10,2025-11-20
STORE003,SKU04504,524.8,25,10,2025-11-20
STORE028,SKU04504,107.5,25,10,2025-11-20
STORE020,SKU04504,28.9,25,10,2025-11-20
STORE004,SKU04504,44.2,25,10,2025-11-20
STORE029,SKU04504,151.0,25,10,2025-11-20
STORE014,SKU04504,330.3,25,10,2025-11-20
STORE009,SKU04504,25.1,25,10,2025-11-20
STORE008,SKU04504,11.0,25,10,2025-11-20
STORE011,SKU04504,272.3,25,10,2025-11-20
STORE016,SKU04504,315.1,25,10,2025-11-20
STORE011,SKU04505,91.8,25,10,2025-11-20
STORE005,SKU04505,134.5,25,10,2025-11-20
STORE016,SKU04505,306.4,25,10,2025-11-20
STORE023,SKU04505,113.7,25,10,2025-11-20
STORE003,SKU04505,595.3,25,10,2025-11-20
STORE025,SKU04505,32.3,25,10,2025-11-20
STORE020,SKU04505,11.0,25,10,2025-11-20
STORE007,SKU04505,66.4,25,10,2025-11-20
STORE014,SKU04505,95.7,25,10,2025-11-20
STORE028,SKU04505,34.0,25,10,2025-11-20
STORE017,SKU04505,19.3,25,10,2025-11-20
STORE012,SKU04505,400.0,25,10,2025-11-20
STORE021,SKU04505,51.0,25,10,2025-11-20
STORE013,SKU04505,696.3,25,10,2025-11-20
STORE010,SKU04505,130.3,25,10,2025-11-20
STORE022,SKU04505,315.3,25,10,2025-11-20
STORE027,SKU04505,72.5,25,10,2025-11-20
STORE004,SKU04505,78.0,25,10,2025-11-20
STORE018,SKU04505,242.7,25,10,2025-11-20
STORE002,SKU04505,233.5,25,10,2025-11-20
STORE024,SKU04505,415.7,25,10,2025-11-20
STORE009,SKU04505,402.6,25,10,2025-11-20
STORE030,SKU04505,315.4,25,10,2025-11-20
STORE001,SKU04505,169.3,25,10,2025-11-20
STORE006,SKU04505,628.3,25,10,2025-11-20
STORE019,SKU04505,276.6,25,10,2025-11-20
STORE026,SKU04505,1313.2,25,10,2025-11-20
STORE029,SKU04505,485.9,25,10,2025-11-20
STORE004,SKU04506,5.2,25,10,2025-11-20
STORE022,SKU04506,44.0,25,10,2025-11-20
STORE013,SKU04506,96.5,25,10,2025-11-20
STORE030,SKU04506,145.4,25,10,2025-11-20
STORE026,SKU04506,90.9,25,10,2025-11-20
STORE019,SKU04506,175.4,25,10,2025-11-20
STORE010,SKU04506,37.8,25,10,2025-11-20
STORE006,SKU04507,61.3,25,10,2025-11-20
STORE008,SKU04507,16.7,25,10,2025-11-20
STORE021,SKU04508,0.2,25,10,2025-11-20
STORE005,SKU04508,0.3,25,10,2025-11-20
STORE004,SKU04508,0.1,25,10,2025-11-20
STORE012,SKU04508,0.2,25,10,2025-11-20
STORE010,SKU04508,0.0,25,10,2025-11-20
STORE002,SKU04508,0.0,25,10,2025-11-20
STORE003,SKU04508,0.3,25,10,2025-11-20
STORE023,SKU04508,0.1,25,10,2025-11-20
STORE008,SKU04508,0.3,25,10,2025-11-20
STORE024,SKU04508,0.4,25,10,2025-11-20
STORE011,SKU04508,0.5,25,10,2025-11-20
STORE007,SKU04508,0.0,25,10,2025-11-20
STORE020,SKU04508,0.2,25,10,2025-11-20
STORE025,SKU04508,0.3,25,10,2025-11-20
STORE014,SKU04509,109.8,25,10,2025-11-20
STORE020,SKU04509,113.3,25,10,2025-11-20
STORE022,SKU04509,19.1,25,10,2025-11-20
STORE006,SKU04509,15.8,25,10,2025-11-20
STORE013,SKU04510,76.0,25,10,2025-11-20
STORE003,SKU04510,115.2,25,10,2025-11-20
STORE014,SKU04510,32.8,25,10,2025-11-20
STORE018,SKU04511,26.8,25,10,2025-11-20
STORE009,SKU04511,305.3,25,10,2025-11-20
STORE027,SKU04511,86.2,25,10,2025-11-20
STORE012,SKU04511,44.0,25,10,2025-11-20
STORE011,SKU04511,38.7,25,10,2025-11-20
STORE006,SKU04512,45.3,25,10,2025-11-20
STORE011,SKU04512,107.7,25,10,2025-11-20
STORE006,SKU04513,162.1,25,10,2025-11-20
STORE025,SKU04513,7.6,25,10,2025-11-20
STORE021,SKU04513,37.2,25,10,2025-11-20
STORE016,SKU04514,0.0,92,43,2025-10-15
STORE029,SKU04515,30.4,25,10,2025-11-20
STORE003,SKU04515,95.5,25,10,2025-11-20
STORE001,SKU04515,9.2,25,10,2025-11-20
STORE005,SKU04515,72.9,25,10,2025-11-20
STORE021,SKU04516,53.0,25,10,2025-11-20
STORE012,SKU04516,98.7,25,10,2025-11-20
STORE010,SKU04516,78.5,25,10,2025-11-20
STORE016,SKU04516,28.9,25,10,2025-11-20
STORE024,SKU04516,461.9,25,10,2025-11-20
STORE026,SKU04517,33.0,25,10,2025-11-20
STORE003,SKU04518,304.4,25,10,2025-11-20
STORE030,SKU04518,17.8,25,10,2025-11-20
STORE023,SKU04518,26.8,25,10,2025-11-20
STORE015,SKU04519,45.6,25,10,2025-11-20
STORE019,SKU04519,180.9,25,10,2025-11-20
STORE018,SKU04519,45.5,25,10,2025-11-20
STORE020,SKU04520,37.0,25,10,2025-11-20
STORE023,SKU04521,25.8,25,10,2025-11-20
STORE020,SKU04521,6.0,25,10,2025-11-20
STORE009,SKU04521,201.5,25,10,2025-11-20
STORE017,SKU04521,57.1,25,10,2025-11-20
STORE027,SKU04521,111.4,25,10,2025-11-20
STORE012,SKU04521,77.2,25,10,2025-11-20
STORE014,SKU04522,168.5,25,10,2025-11-20
STORE013,SKU04522,21.9,25,10,2025-11-20
STORE020,SKU04522,240.2,25,10,2025-11-20
STORE010,SKU04522,39.4,25,10,2025-11-20
STORE017,SKU04523,78.4,25,10,2025-11-20
STORE019,SKU04523,145.3,25,10,2025-11-20
STORE020,SKU04523,223.3,25,10,2025-11-20
STORE008,SKU04524,5.0,25,10,2025-11-20
STORE002,SKU04525,140.8,25,10,2025-11-20
STORE001,SKU04525,20.4,25,10,2025-11-20
STORE012,SKU04525,53.7,25,10,2025-11-20
STORE004,SKU04526,11.0,25,10,2025-11-20
STORE019,SKU04526,317.7,25,10,2025-11-20
STORE021,SKU04526,762.1,25,10,2025-11-20
STORE023,SKU04526,76.7,25,10,2025-11-20
STORE024,SKU04526,22.9,25,10,2025-11-20
STORE011,SKU04526,161.3,25,10,2025-11-20
STORE014,SKU04526,485.6,25,10,2025-11-20
STORE015,SKU04526,200.7,25,10,2025-11-20
STORE012,SKU04526,12.0,25,10,2025-11-20
STORE013,SKU04526,914.9,25,10,2025-11-20
STORE007,SKU04526,440.9,25,10,2025-11-20
STORE022,SKU04526,35.3,25,10,2025-11-20
STORE029,SKU04526,637.0,25,10,2025-11-20
STORE017,SKU04526,149.7,25,10,2025-11-20
STORE010,SKU04526,116.2,25,10,2025-11-20
STORE027,SKU04526,154.5,25,10,2025-11-20
STORE003,SKU04526,449.7,25,10,2025-11-20
STORE026,SKU04526,269.3,25,10,2025-11-20
STORE008,SKU04526,15.3,25,10,2025-11-20
STORE025,SKU04526,790.1,25,10,2025-11-20
STORE002,SKU04526,40.0,25,10,2025-11-20
STORE018,SKU04526,342.1,25,10,2025-11-20
STORE028,SKU04526,252.7,25,10,2025-11-20
STORE030,SKU04526,51.9,25,10,2025-11-20
STORE020,SKU04526,46.8,25,10,2025-11-20
STORE016,SKU04526,510.6,25,10,2025-11-20
STORE009,SKU04526,136.0,25,10,2025-11-20
STORE005,SKU04526,265.7,25,10,2025-11-20
STORE006,SKU04526,175.3,25,10,2025-11-20
STORE001,SKU04526,324.8,25,10,2025-11-20
STORE009,SKU04527,66.2,25,10,2025-11-20
STORE013,SKU04527,34.4,25,10,2025-11-20
STORE028,SKU04527,45.8,25,10,2025-11-20
STORE001,SKU04527,198.7,25,10,2025-11-20
STORE016,SKU04528,77.0,25,10,2025-11-20
STORE001,SKU04529,0.0,73,41,2025-10-15
STORE003,SKU04530,23.9,25,10,2025-11-20
STORE010,SKU04530,272.1,25,10,2025-11-20
STORE028,SKU04531,12.0,50,25,2025-11-20
STORE021,SKU04532,16.2,25,10,2025-11-20
STORE009,SKU04532,1937.3,25,10,2025-11-20
STORE004,SKU04532,335.6,25,10,2025-11-20
STORE027,SKU04532,49.4,25,10,2025-11-20
STORE008,SKU04532,76.5,25,10,2025-11-20
STORE001,SKU04532,333.4,25,10,2025-11-20
STORE013,SKU04532,427.8,25,10,2025-11-20
STORE017,SKU04532,77.2,25,10,2025-11-20
STORE030,SKU04532,84.0,25,10,2025-11-20
STORE014,SKU04532,103.7,25,10,2025-11-20
STORE006,SKU04532,257.7,25,10,2025-11-20
STORE029,SKU04532,53.3,25,10,2025-11-20
STORE002,SKU04532,31.1,25,10,2025-11-20
STORE023,SKU04532,321.1,25,10,2025-11-20
STORE015,SKU04532,426.9,25,10,2025-11-20
STORE024,SKU04532,196.5,25,10,2025-11-20
STORE016,SKU04532,127.9,25,10,2025-11-20
STORE018,SKU04532,159.9,25,10,2025-11-20
STORE025,SKU04532,139.0,25,10,2025-11-20
STORE012,SKU04532,909.9,25,10,2025-11-20
STORE007,SKU04532,413.2,25,10,2025-11-20
STORE010,SKU04532,66.0,25,10,2025-11-20
STORE011,SKU04532,137.1,25,10,2025-11-20
STORE020,SKU04532,222.0,25,10,2025-11-20
STORE003,SKU04532,268.4,25,10,2025-11-20
STORE026,SKU04533,27.8,25,10,2025-11-20
STORE025,SKU04533,73.1,25,10,2025-11-20
STORE004,SKU04533,64.2,25,10,2025-11-20
STORE016,SKU04534,0.0,88,24,2025-10-15
STORE005,SKU04535,38.0,25,10,2025-11-20
STORE001,SKU04535,104.0,25,10,2025-11-20
STORE016,SKU04536,6.0,37,18,2025-11-20
STORE014,SKU04537,0.0,67,25,2025-10-15
STORE017,SKU04538,71.0,35,17,2025-11-20
STORE024,SKU04538,147.5,35,17,2025-11-20
STORE004,SKU04538,14.6,35,17,2025-11-20
STORE004,SKU04539,28.4,25,10,2025-11-20
STORE012,SKU04539,200.6,25,10,2025-11-20
STORE028,SKU04540,142.9,25,10,2025-11-20
STORE026,SKU04540,252.3,25,10,2025-11-20
STORE022,SKU04540,6.3,25,10,2025-11-20
STORE006,SKU04540,95.5,25,10,2025-11-20
STORE005,SKU04541,133.0,25,10,2025-11-20
STORE008,SKU04542,248.2,25,10,2025-11-20
STORE005,SKU04542,59.9,25,10,2025-11-20
STORE018,SKU04542,48.5,25,10,2025-11-20
STORE006,SKU04542,4.3,25,10,2025-11-20
STORE006,SKU04543,139.2,25,10,2025-11-20
STORE018,SKU04543,62.2,25,10,2025-11-20
STORE005,SKU04543,15.6,25,10,2025-11-20
STORE010,SKU04543,54.6,25,10,2025-11-20
STORE001,SKU04543,25.9,25,10,2025-11-20
STORE029,SKU04543,397.7,25,10,2025-11-20
STORE009,SKU04543,54.0,25,10,2025-11-20
STORE016,SKU04543,56.9,25,10,2025-11-20
STORE011,SKU04544,132.2,25,10,2025-11-20
STORE028,SKU04544,75.3,25,10,2025-11-20
STORE005,SKU04544,89.4,25,10,2025-11-20
STORE017,SKU04545,0.0,78,26,2025-10-15
STORE020,SKU04546,186.0,25,10,2025-11-20
STORE019,SKU04547,0.0,88,39,2025-10-15
STORE002,SKU04548,3.0,41,20,2025-11-20
STORE001,SKU04549,42.0,26,11,2025-11-20
STORE009,SKU04550,15.1,25,10,2025-11-20
STORE003,SKU04550,5.9,25,10,2025-11-20
STORE002,SKU04551,4.9,25,10,2025-11-20
STORE024,SKU04551,5.9,25,10,2025-11-20
STORE025,SKU04551,5.7,25,10,2025-11-20
STORE018,SKU04551,0.3,25,10,2025-11-20
STORE009,SKU04551,1.3,25,10,2025-11-20
STORE015,SKU04551,17.8,25,10,2025-11-20
STORE020,SKU04551,4.2,25,10,2025-11-20
STORE004,SKU04551,2.6,25,10,2025-11-20
STORE008,SKU04551,7.9,25,10,2025-11-20
STORE012,SKU04551,4.1,25,10,2025-11-20
STORE023,SKU04551,0.1,25,10,2025-11-20
STORE029,SKU04551,7.3,25,10,2025-11-20
STORE022,SKU04551,7.2,25,10,2025-11-20
STORE021,SKU04551,1.0,25,10,2025-11-20
STORE001,SKU04551,17.2,25,10,2025-11-20
STORE014,SKU04551,1.4,25,10,2025-11-20
STORE028,SKU04551,3.4,25,10,2025-11-20
STORE013,SKU04551,0.7,25,10,2025-11-20
STORE011,SKU04552,204.1,25,10,2025-11-20
STORE007,SKU04552,103.9,25,10,2025-11-20
STORE011,SKU04553,48.1,25,10,2025-11-20
STORE025,SKU04553,193.8,25,10,2025-11-20
STORE015,SKU04553,1.1,25,10,2025-11-20
STORE030,SKU04554,276.4,25,10,2025-11-20
STORE005,SKU04554,146.5,25,10,2025-11-20
STORE006,SKU04554,739.1,25,10,2025-11-20
STORE025,SKU04554,153.9,25,10,2025-11-20
STORE021,SKU04554,9.8,25,10,2025-11-20
STORE017,SKU04554,9.0,25,10,2025-11-20
STORE019,SKU04554,371.1,25,10,2025-11-20
STORE029,SKU04554,318.1,25,10,2025-11-20
STORE001,SKU04554,73.4,25,10,2025-11-20
STORE014,SKU04554,166.4,25,10,2025-11-20
STORE010,SKU04554,116.3,25,10,2025-11-20
STORE004,SKU04554,590.5,25,10,2025-11-20
STORE012,SKU04554,517.7,25,10,2025-11-20
STORE016,SKU04554,713.0,25,10,2025-11-20
STORE002,SKU04554,348.0,25,10,2025-11-20
STORE020,SKU04554,415.4,25,10,2025-11-20
STORE013,SKU04554,42.3,25,10,2025-11-20
STORE008,SKU04554,307.3,25,10,2025-11-20
STORE009,SKU04554,213.3,25,10,2025-11-20
STORE024,SKU04554,568.9,25,10,2025-11-20
STORE022,SKU04554,146.4,25,10,2025-11-20
STORE003,SKU04554,15.4,25,10,2025-11-20
STORE030,SKU04555,35.0,25,10,2025-11-20
STORE018,SKU04556,185.3,25,10,2025-11-20
STORE001,SKU04556,39.7,25,10,2025-11-20
STORE028,SKU04557,58.8,25,10,2025-11-20
STORE003,SKU04557,107.2,25,10,2025-11-20
STORE001,SKU04558,97.0,25,10,2025-11-20
STORE029,SKU04559,70.0,32,16,2025-11-20
STORE010,SKU04560,14.3,25,10,2025-11-20
STORE004,SKU04560,283.6,25,10,2025-11-20
STORE020,SKU04560,139.3,25,10,2025-11-20
STORE030,SKU04560,0.1,25,10,2025-11-20
STORE023,SKU04560,145.6,25,10,2025-11-20
STORE011,SKU04560,135.1,25,10,2025-11-20
STORE008,SKU04561,176.0,25,10,2025-11-20
STORE010,SKU04562,0.6,25,10,2025-11-20
STORE003,SKU04562,1.1,25,10,2025-11-20
STORE020,SKU04562,0.7,25,10,2025-11-20
STORE011,SKU04562,1.8,25,10,2025-11-20
STORE025,SKU04562,0.7,25,10,2025-11-20
STORE005,SKU04562,0.2,25,10,2025-11-20
STORE017,SKU04562,4.5,25,10,2025-11-20
STORE004,SKU04562,0.3,25,10,2025-11-20
STORE021,SKU04562,1.5,25,10,2025-11-20
STORE009,SKU04562,0.2,25,10,2025-11-20
STORE030,SKU04562,0.5,25,10,2025-11-20
STORE016,SKU04562,0.7,25,10,2025-11-20
STORE018,SKU04562,0.3,25,10,2025-11-20
STORE014,SKU04563,155.1,25,10,2025-11-20
STORE026,SKU04563,44.4,25,10,2025-11-20
STORE015,SKU04563,212.5,25,10,2025-11-20
STORE010,SKU04564,139.7,25,10,2025-11-20
STORE024,SKU04564,8.3,25,10,2025-11-20
STORE029,SKU04564,262.7,25,10,2025-11-20
STORE021,SKU04564,26.3,25,10,2025-11-20
STORE005,SKU04565,34.0,27,12,2025-11-20
STORE018,SKU04566,115.8,25,10,2025-11-20
STORE002,SKU04566,67.6,25,10,2025-11-20
STORE006,SKU04566,74.0,25,10,2025-11-20
STORE003,SKU04566,14.7,25,10,2025-11-20
STORE021,SKU04566,175.2,25,10,2025-11-20
STORE017,SKU04566,102.7,25,10,2025-11-20
STORE022,SKU04567,14.3,25,10,2025-11-20
STORE018,SKU04567,46.1,25,10,2025-11-20
STORE030,SKU04567,163.6,25,10,2025-11-20
STORE020,SKU04568,102.8,25,10,2025-11-20
STORE008,SKU04568,14.1,25,10,2025-11-20
STORE001,SKU04568,57.1,25,10,2025-11-20
STORE013,SKU04569,210.0,25,10,2025-11-20
STORE008,SKU04570,41.0,25,10,2025-11-20
STORE025,SKU04570,104.3,25,10,2025-11-20
STORE012,SKU04570,32.2,25,10,2025-11-20
STORE016,SKU04570,31.9,25,10,2025-11-20
STORE030,SKU04570,132.6,25,10,2025-11-20
STORE018,SKU04571,27.7,38,19,2025-11-20
STORE021,SKU04571,26.9,38,19,2025-11-20
STORE023,SKU04571,9.8,38,19,2025-11-20
STORE001,SKU04571,30.2,38,19,2025-11-20
STORE022,SKU04571,27.7,38,19,2025-11-20
STORE008,SKU04571,16.3,38,19,2025-11-20
STORE015,SKU04571,150.8,38,19,2025-11-20
STORE030,SKU04571,68.9,38,19,2025-11-20
STORE019,SKU04571,44.6,38,19,2025-11-20
STORE004,SKU04571,24.8,38,19,2025-11-20
STORE005,SKU04571,20.0,38,19,2025-11-20
STORE029,SKU04571,6.6,38,19,2025-11-20
STORE025,SKU04571,11.8,38,19,2025-11-20
STORE024,SKU04571,47.9,38,19,2025-11-20
STORE009,SKU04571,19.5,38,19,2025-11-20
STORE017,SKU04571,69.0,38,19,2025-11-20
STORE026,SKU04571,5.2,38,19,2025-11-20
STORE012,SKU04571,22.9,38,19,2025-11-20
STORE007,SKU04571,33.6,38,19,2025-11-20
STORE020,SKU04572,25.0,25,10,2025-11-20
STORE019,SKU04572,75.5,25,10,2025-11-20
STORE001,SKU04572,156.5,25,10,2025-11-20
STORE011,SKU04573,32.9,25,10,2025-11-20
STORE027,SKU04573,37.1,25,10,2025-11-20
STORE011,SKU04574,0.3,25,10,2025-11-20
STORE018,SKU04574,2.6,25,10,2025-11-20
STORE030,SKU04574,1.1,25,10,2025-11-20
STORE012,SKU04574,3.0,25,10,2025-11-20
STORE016,SKU04574,1.2,25,10,2025-11-20
STORE027,SKU04574,2.3,25,10,2025-11-20
STORE019,SKU04574,3.4,25,10,2025-11-20
STORE024,SKU04574,1.8,25,10,2025-11-20
STORE010,SKU04574,1.8,25,10,2025-11-20
STORE001,SKU04574,0.2,25,10,2025-11-20
STORE029,SKU04574,1.2,25,10,2025-11-20
STORE025,SKU04575,34.2,33,16,2025-11-20
STORE009,SKU04575,26.8,33,16,2025-11-20
STORE006,SKU04576,0.0,115,38,2025-10-15
STORE001,SKU04577,78.0,25,10,2025-11-20
STORE027,SKU04578,248.8,25,10,2025-11-20
STORE014,SKU04578,181.2,25,10,2025-11-20
STORE020,SKU04579,45.0,25,10,2025-11-20
STORE014,SKU04580,319.7,25,10,2025-11-20
STORE019,SKU04580,127.3,25,10,2025-11-20
STORE021,SKU04580,67.0,25,10,2025-11-20
STORE002,SKU04580,106.3,25,10,2025-11-20
STORE023,SKU04580,18.6,25,10,2025-11-20
STORE010,SKU04580,102.0,25,10,2025-11-20
STORE012,SKU04580,156.3,25,10,2025-11-20
STORE005,SKU04580,787.5,25,10,2025-11-20
STORE017,SKU04580,95.2,25,10,2025-11-20
STORE020,SKU04580,589.0,25,10,2025-11-20
STORE018,SKU04580,65.8,25,10,2025-11-20
STORE030,SKU04580,53.6,25,10,2025-11-20
STORE001,SKU04580,185.2,25,10,2025-11-20
STORE013,SKU04580,282.5,25,10,2025-11-20
STORE003,SKU04580,11.5,25,10,2025-11-20
STORE024,SKU04580,63.2,25,10,2025-11-20
STORE028,SKU04580,153.9,25,10,2025-11-20
STORE007,SKU04580,101.7,25,10,2025-11-20
STORE006,SKU04580,315.6,25,10,2025-11-20
STORE022,SKU04580,181.1,25,10,2025-11-20
STORE008,SKU04580,44.2,25,10,2025-11-20
STORE004,SKU04580,569.1,25,10,2025-11-20
STORE009,SKU04580,87.7,25,10,2025-11-20
STORE025,SKU04580,332.4,25,10,2025-11-20
STORE016,SKU04580,383.1,25,10,2025-11-20
STORE015,SKU04580,835.4,25,10,2025-11-20
STORE011,SKU04580,174.7,25,10,2025-11-20
STORE029,SKU04580,242.1,25,10,2025-11-20
STORE026,SKU04580,103.2,25,10,2025-11-20
STORE013,SKU04581,185.2,25,10,2025-11-20
STORE011,SKU04581,101.7,25,10,2025-11-20
STORE005,SKU04581,94.1,25,10,2025-11-20
STORE015,SKU04582,159.7,25,10,2025-11-20
STORE014,SKU04582,4.3,25,10,2025-11-20
STORE003,SKU04583,133.6,25,10,2025-11-20
STORE030,SKU04583,119.4,25,10,2025-11-20
STORE008,SKU04584,43.0,25,10,2025-11-20
STORE014,SKU04584,41.1,25,10,2025-11-20
STORE022,SKU04584,27.4,25,10,2025-11-20
STORE018,SKU04584,313.6,25,10,2025-11-20
STORE003,SKU04585,5.1,25,10,2025-11-20
STORE010,SKU04585,38.9,25,10,2025-11-20
STORE019,SKU04585,49.9,25,10,2025-11-20
STORE029,SKU04586,111.2,25,10,2025-11-20
STORE018,SKU04586,61.8,25,10,2025-11-20
STORE002,SKU04587,30.3,25,10,2025-11-20
STORE005,SKU04587,3.7,25,10,2025-11-20
STORE012,SKU04588,158.0,25,10,2025-11-20
STORE008,SKU04589,14.9,25,10,2025-11-20
STORE021,SKU04589,212.8,25,10,2025-11-20
STORE001,SKU04589,138.3,25,10,2025-11-20
STORE017,SKU04590,0.0,70,28,2025-10-15
STORE016,SKU04591,550.8,25,10,2025-11-20
STORE024,SKU04591,410.6,25,10,2025-11-20
STORE013,SKU04591,275.0,25,10,2025-11-20
STORE020,SKU04591,63.2,25,10,2025-11-20
STORE027,SKU04591,155.5,25,10,2025-11-20
STORE006,SKU04591,57.2,25,10,2025-11-20
STORE021,SKU04591,501.7,25,10,2025-11-20
STORE026,SKU04591,67.9,25,10,2025-11-20
STORE028,SKU04591,470.8,25,10,2025-11-20
STORE010,SKU04591,458.1,25,10,2025-11-20
STORE009,SKU04591,239.0,25,10,2025-11-20
STORE029,SKU04591,56.5,25,10,2025-11-20
STORE015,SKU04591,147.0,25,10,2025-11-20
STORE030,SKU04591,150.0,25,10,2025-11-20
STORE025,SKU04591,468.5,25,10,2025-11-20
STORE017,SKU04591,46.9,25,10,2025-11-20
STORE022,SKU04591,686.7,25,10,2025-11-20
STORE014,SKU04591,556.4,25,10,2025-11-20
STORE001,SKU04591,80.1,25,10,2025-11-20
STORE023,SKU04591,493.7,25,10,2025-11-20
STORE005,SKU04591,429.2,25,10,2025-11-20
STORE003,SKU04591,536.0,25,10,2025-11-20
STORE004,SKU04591,81.4,25,10,2025-11-20
STORE018,SKU04591,66.7,25,10,2025-11-20
STORE005,SKU04592,44.3,25,10,2025-11-20
STORE029,SKU04592,74.7,25,10,2025-11-20
STORE009,SKU04592,259.0,25,10,2025-11-20
STORE006,SKU04593,153.7,25,10,2025-11-20
STORE007,SKU04593,298.0,25,10,2025-11-20
STORE010,SKU04593,6.9,25,10,2025-11-20
STORE017,SKU04593,1.3,25,10,2025-11-20
STORE001,SKU04594,0.0,76,44,2025-10-15
STORE009,SKU04595,131.0,25,10,2025-11-20
STORE003,SKU04596,2.5,247,123,2025-11-20
STORE015,SKU04596,3.1,247,123,2025-11-20
STORE023,SKU04596,6.0,247,123,2025-11-20
STORE005,SKU04596,0.8,247,123,2025-11-20
STORE010,SKU04596,7.8,247,123,2025-11-20
STORE004,SKU04596,3.0,247,123,2025-11-20
STORE024,SKU04596,7.6,247,123,2025-11-20
STORE011,SKU04596,13.7,247,123,2025-11-20
STORE028,SKU04596,1.4,247,123,2025-11-20
STORE008,SKU04596,20.3,247,123,2025-11-20
STORE013,SKU04596,5.8,247,123,2025-11-20
STORE020,SKU04597,405.2,25,10,2025-11-20
STORE004,SKU04597,36.8,25,10,2025-11-20
STORE011,SKU04598,100.2,25,10,2025-11-20
STORE018,SKU04598,55.8,25,10,2025-11-20
STORE011,SKU04599,0.0,89,30,2025-10-15
STORE010,SKU04600,0.0,114,47,2025-10-15
STORE030,SKU04601,92.6,25,10,2025-11-20
STORE001,SKU04601,58.0,25,10,2025-11-20
STORE013,SKU04601,42.5,25,10,2025-11-20
STORE006,SKU04601,152.0,25,10,2025-11-20
STORE027,SKU04602,237.4,25,10,2025-11-20
STORE016,SKU04602,124.6,25,10,2025-11-20
STORE019,SKU04603,31.8,25,10,2025-11-20
STORE026,SKU04603,33.2,25,10,2025-11-20
STORE013,SKU04604,33.4,25,10,2025-11-20
STORE001,SKU04604,38.5,25,10,2025-11-20
STORE006,SKU04604,185.1,25,10,2025-11-20
STORE009,SKU04604,76.1,25,10,2025-11-20
STORE006,SKU04605,21.3,25,10,2025-11-20
STORE012,SKU04605,43.3,25,10,2025-11-20
STORE015,SKU04605,674.3,25,10,2025-11-20
STORE002,SKU04605,235.5,25,10,2025-11-20
STORE008,SKU04605,447.9,25,10,2025-11-20
STORE025,SKU04605,65.8,25,10,2025-11-20
STORE007,SKU04605,246.0,25,10,2025-11-20
STORE026,SKU04605,227.4,25,10,2025-11-20
STORE022,SKU04605,63.4,25,10,2025-11-20
STORE005,SKU04605,145.4,25,10,2025-11-20
STORE020,SKU04605,179.3,25,10,2025-11-20
STORE011,SKU04605,119.2,25,10,2025-11-20
STORE010,SKU04605,318.9,25,10,2025-11-20
STORE029,SKU04605,325.0,25,10,2025-11-20
STORE030,SKU04605,345.3,25,10,2025-11-20
STORE028,SKU04605,295.5,25,10,2025-11-20
STORE004,SKU04605,121.6,25,10,2025-11-20
STORE027,SKU04605,87.3,25,10,2025-11-20
STORE016,SKU04605,323.3,25,10,2025-11-20
STORE019,SKU04605,122.4,25,10,2025-11-20
STORE009,SKU04605,51.4,25,10,2025-11-20
STORE003,SKU04605,128.6,25,10,2025-11-20
STORE017,SKU04606,0.0,76,32,2025-10-15
STORE002,SKU04607,26.0,25,10,2025-11-20
STORE009,SKU04607,200.2,25,10,2025-11-20
STORE001,SKU04607,69.7,25,10,2025-11-20
STORE027,SKU04607,51.4,25,10,2025-11-20
STORE005,SKU04607,533.6,25,10,2025-11-20
STORE020,SKU04607,255.3,25,10,2025-11-20
STORE014,SKU04607,263.3,25,10,2025-11-20
STORE013,SKU04607,166.4,25,10,2025-11-20
STORE006,SKU04607,311.0,25,10,2025-11-20
STORE025,SKU04607,242.3,25,10,2025-11-20
STORE021,SKU04607,155.4,25,10,2025-11-20
STORE003,SKU04607,552.7,25,10,2025-11-20
STORE015,SKU04607,36.2,25,10,2025-11-20
STORE022,SKU04607,488.7,25,10,2025-11-20
STORE004,SKU04607,87.4,25,10,2025-11-20
STORE008,SKU04607,127.9,25,10,2025-11-20
STORE026,SKU04607,22.3,25,10,2025-11-20
STORE019,SKU04607,132.2,25,10,2025-11-20
STORE010,SKU04607,160.8,25,10,2025-11-20
STORE005,SKU04608,9.0,47,23,2025-11-20
STORE027,SKU04609,107.7,25,10,2025-11-20
STORE005,SKU04609,98.8,25,10,2025-11-20
STORE001,SKU04609,12.5,25,10,2025-11-20
STORE010,SKU04610,187.9,44,22,2025-11-20
STORE003,SKU04610,24.1,44,22,2025-11-20
STORE014,SKU04611,102.9,25,10,2025-11-20
STORE015,SKU04611,13.1,25,10,2025-11-20
STORE018,SKU04612,218.6,25,10,2025-11-20
STORE025,SKU04612,1048.6,25,10,2025-11-20
STORE006,SKU04612,911.0,25,10,2025-11-20
STORE004,SKU04612,356.9,25,10,2025-11-20
STORE012,SKU04612,495.7,25,10,2025-11-20
STORE022,SKU04612,60.2,25,10,2025-11-20
STORE008,SKU04612,396.5,25,10,2025-11-20
STORE019,SKU04612,298.4,25,10,2025-11-20
STORE028,SKU04612,29.8,25,10,2025-11-20
STORE013,SKU04612,37.2,25,10,2025-11-20
STORE021,SKU04612,35.6,25,10,2025-11-20
STORE007,SKU04612,399.6,25,10,2025-11-20
STORE016,SKU04612,47.4,25,10,2025-11-20
STORE001,SKU04612,195.5,25,10,2025-11-20
STORE020,SKU04612,136.9,25,10,2025-11-20
STORE027,SKU04612,247.9,25,10,2025-11-20
STORE003,SKU04612,380.1,25,10,2025-11-20
STORE029,SKU04612,357.9,25,10,2025-11-20
STORE017,SKU04612,224.7,25,10,2025-11-20
STORE015,SKU04612,193.6,25,10,2025-11-20
STORE004,SKU04613,40.0,25,10,2025-11-20
STORE027,SKU04613,156.2,25,10,2025-11-20
STORE008,SKU04613,31.7,25,10,2025-11-20
STORE019,SKU04613,23.7,25,10,2025-11-20
STORE006,SKU04613,107.3,25,10,2025-11-20
STORE017,SKU04614,39.9,25,10,2025-11-20
STORE002,SKU04614,168.0,25,10,2025-11-20
STORE010,SKU04614,35.6,25,10,2025-11-20
STORE018,SKU04614,108.4,25,10,2025-11-20
STORE025,SKU04614,4.1,25,10,2025-11-20
STORE027,SKU04615,11.7,25,10,2025-11-20
STORE012,SKU04615,10.1,25,10,2025-11-20
STORE001,SKU04615,40.6,25,10,2025-11-20
STORE006,SKU04615,81.7,25,10,2025-11-20
STORE005,SKU04616,33.5,25,10,2025-11-20
STORE002,SKU04616,94.4,25,10,2025-11-20
STORE014,SKU04616,65.2,25,10,2025-11-20
STORE004,SKU04617,47.8,25,10,2025-11-20
STORE022,SKU04617,23.2,25,10,2025-11-20
STORE019,SKU04618,62.0,45,22,2025-11-20
STORE002,SKU04619,0.0,89,23,2025-10-15
STORE008,SKU04620,17.0,25,10,2025-11-20
STORE021,SKU04621,0.0,70,27,2025-10-15
STORE012,SKU04622,0.0,83,39,2025-10-15
STORE016,SKU04623,200.0,34,17,2025-11-20
STORE020,SKU04624,0.0,70,35,2025-10-15
STORE020,SKU04625,4.7,25,10,2025-11-20
STORE002,SKU04625,81.3,25,10,2025-11-20
STORE001,SKU04626,48.8,25,10,2025-11-20
STORE002,SKU04626,49.9,25,10,2025-11-20
STORE021,SKU04626,30.7,25,10,2025-11-20
STORE030,SKU04626,76.7,25,10,2025-11-20
STORE006,SKU04626,31.5,25,10,2025-11-20
STORE023,SKU04626,0.2,25,10,2025-11-20
STORE019,SKU04626,6.5,25,10,2025-11-20
STORE028,SKU04626,0.6,25,10,2025-11-20
STORE011,SKU04626,1.9,25,10,2025-11-20
STORE014,SKU04626,4.7,25,10,2025-11-20
STORE004,SKU04626,13.4,25,10,2025-11-20
STORE013,SKU04626,36.0,25,10,2025-11-20
STORE005,SKU04626,37.9,25,10,2025-11-20
STORE006,SKU04627,0.0,113,36,2025-10-15
STORE027,SKU04627,0.0,83,31,2025-10-15
STORE011,SKU04627,0.0,88,39,2025-10-15
STORE013,SKU04627,0.0,96,20,2025-10-15
STORE023,SKU04627,0.0,101,34,2025-10-15
STORE026,SKU04627,0.0,78,39,2025-10-15
STORE022,SKU04627,0.0,57,27,2025-10-15
STORE009,SKU04627,0.0,109,29,2025-10-15
STORE016,SKU04627,0.0,96,44,2025-10-15
STORE003,SKU04627,0.0,86,43,2025-10-15
STORE005,SKU04628,71.1,25,10,2025-11-20
STORE024,SKU04628,195.5,25,10,2025-11-20
STORE008,SKU04628,51.5,25,10,2025-11-20
STORE003,SKU04629,127.0,29,14,2025-11-20
STORE013,SKU04629,35.0,29,14,2025-11-20
STORE021,SKU04630,7.0,25,10,2025-11-20
STORE021,SKU04631,0.0,93,34,2025-10-15
STORE030,SKU04632,35.9,25,10,2025-11-20
STORE026,SKU04632,7.1,25,10,2025-11-20
STORE018,SKU04633,0.0,122,45,2025-10-15
STORE025,SKU04633,0.0,92,23,2025-10-15
STORE003,SKU04633,0.0,107,29,2025-10-15
STORE010,SKU04633,0.0,73,31,2025-10-15
STORE011,SKU04633,0.0,110,41,2025-10-15
STORE013,SKU04633,0.0,78,42,2025-10-15
STORE027,SKU04633,0.0,84,49,2025-10-15
STORE015,SKU04633,0.0,99,41,2025-10-15
STORE024,SKU04633,0.0,92,35,2025-10-15
STORE008,SKU04633,0.0,108,33,2025-10-15
STORE023,SKU04633,0.0,84,33,2025-10-15
STORE001,SKU04633,0.0,73,21,2025-10-15
STORE006,SKU04634,35.0,29,14,2025-11-20
STORE022,SKU04635,23.6,25,10,2025-11-20
STORE016,SKU04635,64.4,25,10,2025-11-20
STORE021,SKU04636,90.0,25,10,2025-11-20
STORE029,SKU04637,1.3,25,10,2025-11-20
STORE025,SKU04637,113.7,25,10,2025-11-20
STORE014,SKU04638,1.8,25,10,2025-11-20
STORE003,SKU04638,203.2,25,10,2025-11-20
STORE005,SKU04639,61.0,29,14,2025-11-20
STORE001,SKU04640,60.0,25,10,2025-11-20
STORE026,SKU04641,17.7,25,10,2025-11-20
STORE019,SKU04641,274.9,25,10,2025-11-20
STORE006,SKU04641,119.2,25,10,2025-11-20
STORE018,SKU04641,48.9,25,10,2025-11-20
STORE003,SKU04641,503.8,25,10,2025-11-20
STORE023,SKU04641,83.6,25,10,2025-11-20
STORE021,SKU04641,86.3,25,10,2025-11-20
STORE011,SKU04641,109.7,25,10,2025-11-20
STORE016,SKU04641,301.3,25,10,2025-11-20
STORE027,SKU04641,367.5,25,10,2025-11-20
STORE002,SKU04641,6.1,25,10,2025-11-20
STORE014,SKU04641,94.4,25,10,2025-11-20
STORE030,SKU04641,192.2,25,10,2025-11-20
STORE020,SKU04641,137.6,25,10,2025-11-20
STORE005,SKU04641,735.0,25,10,2025-11-20
STORE024,SKU04641,528.4,25,10,2025-11-20
STORE004,SKU04641,335.2,25,10,2025-11-20
STORE017,SKU04641,140.7,25,10,2025-11-20
STORE025,SKU04641,411.3,25,10,2025-11-20
STORE013,SKU04641,632.7,25,10,2025-11-20
STORE007,SKU04641,308.0,25,10,2025-11-20
STORE008,SKU04641,523.3,25,10,2025-11-20
STORE009,SKU04641,471.5,25,10,2025-11-20
STORE001,SKU04641,289.1,25,10,2025-11-20
STORE029,SKU04641,127.6,25,10,2025-11-20
STORE028,SKU04641,467.0,25,10,2025-11-20
STORE022,SKU04641,79.0,25,10,2025-11-20
STORE007,SKU04642,171.2,25,10,2025-11-20
STORE011,SKU04642,184.8,25,10,2025-11-20
STORE008,SKU04643,326.3,25,10,2025-11-20
STORE005,SKU04643,121.0,25,10,2025-11-20
STORE029,SKU04643,40.4,25,10,2025-11-20
STORE007,SKU04643,19.9,25,10,2025-11-20
STORE022,SKU04643,257.0,25,10,2025-11-20
STORE016,SKU04643,410.8,25,10,2025-11-20
STORE004,SKU04643,198.9,25,10,2025-11-20
STORE018,SKU04643,29.4,25,10,2025-11-20
STORE012,SKU04643,516.3,25,10,2025-11-20
STORE019,SKU04643,854.1,25,10,2025-11-20
STORE028,SKU04643,107.4,25,10,2025-11-20
STORE003,SKU04643,170.7,25,10,2025-11-20
STORE020,SKU04643,283.8,25,10,2025-11-20
STORE013,SKU04643,252.0,25,10,2025-11-20
STORE010,SKU04643,649.3,25,10,2025-11-20
STORE011,SKU04643,23.1,25,10,2025-11-20
STORE009,SKU04643,164.3,25,10,2025-11-20
STORE006,SKU04643,222.5,25,10,2025-11-20
STORE027,SKU04643,417.3,25,10,2025-11-20
STORE024,SKU04643,391.7,25,10,2025-11-20
STORE030,SKU04643,721.3,25,10,2025-11-20
STORE002,SKU04643,135.6,25,10,2025-11-20
STORE014,SKU04643,335.7,25,10,2025-11-20
STORE021,SKU04643,105.3,25,10,2025-11-20
STORE025,SKU04643,103.7,25,10,2025-11-20
STORE023,SKU04643,55.2,25,10,2025-11-20
STORE010,SKU04644,110.0,25,10,2025-11-20
STORE007,SKU04645,312.0,25,10,2025-11-20
STORE001,SKU04645,21.7,25,10,2025-11-20
STORE002,SKU04645,4.2,25,10,2025-11-20
STORE001,SKU04646,1.3,25,10,2025-11-20
STORE024,SKU04646,0.8,25,10,2025-11-20
STORE008,SKU04646,2.5,25,10,2025-11-20
STORE015,SKU04646,0.2,25,10,2025-11-20
STORE011,SKU04646,0.1,25,10,2025-11-20
STORE025,SKU04646,0.5,25,10,2025-11-20
STORE028,SKU04646,0.1,25,10,2025-11-20
STORE019,SKU04646,0.2,25,10,2025-11-20
STORE018,SKU04646,0.1,25,10,2025-11-20
STORE023,SKU04646,0.2,25,10,2025-11-20
STORE030,SKU04647,0.0,81,42,2025-10-15
STORE028,SKU04648,3.6,25,10,2025-11-20
STORE008,SKU04648,99.4,25,10,2025-11-20
STORE023,SKU04649,10.0,27,12,2025-11-20
STORE023,SKU04650,63.3,25,10,2025-11-20
STORE003,SKU04650,246.7,25,10,2025-11-20
STORE007,SKU04651,53.0,38,19,2025-11-20
STORE005,SKU04652,143.3,25,10,2025-11-20
STORE009,SKU04652,182.1,25,10,2025-11-20
STORE014,SKU04652,262.8,25,10,2025-11-20
STORE012,SKU04652,312.8,25,10,2025-11-20
STORE020,SKU04652,153.2,25,10,2025-11-20
STORE022,SKU04652,328.7,25,10,2025-11-20
STORE021,SKU04652,114.1,25,10,2025-11-20
STORE017,SKU04652,48.4,25,10,2025-11-20
STORE013,SKU04652,315.8,25,10,2025-11-20
STORE025,SKU04652,116.1,25,10,2025-11-20
STORE026,SKU04652,352.3,25,10,2025-11-20
STORE007,SKU04652,6.1,25,10,2025-11-20
STORE030,SKU04652,75.4,25,10,2025-11-20
STORE016,SKU04652,439.7,25,10,2025-11-20
STORE029,SKU04652,42.8,25,10,2025-11-20
STORE002,SKU04652,422.8,25,10,2025-11-20
STORE008,SKU04652,458.2,25,10,2025-11-20
STORE011,SKU04652,318.4,25,10,2025-11-20
STORE023,SKU04652,123.5,25,10,2025-11-20
STORE004,SKU04652,155.0,25,10,2025-11-20
STORE028,SKU04652,303.4,25,10,2025-11-20
STORE019,SKU04652,222.7,25,10,2025-11-20
STORE006,SKU04652,148.1,25,10,2025-11-20
STORE018,SKU04652,600.4,25,10,2025-11-20
STORE001,SKU04652,172.3,25,10,2025-11-20
STORE003,SKU04652,552.2,25,10,2025-11-20
STORE015,SKU04652,8.8,25,10,2025-11-20
STORE027,SKU04652,22.3,25,10,2025-11-20
STORE010,SKU04652,89.4,25,10,2025-11-20
STORE002,SKU04653,138.3,25,10,2025-11-20
STORE004,SKU04653,434.5,25,10,2025-11-20
STORE029,SKU04653,49.8,25,10,2025-11-20
STORE025,SKU04653,1062.6,25,10,2025-11-20
STORE009,SKU04653,107.7,25,10,2025-11-20
STORE022,SKU04653,159.4,25,10,2025-11-20
STORE001,SKU04653,91.4,25,10,2025-11-20
STORE013,SKU04653,246.5,25,10,2025-11-20
STORE012,SKU04653,17.2,25,10,2025-11-20
STORE006,SKU04653,46.1,25,10,2025-11-20
STORE014,SKU04653,389.8,25,10,2025-11-20
STORE023,SKU04653,58.7,25,10,2025-11-20
STORE010,SKU04653,76.4,25,10,2025-11-20
STORE021,SKU04653,448.2,25,10,2025-11-20
STORE020,SKU04653,27.9,25,10,2025-11-20
STORE008,SKU04653,163.7,25,10,2025-11-20
STORE016,SKU04653,6.6,25,10,2025-11-20
STORE019,SKU04653,121.2,25,10,2025-11-20
STORE028,SKU04653,341.7,25,10,2025-11-20
STORE017,SKU04653,26.9,25,10,2025-11-20
STORE030,SKU04653,623.9,25,10,2025-11-20
STORE003,SKU04653,683.7,25,10,2025-11-20
STORE015,SKU04653,31.6,25,10,2025-11-20
STORE006,SKU04654,1117.5,25,10,2025-11-20
STORE009,SKU04654,84.3,25,10,2025-11-20
STORE011,SKU04654,21.0,25,10,2025-11-20
STORE012,SKU04654,1.2,25,10,2025-11-20
STORE008,SKU04654,125.4,25,10,2025-11-20
STORE026,SKU04654,237.2,25,10,2025-11-20
STORE016,SKU04654,96.4,25,10,2025-11-20
STORE027,SKU04654,432.6,25,10,2025-11-20
STORE022,SKU04654,301.0,25,10,2025-11-20
STORE013,SKU04654,102.9,25,10,2025-11-20
STORE028,SKU04654,316.4,25,10,2025-11-20
STORE021,SKU04654,673.6,25,10,2025-11-20
STORE024,SKU04654,23.3,25,10,2025-11-20
STORE014,SKU04654,87.2,25,10,2025-11-20
STORE029,SKU04654,148.6,25,10,2025-11-20
STORE018,SKU04654,164.5,25,10,2025-11-20
STORE025,SKU04654,186.5,25,10,2025-11-20
STORE015,SKU04654,85.4,25,10,2025-11-20
STORE005,SKU04654,262.7,25,10,2025-11-20
STORE010,SKU04654,247.3,25,10,2025-11-20
STORE007,SKU04654,205.9,25,10,2025-11-20
STORE003,SKU04654,28.8,25,10,2025-11-20
STORE019,SKU04654,154.7,25,10,2025-11-20
STORE017,SKU04654,105.1,25,10,2025-11-20
STORE023,SKU04654,161.2,25,10,2025-11-20
STORE020,SKU04654,608.6,25,10,2025-11-20
STORE030,SKU04654,156.4,25,10,2025-11-20
STORE001,SKU04654,3.4,25,10,2025-11-20
STORE004,SKU04654,137.9,25,10,2025-11-20
STORE010,SKU04655,0.0,103,33,2025-10-15
STORE005,SKU04656,0.0,60,30,2025-10-15
STORE014,SKU04657,106.8,25,10,2025-11-20
STORE019,SKU04657,94.2,25,10,2025-11-20
STORE005,SKU04658,0.0,94,38,2025-10-15
STORE011,SKU04659,167.0,25,10,2025-11-20
STORE013,SKU04660,42.0,27,12,2025-11-20
STORE018,SKU04661,262.0,25,10,2025-11-20
STORE030,SKU04662,26.0,46,23,2025-11-20
STORE011,SKU04663,0.0,117,38,2025-10-15
STORE028,SKU04663,0.0,72,26,2025-10-15
STORE004,SKU04663,0.0,88,41,2025-10-15
STORE005,SKU04663,0.0,85,47,2025-10-15
STORE022,SKU04663,0.0,60,22,2025-10-15
STORE002,SKU04663,0.0,75,38,2025-10-15
STORE014,SKU04663,0.0,86,29,2025-10-15
STORE027,SKU04663,0.0,127,47,2025-10-15
STORE015,SKU04663,0.0,94,41,2025-10-15
STORE024,SKU04663,0.0,78,48,2025-10-15
STORE016,SKU04663,0.0,64,25,2025-10-15
STORE006,SKU04663,0.0,87,45,2025-10-15
STORE008,SKU04663,0.0,90,29,2025-10-15
STORE030,SKU04663,0.0,99,34,2025-10-15
STORE001,SKU04663,0.0,121,47,2025-10-15
STORE010,SKU04663,0.0,123,49,2025-10-15
STORE018,SKU04663,0.0,117,41,2025-10-15
STORE023,SKU04664,198.8,25,10,2025-11-20
STORE001,SKU04664,22.9,25,10,2025-11-20
STORE010,SKU04664,26.3,25,10,2025-11-20
STORE030,SKU04665,170.5,25,10,2025-11-20
STORE012,SKU04665,110.4,25,10,2025-11-20
STORE016,SKU04665,422.7,25,10,2025-11-20
STORE024,SKU04665,172.2,25,10,2025-11-20
STORE019,SKU04665,1320.8,25,10,2025-11-20
STORE015,SKU04665,154.0,25,10,2025-11-20
STORE005,SKU04665,17.8,25,10,2025-11-20
STORE029,SKU04665,289.3,25,10,2025-11-20
STORE004,SKU04665,12.0,25,10,2025-11-20
STORE017,SKU04665,72.7,25,10,2025-11-20
STORE010,SKU04665,110.1,25,10,2025-11-20
STORE002,SKU04665,339.2,25,10,2025-11-20
STORE025,SKU04665,171.9,25,10,2025-11-20
STORE001,SKU04665,7.3,25,10,2025-11-20
STORE007,SKU04665,241.9,25,10,2025-11-20
STORE022,SKU04665,133.7,25,10,2025-11-20
STORE011,SKU04665,642.7,25,10,2025-11-20
STORE020,SKU04665,174.5,25,10,2025-11-20
STORE009,SKU04665,311.2,25,10,2025-11-20
STORE003,SKU04665,62.3,25,10,2025-11-20
STORE026,SKU04665,360.9,25,10,2025-11-20
STORE027,SKU04665,321.8,25,10,2025-11-20
STORE008,SKU04665,591.1,25,10,2025-11-20
STORE023,SKU04665,8.7,25,10,2025-11-20
STORE006,SKU04665,149.6,25,10,2025-11-20
STORE013,SKU04665,286.6,25,10,2025-11-20
STORE028,SKU04665,25.2,25,10,2025-11-20
STORE007,SKU04666,0.0,105,34,2025-10-15
STORE024,SKU04667,30.0,25,10,2025-11-20
STORE029,SKU04668,211.5,25,10,2025-11-20
STORE005,SKU04668,42.5,25,10,2025-11-20
STORE023,SKU04669,27.0,25,10,2025-11-20
STORE002,SKU04670,120.0,25,10,2025-11-20
STORE030,SKU04671,181.9,25,10,2025-11-20
STORE019,SKU04671,125.1,25,10,2025-11-20
STORE023,SKU04672,10.7,25,10,2025-11-20
STORE009,SKU04672,54.3,25,10,2025-11-20
STORE011,SKU04673,16.6,25,10,2025-11-20
STORE003,SKU04673,270.4,25,10,2025-11-20
STORE023,SKU04674,110.0,25,10,2025-11-20
STORE030,SKU04674,28.0,25,10,2025-11-20
STORE013,SKU04674,217.0,25,10,2025-11-20
STORE016,SKU04675,50.2,25,10,2025-11-20
STORE013,SKU04675,150.7,25,10,2025-11-20
STORE025,SKU04675,44.1,25,10,2025-11-20
STORE024,SKU04676,86.8,25,10,2025-11-20
STORE015,SKU04676,46.2,25,10,2025-11-20
STORE001,SKU04677,293.0,108,54,2025-11-20
STORE013,SKU04678,219.5,25,10,2025-11-20
STORE007,SKU04678,44.5,25,10,2025-11-20
STORE014,SKU04679,211.7,25,10,2025-11-20
STORE021,SKU04679,74.4,25,10,2025-11-20
STORE008,SKU04679,8.9,25,10,2025-11-20
STORE022,SKU04679,94.9,25,10,2025-11-20
STORE005,SKU04679,306.5,25,10,2025-11-20
STORE017,SKU04679,261.9,25,10,2025-11-20
STORE030,SKU04679,277.6,25,10,2025-11-20
STORE007,SKU04679,113.5,25,10,2025-11-20
STORE001,SKU04679,460.8,25,10,2025-11-20
STORE004,SKU04679,485.8,25,10,2025-11-20
STORE003,SKU04679,176.7,25,10,2025-11-20
STORE026,SKU04679,849.3,25,10,2025-11-20
STORE019,SKU04679,411.8,25,10,2025-11-20
STORE027,SKU04679,497.8,25,10,2025-11-20
STORE002,SKU04679,129.5,25,10,2025-11-20
STORE015,SKU04679,0.2,25,10,2025-11-20
STORE012,SKU04679,799.6,25,10,2025-11-20
STORE011,SKU04679,689.1,25,10,2025-11-20
STORE009,SKU04679,52.4,25,10,2025-11-20
STORE018,SKU04679,186.8,25,10,2025-11-20
STORE024,SKU04679,431.7,25,10,2025-11-20
STORE013,SKU04679,421.0,25,10,2025-11-20
STORE020,SKU04679,784.9,25,10,2025-11-20
STORE029,SKU04679,60.3,25,10,2025-11-20
STORE028,SKU04679,224.1,25,10,2025-11-20
STORE010,SKU04679,40.8,25,10,2025-11-20
STORE016,SKU04679,196.8,25,10,2025-11-20
STORE025,SKU04679,6.1,25,10,2025-11-20
STORE025,SKU04680,38.5,25,10,2025-11-20
STORE007,SKU04680,12.6,25,10,2025-11-20
STORE014,SKU04680,31.9,25,10,2025-11-20
STORE028,SKU04681,26.3,25,10,2025-11-20
STORE015,SKU04681,109.7,25,10,2025-11-20
STORE022,SKU04682,9.7,25,10,2025-11-20
STORE019,SKU04682,15.8,25,10,2025-11-20
STORE013,SKU04682,52.5,25,10,2025-11-20
STORE001,SKU04683,145.1,25,10,2025-11-20
STORE026,SKU04683,68.0,25,10,2025-11-20
STORE017,SKU04683,19.9,25,10,2025-11-20
STORE006,SKU04684,8.2,25,10,2025-11-20
STORE023,SKU04684,141.3,25,10,2025-11-20
STORE018,SKU04684,58.3,25,10,2025-11-20
STORE020,SKU04684,128.2,25,10,2025-11-20
STORE013,SKU04685,128.7,25,10,2025-11-20
STORE016,SKU04685,16.3,25,10,2025-11-20
STORE024,SKU04686,93.0,25,10,2025-11-20
STORE024,SKU04687,0.0,75,40,2025-10-15
STORE023,SKU04688,181.8,25,10,2025-11-20
STORE007,SKU04688,164.9,25,10,2025-11-20
STORE013,SKU04688,61.3,25,10,2025-11-20
STORE001,SKU04689,0.0,98,47,2025-10-15
STORE021,SKU04690,27.8,25,10,2025-11-20
STORE022,SKU04690,4.2,25,10,2025-11-20
STORE009,SKU04690,117.1,25,10,2025-11-20
STORE020,SKU04690,3.2,25,10,2025-11-20
STORE010,SKU04690,90.1,25,10,2025-11-20
STORE014,SKU04690,187.4,25,10,2025-11-20
STORE027,SKU04690,44.6,25,10,2025-11-20
STORE005,SKU04690,37.9,25,10,2025-11-20
STORE001,SKU04690,781.3,25,10,2025-11-20
STORE018,SKU04690,303.4,25,10,2025-11-20
STORE012,SKU04690,938.9,25,10,2025-11-20
STORE025,SKU04690,146.2,25,10,2025-11-20
STORE028,SKU04690,389.5,25,10,2025-11-20
STORE002,SKU04690,78.9,25,10,2025-11-20
STORE004,SKU04690,331.9,25,10,2025-11-20
STORE019,SKU04690,47.8,25,10,2025-11-20
STORE016,SKU04690,0.7,25,10,2025-11-20
STORE003,SKU04690,923.9,25,10,2025-11-20
STORE023,SKU04690,278.9,25,10,2025-11-20
STORE026,SKU04690,901.5,25,10,2025-11-20
STORE006,SKU04690,140.0,25,10,2025-11-20
STORE017,SKU04690,136.9,25,10,2025-11-20
STORE015,SKU04690,176.4,25,10,2025-11-20
STORE013,SKU04690,421.9,25,10,2025-11-20
STORE029,SKU04690,287.5,25,10,2025-11-20
STORE011,SKU04690,894.1,25,10,2025-11-20
STORE024,SKU04690,8.9,25,10,2025-11-20
STORE008,SKU04690,424.4,25,10,2025-11-20
STORE030,SKU04690,138.2,25,10,2025-11-20
STORE007,SKU04690,68.5,25,10,2025-11-20
STORE013,SKU04691,0.0,83,23,2025-10-15
STORE012,SKU04692,30.7,25,10,2025-11-20
STORE026,SKU04692,30.3,25,10,2025-11-20
STORE029,SKU04693,36.5,25,10,2025-11-20
STORE017,SKU04693,55.9,25,10,2025-11-20
STORE023,SKU04693,130.0,25,10,2025-11-20
STORE028,SKU04693,130.3,25,10,2025-11-20
STORE027,SKU04693,94.7,25,10,2025-11-20
STORE021,SKU04693,39.8,25,10,2025-11-20
STORE002,SKU04693,1.1,25,10,2025-11-20
STORE018,SKU04693,870.9,25,10,2025-11-20
STORE024,SKU04693,712.1,25,10,2025-11-20
STORE007,SKU04693,163.8,25,10,2025-11-20
STORE030,SKU04693,1315.5,25,10,2025-11-20
STORE020,SKU04693,277.5,25,10,2025-11-20
STORE022,SKU04693,17.7,25,10,2025-11-20
STORE010,SKU04693,31.0,25,10,2025-11-20
STORE009,SKU04693,614.1,25,10,2025-11-20
STORE011,SKU04693,246.4,25,10,2025-11-20
STORE026,SKU04693,459.1,25,10,2025-11-20
STORE001,SKU04693,566.3,25,10,2025-11-20
STORE005,SKU04693,147.2,25,10,2025-11-20
STORE013,SKU04693,12.3,25,10,2025-11-20
STORE012,SKU04693,51.7,25,10,2025-11-20
STORE008,SKU04694,27.3,25,10,2025-11-20
STORE003,SKU04694,82.7,25,10,2025-11-20
STORE012,SKU04695,96.9,25,10,2025-11-20
STORE013,SKU04695,23.1,25,10,2025-11-20
STORE013,SKU04696,0.0,110,48,2025-10-15
STORE011,SKU04697,0.0,95,22,2025-10-15
STORE007,SKU04698,32.5,25,10,2025-11-20
STORE027,SKU04698,105.1,25,10,2025-11-20
STORE011,SKU04698,74.1,25,10,2025-11-20
STORE030,SKU04698,112.3,25,10,2025-11-20
STORE017,SKU04698,99.9,25,10,2025-11-20
STORE021,SKU04698,184.2,25,10,2025-11-20
STORE021,SKU04699,231.4,25,10,2025-11-20
STORE004,SKU04699,9.5,25,10,2025-11-20
STORE009,SKU04699,8.7,25,10,2025-11-20
STORE017,SKU04699,160.2,25,10,2025-11-20
STORE007,SKU04699,59.0,25,10,2025-11-20
STORE016,SKU04700,40.3,25,10,2025-11-20
STORE010,SKU04700,6.7,25,10,2025-11-20
STORE015,SKU04701,77.3,25,10,2025-11-20
STORE011,SKU04701,112.7,25,10,2025-11-20
STORE012,SKU04702,152.4,28,13,2025-11-20
STORE017,SKU04702,16.9,28,13,2025-11-20
STORE002,SKU04702,340.7,28,13,2025-11-20
STORE007,SKU04703,45.3,25,10,2025-11-20
STORE002,SKU04703,40.1,25,10,2025-11-20
STORE020,SKU04703,1.1,25,10,2025-11-20
STORE021,SKU04703,46.2,25,10,2025-11-20
STORE001,SKU04703,4.3,25,10,2025-11-20
STORE004,SKU04704,62.2,25,10,2025-11-20
STORE030,SKU04704,212.8,25,10,2025-11-20
STORE013,SKU04705,15.5,27,12,2025-11-20
STORE017,SKU04705,54.5,27,12,2025-11-20
STORE030,SKU04706,227.9,25,10,2025-11-20
STORE011,SKU04706,27.8,25,10,2025-11-20
STORE013,SKU04706,259.7,25,10,2025-11-20
STORE010,SKU04706,626.9,25,10,2025-11-20
STORE015,SKU04706,42.7,25,10,2025-11-20
STORE004,SKU04706,221.2,25,10,2025-11-20
STORE016,SKU04706,101.8,25,10,2025-11-20
STORE026,SKU04706,149.8,25,10,2025-11-20
STORE018,SKU04706,82.3,25,10,2025-11-20
STORE009,SKU04706,106.4,25,10,2025-11-20
STORE002,SKU04706,7.1,25,10,2025-11-20
STORE003,SKU04706,971.5,25,10,2025-11-20
STORE020,SKU04706,238.5,25,10,2025-11-20
STORE005,SKU04706,169.0,25,10,2025-11-20
STORE023,SKU04706,117.8,25,10,2025-11-20
STORE028,SKU04706,188.6,25,10,2025-11-20
STORE030,SKU04707,37.7,25,10,2025-11-20
STORE022,SKU04707,35.2,25,10,2025-11-20
STORE004,SKU04707,49.1,25,10,2025-11-20
STORE013,SKU04708,126.3,25,10,2025-11-20
STORE029,SKU04708,77.7,25,10,2025-11-20
STORE020,SKU04709,163.0,25,10,2025-11-20
STORE017,SKU04710,52.4,25,10,2025-11-20
STORE023,SKU04710,4.7,25,10,2025-11-20
STORE018,SKU04710,0.9,25,10,2025-11-20
STORE021,SKU04710,8.0,25,10,2025-11-20
STORE029,SKU04710,110.4,25,10,2025-11-20
STORE007,SKU04710,50.0,25,10,2025-11-20
STORE016,SKU04710,25.7,25,10,2025-11-20
STORE026,SKU04710,75.0,25,10,2025-11-20
STORE004,SKU04710,16.7,25,10,2025-11-20
STORE014,SKU04710,115.9,25,10,2025-11-20
STORE003,SKU04710,10.0,25,10,2025-11-20
STORE022,SKU04710,7.8,25,10,2025-11-20
STORE012,SKU04710,28.8,25,10,2025-11-20
STORE030,SKU04710,13.5,25,10,2025-11-20
STORE013,SKU04710,27.9,25,10,2025-11-20
STORE025,SKU04710,10.3,25,10,2025-11-20
STORE026,SKU04711,127.6,25,10,2025-11-20
STORE017,SKU04711,42.8,25,10,2025-11-20
STORE014,SKU04711,6.9,25,10,2025-11-20
STORE004,SKU04711,322.6,25,10,2025-11-20
STORE003,SKU04712,111.4,25,10,2025-11-20
STORE019,SKU04712,183.3,25,10,2025-11-20
STORE016,SKU04712,65.4,25,10,2025-11-20
STORE027,SKU04713,87.0,25,10,2025-11-20
STORE013,SKU04713,62.0,25,10,2025-11-20
STORE015,SKU04714,0.0,98,31,2025-10-15
STORE024,SKU04715,25.0,25,10,2025-11-20
STORE023,SKU04716,24.3,25,10,2025-11-20
STORE017,SKU04716,39.7,25,10,2025-11-20
STORE007,SKU04717,700.5,25,10,2025-11-20
STORE022,SKU04717,60.2,25,10,2025-11-20
STORE030,SKU04717,812.6,25,10,2025-11-20
STORE006,SKU04717,234.6,25,10,2025-11-20
STORE014,SKU04717,398.7,25,10,2025-11-20
STORE003,SKU04717,37.0,25,10,2025-11-20
STORE016,SKU04717,99.4,25,10,2025-11-20
STORE002,SKU04717,1009.3,25,10,2025-11-20
STORE011,SKU04717,98.1,25,10,2025-11-20
STORE001,SKU04717,111.5,25,10,2025-11-20
STORE029,SKU04717,69.8,25,10,2025-11-20
STORE018,SKU04717,43.8,25,10,2025-11-20
STORE028,SKU04717,84.2,25,10,2025-11-20
STORE012,SKU04717,326.1,25,10,2025-11-20
STORE019,SKU04717,192.7,25,10,2025-11-20
STORE005,SKU04717,255.9,25,10,2025-11-20
STORE027,SKU04717,41.4,25,10,2025-11-20
STORE020,SKU04717,513.8,25,10,2025-11-20
STORE009,SKU04717,486.2,25,10,2025-11-20
STORE003,SKU04718,6.7,25,10,2025-11-20
STORE019,SKU04718,148.4,25,10,2025-11-20
STORE012,SKU04718,21.9,25,10,2025-11-20
STORE014,SKU04719,129.1,25,10,2025-11-20
STORE011,SKU04719,109.9,25,10,2025-11-20
STORE015,SKU04720,210.6,27,12,2025-11-20
STORE023,SKU04720,24.4,27,12,2025-11-20
STORE005,SKU04721,214.3,25,10,2025-11-20
STORE018,SKU04721,71.7,25,10,2025-11-20
STORE012,SKU04722,78.7,25,10,2025-11-20
STORE008,SKU04722,125.3,25,10,2025-11-20
STORE019,SKU04722,9.3,25,10,2025-11-20
STORE021,SKU04722,212.8,25,10,2025-11-20
STORE019,SKU04723,96.5,25,10,2025-11-20
STORE025,SKU04723,217.4,25,10,2025-11-20
STORE017,SKU04723,39.1,25,10,2025-11-20
STORE006,SKU04724,49.4,25,10,2025-11-20
STORE010,SKU04724,140.6,25,10,2025-11-20
STORE006,SKU04725,0.0,87,32,2025-10-15
STORE022,SKU04726,572.5,25,10,2025-11-20
STORE005,SKU04726,342.2,25,10,2025-11-20
STORE004,SKU04726,380.6,25,10,2025-11-20
STORE015,SKU04726,194.0,25,10,2025-11-20
STORE025,SKU04726,48.0,25,10,2025-11-20
STORE023,SKU04726,257.1,25,10,2025-11-20
STORE016,SKU04726,283.7,25,10,2025-11-20
STORE011,SKU04726,961.2,25,10,2025-11-20
STORE018,SKU04726,177.3,25,10,2025-11-20
STORE002,SKU04726,72.0,25,10,2025-11-20
STORE003,SKU04726,261.8,25,10,2025-11-20
STORE026,SKU04726,882.8,25,10,2025-11-20
STORE030,SKU04726,44.4,25,10,2025-11-20
STORE009,SKU04726,89.7,25,10,2025-11-20
STORE014,SKU04726,177.6,25,10,2025-11-20
STORE007,SKU04726,42.4,25,10,2025-11-20
STORE017,SKU04726,5.1,25,10,2025-11-20
STORE008,SKU04726,93.5,25,10,2025-11-20
STORE010,SKU04726,456.1,25,10,2025-11-20
STORE028,SKU04726,10.1,25,10,2025-11-20
STORE001,SKU04726,127.4,25,10,2025-11-20
STORE019,SKU04726,326.7,25,10,2025-11-20
STORE012,SKU04726,696.3,25,10,2025-11-20
STORE021,SKU04726,962.6,25,10,2025-11-20
STORE026,SKU04727,19.3,25,10,2025-11-20
STORE017,SKU04727,105.7,25,10,2025-11-20
STORE011,SKU04728,6.4,25,10,2025-11-20
STORE007,SKU04728,241.6,25,10,2025-11-20
STORE006,SKU04728,181.5,25,10,2025-11-20
STORE029,SKU04728,50.6,25,10,2025-11-20
STORE027,SKU04729,167.8,25,10,2025-11-20
STORE015,SKU04729,32.9,25,10,2025-11-20
STORE006,SKU04729,486.7,25,10,2025-11-20
STORE016,SKU04729,105.0,25,10,2025-11-20
STORE025,SKU04729,233.2,25,10,2025-11-20
STORE013,SKU04729,41.0,25,10,2025-11-20
STORE014,SKU04729,54.7,25,10,2025-11-20
STORE019,SKU04729,1143.5,25,10,2025-11-20
STORE018,SKU04729,331.6,25,10,2025-11-20
STORE021,SKU04729,775.2,25,10,2025-11-20
STORE008,SKU04729,83.2,25,10,2025-11-20
STORE009,SKU04729,42.6,25,10,2025-11-20
STORE011,SKU04729,165.8,25,10,2025-11-20
STORE003,SKU04729,161.8,25,10,2025-11-20
STORE012,SKU04729,45.6,25,10,2025-11-20
STORE026,SKU04729,313.3,25,10,2025-11-20
STORE030,SKU04729,106.5,25,10,2025-11-20
STORE024,SKU04729,48.9,25,10,2025-11-20
STORE001,SKU04729,95.7,25,10,2025-11-20
STORE017,SKU04729,196.6,25,10,2025-11-20
STORE028,SKU04729,307.4,25,10,2025-11-20
STORE022,SKU04729,155.9,25,10,2025-11-20
STORE010,SKU04729,176.8,25,10,2025-11-20
STORE023,SKU04729,35.5,25,10,2025-11-20
STORE004,SKU04729,583.6,25,10,2025-11-20
STORE029,SKU04729,626.2,25,10,2025-11-20
STORE008,SKU04730,0.0,84,20,2025-10-15
STORE015,SKU04731,100.9,25,10,2025-11-20
STORE027,SKU04731,1.6,25,10,2025-11-20
STORE007,SKU04731,67.6,25,10,2025-11-20
STORE030,SKU04731,87.0,25,10,2025-11-20
STORE001,SKU04731,458.9,25,10,2025-11-20
STORE018,SKU04732,176.8,25,10,2025-11-20
STORE030,SKU04732,62.2,25,10,2025-11-20
STORE019,SKU04732,2.1,25,10,2025-11-20
STORE016,SKU04732,97.8,25,10,2025-11-20
STORE005,SKU04733,73.0,25,10,2025-11-20
STORE029,SKU04733,124.2,25,10,2025-11-20
STORE024,SKU04733,40.2,25,10,2025-11-20
STORE027,SKU04733,29.6,25,10,2025-11-20
STORE001,SKU04733,47.9,25,10,2025-11-20
STORE021,SKU04734,201.0,25,10,2025-11-20
STORE015,SKU04735,16.3,33,16,2025-11-20
STORE025,SKU04735,71.7,33,16,2025-11-20
STORE027,SKU04736,76.9,25,10,2025-11-20
STORE008,SKU04736,325.1,25,10,2025-11-20
STORE018,SKU04737,141.0,25,10,2025-11-20
STORE028,SKU04738,69.0,26,11,2025-11-20
STORE023,SKU04739,101.7,25,10,2025-11-20
STORE028,SKU04739,3.3,25,10,2025-11-20
STORE006,SKU04740,13.0,25,10,2025-11-20
STORE016,SKU04741,609.4,25,10,2025-11-20
STORE026,SKU04741,528.3,25,10,2025-11-20
STORE030,SKU04741,8.1,25,10,2025-11-20
STORE028,SKU04741,344.3,25,10,2025-11-20
STORE015,SKU04741,263.3,25,10,2025-11-20
STORE024,SKU04741,360.8,25,10,2025-11-20
STORE004,SKU04741,168.6,25,10,2025-11-20
STORE025,SKU04741,1174.8,25,10,2025-11-20
STORE017,SKU04741,11.1,25,10,2025-11-20
STORE010,SKU04741,66.0,25,10,2025-11-20
STORE005,SKU04741,124.8,25,10,2025-11-20
STORE011,SKU04741,147.7,25,10,2025-11-20
STORE020,SKU04741,628.5,25,10,2025-11-20
STORE027,SKU04741,202.9,25,10,2025-11-20
STORE013,SKU04741,11.4,25,10,2025-11-20
STORE007,SKU04742,42.6,25,10,2025-11-20
STORE001,SKU04742,43.8,25,10,2025-11-20
STORE025,SKU04742,273.4,25,10,2025-11-20
STORE020,SKU04742,74.3,25,10,2025-11-20
STORE002,SKU04742,82.0,25,10,2025-11-20
STORE001,SKU04743,106.6,25,10,2025-11-20
STORE015,SKU04743,125.4,25,10,2025-11-20
STORE030,SKU04743,86.0,25,10,2025-11-20
STORE003,SKU04743,23.1,25,10,2025-11-20
STORE005,SKU04743,176.8,25,10,2025-11-20
STORE003,SKU04744,0.0,60,21,2025-10-15
STORE023,SKU04745,94.7,25,10,2025-11-20
STORE028,SKU04745,97.3,25,10,2025-11-20
STORE009,SKU04746,101.0,25,10,2025-11-20
STORE005,SKU04747,367.4,25,10,2025-11-20
STORE007,SKU04747,400.3,25,10,2025-11-20
STORE010,SKU04747,685.0,25,10,2025-11-20
STORE022,SKU04747,37.1,25,10,2025-11-20
STORE028,SKU04747,156.0,25,10,2025-11-20
STORE016,SKU04747,196.8,25,10,2025-11-20
STORE029,SKU04747,90.5,25,10,2025-11-20
STORE027,SKU04747,414.3,25,10,2025-11-20
STORE002,SKU04747,325.6,25,10,2025-11-20
STORE012,SKU04747,289.1,25,10,2025-11-20
STORE025,SKU04747,1327.5,25,10,2025-11-20
STORE015,SKU04747,68.0,25,10,2025-11-20
STORE020,SKU04747,301.2,25,10,2025-11-20
STORE004,SKU04747,181.6,25,10,2025-11-20
STORE014,SKU04747,85.0,25,10,2025-11-20
STORE019,SKU04747,39.7,25,10,2025-11-20
STORE023,SKU04747,512.4,25,10,2025-11-20
STORE011,SKU04747,205.0,25,10,2025-11-20
STORE026,SKU04747,394.7,25,10,2025-11-20
STORE021,SKU04747,178.5,25,10,2025-11-20
STORE008,SKU04747,56.3,25,10,2025-11-20
STORE018,SKU04747,93.3,25,10,2025-11-20
STORE024,SKU04747,108.8,25,10,2025-11-20
STORE003,SKU04747,817.6,25,10,2025-11-20
STORE006,SKU04747,1.3,25,10,2025-11-20
STORE020,SKU04748,53.0,51,25,2025-11-20
STORE014,SKU04749,96.2,33,16,2025-11-20
STORE012,SKU04749,135.8,33,16,2025-11-20
STORE025,SKU04750,18.4,25,10,2025-11-20
STORE013,SKU04750,94.5,25,10,2025-11-20
STORE015,SKU04750,14.3,25,10,2025-11-20
STORE014,SKU04750,0.8,25,10,2025-11-20
STORE010,SKU04751,11.7,25,10,2025-11-20
STORE002,SKU04751,133.3,25,10,2025-11-20
STORE020,SKU04752,1.0,25,10,2025-11-20
STORE024,SKU04752,58.0,25,10,2025-11-20
STORE022,SKU04753,16.6,25,10,2025-11-20
STORE013,SKU04753,71.3,25,10,2025-11-20
STORE017,SKU04753,19.5,25,10,2025-11-20
STORE008,SKU04753,414.9,25,10,2025-11-20
STORE007,SKU04753,189.0,25,10,2025-11-20
STORE010,SKU04753,491.2,25,10,2025-11-20
STORE009,SKU04753,246.4,25,10,2025-11-20
STORE001,SKU04753,748.6,25,10,2025-11-20
STORE023,SKU04753,150.7,25,10,2025-11-20
STORE020,SKU04753,215.2,25,10,2025-11-20
STORE012,SKU04753,181.5,25,10,2025-11-20
STORE005,SKU04753,140.0,25,10,2025-11-20
STORE006,SKU04753,395.4,25,10,2025-11-20
STORE025,SKU04753,218.6,25,10,2025-11-20
STORE019,SKU04753,341.6,25,10,2025-11-20
STORE011,SKU04753,326.3,25,10,2025-11-20
STORE026,SKU04753,44.8,25,10,2025-11-20
STORE015,SKU04753,222.0,25,10,2025-11-20
STORE021,SKU04753,47.1,25,10,2025-11-20
STORE018,SKU04753,185.0,25,10,2025-11-20
STORE004,SKU04753,239.2,25,10,2025-11-20
STORE025,SKU04754,134.3,25,10,2025-11-20
STORE015,SKU04754,0.7,25,10,2025-11-20
STORE020,SKU04755,118.1,25,10,2025-11-20
STORE007,SKU04755,98.9,25,10,2025-11-20
STORE023,SKU04756,0.0,65,34,2025-10-15
STORE006,SKU04756,0.0,105,31,2025-10-15
STORE005,SKU04756,0.0,89,29,2025-10-15
STORE027,SKU04756,0.0,86,41,2025-10-15
STORE003,SKU04756,0.0,66,33,2025-10-15
STORE019,SKU04756,0.0,81,44,2025-10-15
STORE026,SKU04756,0.0,91,30,2025-10-15
STORE009,SKU04756,0.0,115,45,2025-10-15
STORE008,SKU04756,0.0,75,38,2025-10-15
STORE020,SKU04756,0.0,73,22,2025-10-15
STORE001,SKU04756,0.0,98,21,2025-10-15
STORE023,SKU04757,129.0,25,10,2025-11-20
STORE004,SKU04758,123.0,25,10,2025-11-20
STORE002,SKU04759,66.3,25,10,2025-11-20
STORE003,SKU04759,47.6,25,10,2025-11-20
STORE013,SKU04759,81.1,25,10,2025-11-20
STORE023,SKU04760,46.0,35,17,2025-11-20
STORE027,SKU04761,7.2,25,10,2025-11-20
STORE030,SKU04761,4.7,25,10,2025-11-20
STORE005,SKU04761,149.1,25,10,2025-11-20
STORE014,SKU04762,136.0,63,31,2025-11-20
STORE001,SKU04763,168.0,25,10,2025-11-20
STORE017,SKU04763,58.1,25,10,2025-11-20
STORE002,SKU04763,66.9,25,10,2025-11-20
STORE005,SKU04764,194.0,25,10,2025-11-20
STORE013,SKU04764,4.0,25,10,2025-11-20
STORE012,SKU04765,161.7,25,10,2025-11-20
STORE018,SKU04765,40.3,25,10,2025-11-20
STORE019,SKU04766,6.0,25,10,2025-11-20
STORE023,SKU04767,270.0,25,10,2025-11-20
STORE007,SKU04767,80.0,25,10,2025-11-20
STORE022,SKU04768,274.7,25,10,2025-11-20
STORE009,SKU04768,263.8,25,10,2025-11-20
STORE028,SKU04768,164.1,25,10,2025-11-20
STORE015,SKU04768,322.2,25,10,2025-11-20
STORE011,SKU04768,186.6,25,10,2025-11-20
STORE020,SKU04768,72.4,25,10,2025-11-20
STORE027,SKU04768,284.1,25,10,2025-11-20
STORE018,SKU04768,190.8,25,10,2025-11-20
STORE007,SKU04768,2.7,25,10,2025-11-20
STORE008,SKU04768,497.4,25,10,2025-11-20
STORE026,SKU04768,169.2,25,10,2025-11-20
STORE010,SKU04768,435.3,25,10,2025-11-20
STORE017,SKU04768,459.7,25,10,2025-11-20
STORE023,SKU04768,126.3,25,10,2025-11-20
STORE030,SKU04768,152.0,25,10,2025-11-20
STORE006,SKU04768,115.3,25,10,2025-11-20
STORE021,SKU04768,128.0,25,10,2025-11-20
STORE002,SKU04768,483.7,25,10,2025-11-20
STORE019,SKU04768,332.8,25,10,2025-11-20
STORE003,SKU04768,29.0,25,10,2025-11-20
STORE013,SKU04768,202.1,25,10,2025-11-20
STORE005,SKU04768,1179.3,25,10,2025-11-20
STORE016,SKU04768,194.2,25,10,2025-11-20
STORE004,SKU04768,330.6,25,10,2025-11-20
STORE029,SKU04768,314.3,25,10,2025-11-20
STORE001,SKU04768,92.5,25,10,2025-11-20
STORE025,SKU04768,99.7,25,10,2025-11-20
STORE013,SKU04769,0.0,102,27,2025-10-15
STORE017,SKU04770,116.4,25,10,2025-11-20
STORE030,SKU04770,62.6,25,10,2025-11-20
STORE014,SKU04771,261.9,25,10,2025-11-20
STORE021,SKU04771,386.6,25,10,2025-11-20
STORE013,SKU04771,465.7,25,10,2025-11-20
STORE010,SKU04771,98.1,25,10,2025-11-20
STORE022,SKU04771,49.2,25,10,2025-11-20
STORE008,SKU04771,106.9,25,10,2025-11-20
STORE005,SKU04771,219.4,25,10,2025-11-20
STORE001,SKU04771,129.7,25,10,2025-11-20
STORE007,SKU04771,260.3,25,10,2025-11-20
STORE003,SKU04771,17.0,25,10,2025-11-20
STORE016,SKU04771,220.8,25,10,2025-11-20
STORE024,SKU04771,142.2,25,10,2025-11-20
STORE030,SKU04771,237.0,25,10,2025-11-20
STORE018,SKU04771,170.1,25,10,2025-11-20
STORE012,SKU04771,103.6,25,10,2025-11-20
STORE029,SKU04771,726.3,25,10,2025-11-20
STORE028,SKU04771,63.3,25,10,2025-11-20
STORE009,SKU04771,354.3,25,10,2025-11-20
STORE015,SKU04771,801.0,25,10,2025-11-20
STORE019,SKU04771,239.7,25,10,2025-11-20
STORE026,SKU04771,647.7,25,10,2025-11-20
STORE018,SKU04772,20.1,25,10,2025-11-20
STORE011,SKU04772,102.9,25,10,2025-11-20
STORE009,SKU04773,7.0,25,10,2025-11-20
STORE028,SKU04774,0.9,25,10,2025-11-20
STORE029,SKU04774,61.2,25,10,2025-11-20
STORE019,SKU04774,48.1,25,10,2025-11-20
STORE006,SKU04774,115.8,25,10,2025-11-20
STORE024,SKU04775,379.0,25,10,2025-11-20
STORE016,SKU04775,12.2,25,10,2025-11-20
STORE022,SKU04775,54.0,25,10,2025-11-20
STORE005,SKU04775,79.9,25,10,2025-11-20
STORE010,SKU04776,142.8,25,10,2025-11-20
STORE001,SKU04776,350.5,25,10,2025-11-20
STORE002,SKU04776,137.7,25,10,2025-11-20
STORE026,SKU04777,1.3,25,10,2025-11-20
STORE002,SKU04777,57.7,25,10,2025-11-20
STORE023,SKU04778,58.2,29,14,2025-11-20
STORE029,SKU04778,19.4,29,14,2025-11-20
STORE024,SKU04778,23.4,29,14,2025-11-20
STORE022,SKU04779,97.8,26,11,2025-11-20
STORE005,SKU04779,137.2,26,11,2025-11-20
STORE001,SKU04780,0.0,92,37,2025-10-15
STORE022,SKU04781,35.8,25,10,2025-11-20
STORE002,SKU04781,75.2,25,10,2025-11-20
STORE003,SKU04781,351.5,25,10,2025-11-20
STORE010,SKU04781,98.5,25,10,2025-11-20
STORE022,SKU04782,0.0,97,43,2025-10-15
STORE026,SKU04783,2.8,25,10,2025-11-20
STORE001,SKU04783,4.1,25,10,2025-11-20
STORE011,SKU04783,6.4,25,10,2025-11-20
STORE003,SKU04783,13.0,25,10,2025-11-20
STORE019,SKU04783,7.7,25,10,2025-11-20
STORE029,SKU04783,6.6,25,10,2025-11-20
STORE018,SKU04783,11.1,25,10,2025-11-20
STORE028,SKU04783,3.7,25,10,2025-11-20
STORE009,SKU04783,1.1,25,10,2025-11-20
STORE007,SKU04783,0.3,25,10,2025-11-20
STORE005,SKU04783,3.8,25,10,2025-11-20
STORE016,SKU04783,1.3,25,10,2025-11-20
STORE004,SKU04783,5.4,25,10,2025-11-20
STORE013,SKU04783,19.7,25,10,2025-11-20
STORE021,SKU04783,16.7,25,10,2025-11-20
STORE012,SKU04783,12.5,25,10,2025-11-20
STORE025,SKU04783,25.4,25,10,2025-11-20
STORE023,SKU04783,4.4,25,10,2025-11-20
STORE015,SKU04783,28.8,25,10,2025-11-20
STORE024,SKU04784,207.0,27,12,2025-11-20
STORE007,SKU04785,40.7,25,10,2025-11-20
STORE008,SKU04785,41.3,25,10,2025-11-20
STORE011,SKU04786,13.0,25,10,2025-11-20
STORE029,SKU04787,450.5,25,10,2025-11-20
STORE014,SKU04787,18.1,25,10,2025-11-20
STORE028,SKU04787,50.6,25,10,2025-11-20
STORE021,SKU04787,46.7,25,10,2025-11-20
STORE030,SKU04788,234.0,25,10,2025-11-20
STORE007,SKU04789,228.0,78,39,2025-11-20
STORE013,SKU04790,37.0,26,11,2025-11-20
STORE020,SKU04791,71.9,25,10,2025-11-20
STORE023,SKU04791,418.5,25,10,2025-11-20
STORE025,SKU04791,86.1,25,10,2025-11-20
STORE027,SKU04791,27.4,25,10,2025-11-20
STORE007,SKU04791,215.5,25,10,2025-11-20
STORE001,SKU04791,1180.8,25,10,2025-11-20
STORE003,SKU04791,54.9,25,10,2025-11-20
STORE002,SKU04791,68.1,25,10,2025-11-20
STORE029,SKU04791,741.6,25,10,2025-11-20
STORE022,SKU04791,40.9,25,10,2025-11-20
STORE019,SKU04791,148.7,25,10,2025-11-20
STORE021,SKU04791,56.9,25,10,2025-11-20
STORE017,SKU04791,559.5,25,10,2025-11-20
STORE008,SKU04791,829.1,25,10,2025-11-20
STORE024,SKU04791,350.2,25,10,2025-11-20
STORE009,SKU04791,78.5,25,10,2025-11-20
STORE018,SKU04791,107.3,25,10,2025-11-20
STORE015,SKU04791,57.6,25,10,2025-11-20
STORE030,SKU04791,460.0,25,10,2025-11-20
STORE028,SKU04791,511.0,25,10,2025-11-20
STORE005,SKU04791,112.8,25,10,2025-11-20
STORE013,SKU04791,222.0,25,10,2025-11-20
STORE011,SKU04791,37.6,25,10,2025-11-20
STORE012,SKU04791,118.6,25,10,2025-11-20
STORE010,SKU04791,207.4,25,10,2025-11-20
STORE021,SKU04792,99.2,25,10,2025-11-20
STORE008,SKU04792,90.2,25,10,2025-11-20
STORE011,SKU04792,0.2,25,10,2025-11-20
STORE023,SKU04792,332.4,25,10,2025-11-20
STORE009,SKU04793,0.0,73,22,2025-10-15
STORE018,SKU04794,186.1,25,10,2025-11-20
STORE029,SKU04794,294.9,25,10,2025-11-20
STORE020,SKU04795,277.3,25,10,2025-11-20
STORE025,SKU04795,173.7,25,10,2025-11-20
STORE006,SKU04795,68.5,25,10,2025-11-20
STORE030,SKU04795,1585.6,25,10,2025-11-20
STORE022,SKU04795,194.5,25,10,2025-11-20
STORE002,SKU04795,249.5,25,10,2025-11-20
STORE027,SKU04795,250.4,25,10,2025-11-20
STORE008,SKU04795,407.3,25,10,2025-11-20
STORE029,SKU04795,2.1,25,10,2025-11-20
STORE009,SKU04795,54.3,25,10,2025-11-20
STORE023,SKU04795,239.1,25,10,2025-11-20
STORE015,SKU04795,492.3,25,10,2025-11-20
STORE014,SKU04795,252.4,25,10,2025-11-20
STORE018,SKU04795,116.5,25,10,2025-11-20
STORE003,SKU04795,98.0,25,10,2025-11-20
STORE004,SKU04795,292.3,25,10,2025-11-20
STORE013,SKU04795,295.1,25,10,2025-11-20
STORE007,SKU04795,203.9,25,10,2025-11-20
STORE017,SKU04795,75.2,25,10,2025-11-20
STORE006,SKU04796,136.1,25,10,2025-11-20
STORE018,SKU04796,42.1,25,10,2025-11-20
STORE021,SKU04796,82.0,25,10,2025-11-20
STORE001,SKU04796,12.7,25,10,2025-11-20
STORE017,SKU04796,22.1,25,10,2025-11-20
STORE003,SKU04796,109.0,25,10,2025-11-20
STORE005,SKU04797,11.2,25,10,2025-11-20
STORE030,SKU04797,156.3,25,10,2025-11-20
STORE022,SKU04797,143.0,25,10,2025-11-20
STORE021,SKU04797,302.8,25,10,2025-11-20
STORE014,SKU04797,72.1,25,10,2025-11-20
STORE017,SKU04797,53.8,25,10,2025-11-20
STORE003,SKU04797,567.0,25,10,2025-11-20
STORE012,SKU04797,184.5,25,10,2025-11-20
STORE019,SKU04797,24.1,25,10,2025-11-20
STORE010,SKU04797,46.7,25,10,2025-11-20
STORE015,SKU04797,1468.5,25,10,2025-11-20
STORE009,SKU04797,47.4,25,10,2025-11-20
STORE020,SKU04797,205.2,25,10,2025-11-20
STORE001,SKU04797,118.6,25,10,2025-11-20
STORE023,SKU04797,471.8,25,10,2025-11-20
STORE018,SKU04797,306.3,25,10,2025-11-20
STORE016,SKU04797,197.8,25,10,2025-11-20
STORE008,SKU04798,1.0,25,10,2025-11-20
STORE003,SKU04799,0.0,81,46,2025-10-15
STORE002,SKU04800,20.0,32,16,2025-11-20
STORE012,SKU04801,44.2,25,10,2025-11-20
STORE022,SKU04801,201.4,25,10,2025-11-20
STORE018,SKU04801,51.4,25,10,2025-11-20
STORE007,SKU04802,264.0,25,10,2025-11-20
STORE022,SKU04802,16.0,25,10,2025-11-20
STORE025,SKU04803,237.4,25,10,2025-11-20
STORE024,SKU04803,71.6,25,10,2025-11-20
STORE008,SKU04804,73.0,25,10,2025-11-20
STORE001,SKU04805,119.5,25,10,2025-11-20
STORE028,SKU04805,150.2,25,10,2025-11-20
STORE020,SKU04805,194.3,25,10,2025-11-20
STORE014,SKU04806,106.0,60,30,2025-11-20
STORE016,SKU04807,184.8,25,10,2025-11-20
STORE030,SKU04807,38.2,25,10,2025-11-20
STORE007,SKU04808,72.1,25,10,2025-11-20
STORE020,SKU04808,4.8,25,10,2025-11-20
STORE015,SKU04808,50.0,25,10,2025-11-20
STORE017,SKU04808,36.8,25,10,2025-11-20
STORE010,SKU04808,213.3,25,10,2025-11-20
STORE005,SKU04809,108.9,25,10,2025-11-20
STORE004,SKU04809,35.3,25,10,2025-11-20
STORE018,SKU04809,86.8,25,10,2025-11-20
STORE019,SKU04810,34.1,25,10,2025-11-20
STORE004,SKU04810,131.5,25,10,2025-11-20
STORE024,SKU04810,12.3,25,10,2025-11-20
STORE010,SKU04810,68.1,25,10,2025-11-20
STORE005,SKU04811,20.3,25,10,2025-11-20
STORE022,SKU04811,100.8,25,10,2025-11-20
STORE014,SKU04811,53.5,25,10,2025-11-20
STORE020,SKU04811,110.4,25,10,2025-11-20
STORE008,SKU04812,72.0,25,10,2025-11-20
STORE016,SKU04813,0.0,109,33,2025-10-15
STORE028,SKU04814,13.2,25,10,2025-11-20
STORE012,SKU04814,193.8,25,10,2025-11-20
STORE021,SKU04815,88.0,25,10,2025-11-20
STORE001,SKU04815,115.0,25,10,2025-11-20
STORE025,SKU04816,58.0,65,32,2025-11-20
STORE024,SKU04817,130.8,25,10,2025-11-20
STORE004,SKU04817,130.2,25,10,2025-11-20
STORE013,SKU04818,144.0,25,10,2025-11-20
STORE026,SKU04819,59.0,69,34,2025-11-20
STORE016,SKU04820,2.0,25,10,2025-11-20
STORE014,SKU04821,5.3,25,10,2025-11-20
STORE016,SKU04821,8.8,25,10,2025-11-20
STORE023,SKU04821,84.9,25,10,2025-11-20
STORE028,SKU04822,15.0,25,10,2025-11-20
STORE004,SKU04822,34.5,25,10,2025-11-20
STORE017,SKU04822,31.5,25,10,2025-11-20
STORE016,SKU04823,13.0,34,17,2025-11-20
STORE016,SKU04824,0.0,120,48,2025-10-15
STORE013,SKU04824,0.0,93,41,2025-10-15
STORE028,SKU04824,0.0,55,20,2025-10-15
STORE005,SKU04824,0.0,114,43,2025-10-15
STORE022,SKU04824,0.0,111,32,2025-10-15
STORE017,SKU04824,0.0,115,45,2025-10-15
STORE018,SKU04824,0.0,84,25,2025-10-15
STORE007,SKU04824,0.0,104,49,2025-10-15
STORE014,SKU04824,0.0,92,25,2025-10-15
STORE008,SKU04824,0.0,66,25,2025-10-15
STORE026,SKU04824,0.0,90,33,2025-10-15
STORE024,SKU04824,0.0,91,33,2025-10-15
STORE025,SKU04824,0.0,110,36,2025-10-15
STORE017,SKU04825,36.0,31,15,2025-11-20
STORE001,SKU04826,119.0,25,10,2025-11-20
STORE019,SKU04827,0.0,116,42,2025-10-15
STORE007,SKU04828,31.2,25,10,2025-11-20
STORE015,SKU04828,164.3,25,10,2025-11-20
STORE021,SKU04828,11.5,25,10,2025-11-20
STORE013,SKU04829,235.9,25,10,2025-11-20
STORE003,SKU04829,50.1,25,10,2025-11-20
STORE013,SKU04830,10.0,39,19,2025-11-20
STORE027,SKU04831,339.1,25,10,2025-11-20
STORE011,SKU04831,20.2,25,10,2025-11-20
STORE006,SKU04831,30.4,25,10,2025-11-20
STORE028,SKU04831,7.8,25,10,2025-11-20
STORE018,SKU04831,172.3,25,10,2025-11-20
STORE021,SKU04831,509.4,25,10,2025-11-20
STORE020,SKU04831,70.5,25,10,2025-11-20
STORE022,SKU04831,346.2,25,10,2025-11-20
STORE026,SKU04831,126.8,25,10,2025-11-20
STORE024,SKU04831,593.0,25,10,2025-11-20
STORE001,SKU04831,595.6,25,10,2025-11-20
STORE015,SKU04831,555.4,25,10,2025-11-20
STORE010,SKU04831,276.7,25,10,2025-11-20
STORE008,SKU04831,124.5,25,10,2025-11-20
STORE029,SKU04831,616.5,25,10,2025-11-20
STORE023,SKU04831,76.6,25,10,2025-11-20
STORE009,SKU04831,127.2,25,10,2025-11-20
STORE002,SKU04831,75.6,25,10,2025-11-20
STORE003,SKU04831,417.1,25,10,2025-11-20
STORE030,SKU04831,431.1,25,10,2025-11-20
STORE016,SKU04831,393.1,25,10,2025-11-20
STORE017,SKU04831,199.8,25,10,2025-11-20
STORE014,SKU04831,39.3,25,10,2025-11-20
STORE004,SKU04831,900.4,25,10,2025-11-20
STORE013,SKU04831,263.6,25,10,2025-11-20
STORE007,SKU04831,194.3,25,10,2025-11-20
STORE012,SKU04831,330.5,25,10,2025-11-20
STORE005,SKU04831,79.6,25,10,2025-11-20
STORE019,SKU04831,52.9,25,10,2025-11-20
STORE025,SKU04831,193.4,25,10,2025-11-20
STORE010,SKU04832,16.0,25,10,2025-11-20
STORE001,SKU04832,17.4,25,10,2025-11-20
STORE018,SKU04832,138.6,25,10,2025-11-20
STORE027,SKU04832,47.0,25,10,2025-11-20
STORE007,SKU04833,50.2,25,10,2025-11-20
STORE030,SKU04833,88.8,25,10,2025-11-20
STORE018,SKU04833,230.0,25,10,2025-11-20
STORE012,SKU04834,0.0,127,50,2025-10-15
STORE018,SKU04835,0.0,70,20,2025-10-15
STORE001,SKU04836,13.3,25,10,2025-11-20
STORE030,SKU04836,200.2,25,10,2025-11-20
STORE003,SKU04836,97.9,25,10,2025-11-20
STORE023,SKU04836,17.6,25,10,2025-11-20
STORE030,SKU04837,34.2,25,10,2025-11-20
STORE010,SKU04837,63.8,25,10,2025-11-20
STORE004,SKU04838,180.5,25,10,2025-11-20
STORE025,SKU04838,42.7,25,10,2025-11-20
STORE015,SKU04838,117.6,25,10,2025-11-20
STORE029,SKU04838,177.3,25,10,2025-11-20
STORE025,SKU04839,35.0,26,11,2025-11-20
STORE013,SKU04840,156.0,46,23,2025-11-20
STORE011,SKU04841,85.9,25,10,2025-11-20
STORE016,SKU04841,26.8,25,10,2025-11-20
STORE018,SKU04841,152.3,25,10,2025-11-20
STORE019,SKU04842,85.3,25,10,2025-11-20
STORE007,SKU04842,3.7,25,10,2025-11-20
STORE019,SKU04843,141.0,26,11,2025-11-20
STORE003,SKU04844,84.6,25,10,2025-11-20
STORE027,SKU04844,91.4,25,10,2025-11-20
STORE005,SKU04845,240.8,25,10,2025-11-20
STORE019,SKU04845,49.6,25,10,2025-11-20
STORE028,SKU04845,69.6,25,10,2025-11-20
STORE012,SKU04846,66.0,25,10,2025-11-20
STORE028,SKU04847,24.0,25,10,2025-11-20
STORE013,SKU04847,13.3,25,10,2025-11-20
STORE012,SKU04847,12.9,25,10,2025-11-20
STORE026,SKU04847,10.8,25,10,2025-11-20
STORE003,SKU04847,2.7,25,10,2025-11-20
STORE018,SKU04847,6.6,25,10,2025-11-20
STORE025,SKU04847,14.1,25,10,2025-11-20
STORE015,SKU04847,9.1,25,10,2025-11-20
STORE027,SKU04847,0.2,25,10,2025-11-20
STORE021,SKU04847,36.4,25,10,2025-11-20
STORE004,SKU04847,22.1,25,10,2025-11-20
STORE010,SKU04847,3.6,25,10,2025-11-20
STORE017,SKU04847,11.4,25,10,2025-11-20
STORE014,SKU04847,30.5,25,10,2025-11-20
STORE002,SKU04847,1.2,25,10,2025-11-20
STORE002,SKU04848,20.0,25,10,2025-11-20
STORE028,SKU04849,206.9,25,10,2025-11-20
STORE021,SKU04849,179.3,25,10,2025-11-20
STORE012,SKU04849,613.1,25,10,2025-11-20
STORE025,SKU04849,162.7,25,10,2025-11-20
STORE002,SKU04849,22.3,25,10,2025-11-20
STORE001,SKU04849,23.1,25,10,2025-11-20
STORE023,SKU04849,14.8,25,10,2025-11-20
STORE020,SKU04849,178.7,25,10,2025-11-20
STORE006,SKU04849,430.4,25,10,2025-11-20
STORE009,SKU04849,77.4,25,10,2025-11-20
STORE029,SKU04849,353.1,25,10,2025-11-20
STORE022,SKU04849,394.6,25,10,2025-11-20
STORE017,SKU04849,100.1,25,10,2025-11-20
STORE015,SKU04849,311.7,25,10,2025-11-20
STORE016,SKU04849,392.2,25,10,2025-11-20
STORE019,SKU04849,213.5,25,10,2025-11-20
STORE011,SKU04849,139.4,25,10,2025-11-20
STORE008,SKU04849,327.9,25,10,2025-11-20
STORE027,SKU04849,1293.9,25,10,2025-11-20
STORE014,SKU04849,189.0,25,10,2025-11-20
STORE004,SKU04849,168.8,25,10,2025-11-20
STORE030,SKU04849,212.0,25,10,2025-11-20
STORE003,SKU04849,26.9,25,10,2025-11-20
STORE005,SKU04849,273.6,25,10,2025-11-20
STORE026,SKU04849,135.4,25,10,2025-11-20
STORE024,SKU04849,44.0,25,10,2025-11-20
STORE007,SKU04849,213.2,25,10,2025-11-20
STORE004,SKU04850,2.3,25,10,2025-11-20
STORE024,SKU04850,349.6,25,10,2025-11-20
STORE029,SKU04850,76.0,25,10,2025-11-20
STORE005,SKU04851,44.0,25,10,2025-11-20
STORE011,SKU04852,128.2,25,10,2025-11-20
STORE021,SKU04852,182.8,25,10,2025-11-20
STORE001,SKU04853,74.6,32,16,2025-11-20
STORE003,SKU04853,248.4,32,16,2025-11-20
STORE021,SKU04854,126.0,25,10,2025-11-20
STORE017,SKU04854,263.3,25,10,2025-11-20
STORE013,SKU04854,222.1,25,10,2025-11-20
STORE027,SKU04854,121.3,25,10,2025-11-20
STORE030,SKU04854,466.4,25,10,2025-11-20
STORE002,SKU04854,52.3,25,10,2025-11-20
STORE016,SKU04854,21.1,25,10,2025-11-20
STORE009,SKU04854,564.9,25,10,2025-11-20
STORE006,SKU04854,424.3,25,10,2025-11-20
STORE019,SKU04854,267.1,25,10,2025-11-20
STORE001,SKU04854,244.1,25,10,2025-11-20
STORE028,SKU04854,266.2,25,10,2025-11-20
STORE012,SKU04854,222.3,25,10,2025-11-20
STORE005,SKU04854,193.1,25,10,2025-11-20
STORE022,SKU04854,268.0,25,10,2025-11-20
STORE003,SKU04854,291.0,25,10,2025-11-20
STORE004,SKU04854,455.6,25,10,2025-11-20
STORE014,SKU04854,480.7,25,10,2025-11-20
STORE007,SKU04854,183.5,25,10,2025-11-20
STORE010,SKU04854,206.5,25,10,2025-11-20
STORE007,SKU04855,107.1,25,10,2025-11-20
STORE027,SKU04855,175.9,25,10,2025-11-20
STORE004,SKU04856,128.6,25,10,2025-11-20
STORE021,SKU04856,469.4,25,10,2025-11-20
STORE018,SKU04856,253.9,25,10,2025-11-20
STORE001,SKU04856,487.6,25,10,2025-11-20
STORE013,SKU04856,263.0,25,10,2025-11-20
STORE006,SKU04856,754.0,25,10,2025-11-20
STORE002,SKU04856,215.1,25,10,2025-11-20
STORE027,SKU04856,705.4,25,10,2025-11-20
STORE016,SKU04856,36.7,25,10,2025-11-20
STORE029,SKU04856,11.5,25,10,2025-11-20
STORE007,SKU04856,184.3,25,10,2025-11-20
STORE023,SKU04856,874.1,25,10,2025-11-20
STORE005,SKU04856,115.1,25,10,2025-11-20
STORE009,SKU04856,50.8,25,10,2025-11-20
STORE025,SKU04856,157.0,25,10,2025-11-20
STORE015,SKU04856,222.9,25,10,2025-11-20
STORE020,SKU04856,80.6,25,10,2025-11-20
STORE011,SKU04856,267.2,25,10,2025-11-20
STORE012,SKU04856,786.7,25,10,2025-11-20
STORE014,SKU04856,484.1,25,10,2025-11-20
STORE003,SKU04856,73.4,25,10,2025-11-20
STORE028,SKU04856,84.3,25,10,2025-11-20
STORE008,SKU04856,98.9,25,10,2025-11-20
STORE010,SKU04856,106.9,25,10,2025-11-20
STORE024,SKU04856,22.5,25,10,2025-11-20
STORE016,SKU04857,200.0,25,10,2025-11-20
STORE026,SKU04858,217.0,25,10,2025-11-20
STORE024,SKU04859,73.0,25,10,2025-11-20
STORE021,SKU04859,90.1,25,10,2025-11-20
STORE010,SKU04859,0.9,25,10,2025-11-20
STORE001,SKU04860,0.0,92,42,2025-10-15
STORE016,SKU04861,122.9,25,10,2025-11-20
STORE029,SKU04861,34.1,25,10,2025-11-20
STORE026,SKU04862,125.6,25,10,2025-11-20
STORE023,SKU04862,84.4,25,10,2025-11-20
STORE003,SKU04862,125.0,25,10,2025-11-20
STORE026,SKU04863,0.0,118,40,2025-10-15
STORE009,SKU04864,63.0,25,10,2025-11-20
STORE010,SKU04865,126.1,25,10,2025-11-20
STORE013,SKU04865,12.6,25,10,2025-11-20
STORE022,SKU04865,125.6,25,10,2025-11-20
STORE020,SKU04865,41.7,25,10,2025-11-20
STORE012,SKU04866,6.7,25,10,2025-11-20
STORE029,SKU04866,301.3,25,10,2025-11-20
STORE014,SKU04867,99.0,25,10,2025-11-20
STORE022,SKU04868,44.0,25,10,2025-11-20
STORE025,SKU04869,96.0,25,10,2025-11-20
STORE030,SKU04870,0.0,81,35,2025-10-15
STORE002,SKU04871,0.7,25,10,2025-11-20
STORE024,SKU04871,0.3,25,10,2025-11-20
STORE013,SKU04872,15.5,25,10,2025-11-20
STORE018,SKU04872,90.0,25,10,2025-11-20
STORE029,SKU04872,86.5,25,10,2025-11-20
STORE016,SKU04873,3.1,25,10,2025-11-20
STORE026,SKU04873,45.9,25,10,2025-11-20
STORE007,SKU04874,64.0,25,10,2025-11-20
STORE012,SKU04875,0.0,89,40,2025-10-15
STORE009,SKU04876,128.9,25,10,2025-11-20
STORE012,SKU04876,21.1,25,10,2025-11-20
STORE008,SKU04877,108.0,29,14,2025-11-20
STORE009,SKU04878,22.8,25,10,2025-11-20
STORE011,SKU04878,159.2,25,10,2025-11-20
STORE024,SKU04879,24.1,25,10,2025-11-20
STORE003,SKU04879,215.9,25,10,2025-11-20
STORE009,SKU04879,294.7,25,10,2025-11-20
STORE013,SKU04879,92.2,25,10,2025-11-20
STORE021,SKU04879,478.4,25,10,2025-11-20
STORE014,SKU04879,319.6,25,10,2025-11-20
STORE018,SKU04879,5.9,25,10,2025-11-20
STORE030,SKU04879,303.9,25,10,2025-11-20
STORE022,SKU04879,219.2,25,10,2025-11-20
STORE025,SKU04879,70.7,25,10,2025-11-20
STORE012,SKU04879,1770.0,25,10,2025-11-20
STORE017,SKU04879,737.3,25,10,2025-11-20
STORE007,SKU04879,112.2,25,10,2025-11-20
STORE028,SKU04879,252.5,25,10,2025-11-20
STORE023,SKU04879,123.4,25,10,2025-11-20
STORE026,SKU04880,35.6,25,10,2025-11-20
STORE010,SKU04880,63.4,25,10,2025-11-20
STORE018,SKU04881,20.7,25,10,2025-11-20
STORE024,SKU04881,76.3,25,10,2025-11-20
STORE028,SKU04882,90.6,25,10,2025-11-20
STORE008,SKU04882,66.4,25,10,2025-11-20
STORE022,SKU04883,156.0,31,15,2025-11-20
STORE030,SKU04884,208.0,25,10,2025-11-20
STORE012,SKU04885,52.4,25,10,2025-11-20
STORE021,SKU04885,92.9,25,10,2025-11-20
STORE018,SKU04885,25.2,25,10,2025-11-20
STORE014,SKU04885,32.7,25,10,2025-11-20
STORE006,SKU04885,223.8,25,10,2025-11-20
STORE028,SKU04886,122.2,25,10,2025-11-20
STORE014,SKU04886,188.8,25,10,2025-11-20
STORE027,SKU04887,98.7,25,10,2025-11-20
STORE016,SKU04887,244.8,25,10,2025-11-20
STORE007,SKU04887,1108.9,25,10,2025-11-20
STORE014,SKU04887,119.7,25,10,2025-11-20
STORE013,SKU04887,54.6,25,10,2025-11-20
STORE010,SKU04887,223.1,25,10,2025-11-20
STORE017,SKU04887,153.1,25,10,2025-11-20
STORE011,SKU04887,54.2,25,10,2025-11-20
STORE008,SKU04887,684.6,25,10,2025-11-20
STORE005,SKU04887,1460.2,25,10,2025-11-20
STORE001,SKU04887,262.3,25,10,2025-11-20
STORE015,SKU04887,464.9,25,10,2025-11-20
STORE029,SKU04887,611.3,25,10,2025-11-20
STORE012,SKU04887,376.6,25,10,2025-11-20
STORE018,SKU04887,14.1,25,10,2025-11-20
STORE020,SKU04887,53.5,25,10,2025-11-20
STORE009,SKU04887,23.0,25,10,2025-11-20
STORE025,SKU04887,3.1,25,10,2025-11-20
STORE021,SKU04887,114.0,25,10,2025-11-20
STORE004,SKU04887,155.4,25,10,2025-11-20
STORE003,SKU04887,86.0,25,10,2025-11-20
STORE028,SKU04887,20.8,25,10,2025-11-20
STORE023,SKU04887,235.5,25,10,2025-11-20
STORE006,SKU04887,99.6,25,10,2025-11-20
STORE030,SKU04887,496.0,25,10,2025-11-20
STORE009,SKU04888,1.5,25,10,2025-11-20
STORE010,SKU04888,351.3,25,10,2025-11-20
STORE008,SKU04888,588.3,25,10,2025-11-20
STORE024,SKU04888,239.3,25,10,2025-11-20
STORE014,SKU04888,251.4,25,10,2025-11-20
STORE020,SKU04888,515.3,25,10,2025-11-20
STORE023,SKU04888,44.6,25,10,2025-11-20
STORE011,SKU04888,991.1,25,10,2025-11-20
STORE018,SKU04888,282.2,25,10,2025-11-20
STORE002,SKU04888,246.4,25,10,2025-11-20
STORE012,SKU04888,85.1,25,10,2025-11-20
STORE001,SKU04888,150.0,25,10,2025-11-20
STORE029,SKU04888,201.7,25,10,2025-11-20
STORE027,SKU04888,184.1,25,10,2025-11-20
STORE021,SKU04888,232.0,25,10,2025-11-20
STORE006,SKU04888,16.3,25,10,2025-11-20
STORE025,SKU04888,83.5,25,10,2025-11-20
STORE019,SKU04888,108.2,25,10,2025-11-20
STORE022,SKU04888,57.4,25,10,2025-11-20
STORE006,SKU04889,74.3,25,10,2025-11-20
STORE018,SKU04889,58.7,25,10,2025-11-20
STORE009,SKU04889,179.0,25,10,2025-11-20
STORE013,SKU04890,0.0,74,34,2025-10-15
STORE024,SKU04891,32.6,25,10,2025-11-20
STORE027,SKU04891,3.1,25,10,2025-11-20
STORE001,SKU04891,140.3,25,10,2025-11-20
STORE002,SKU04892,141.4,25,10,2025-11-20
STORE015,SKU04892,128.1,25,10,2025-11-20
STORE007,SKU04892,18.5,25,10,2025-11-20
STORE009,SKU04893,162.0,29,14,2025-11-20
STORE006,SKU04894,248.9,25,10,2025-11-20
STORE025,SKU04894,1334.3,25,10,2025-11-20
STORE020,SKU04894,454.4,25,10,2025-11-20
STORE029,SKU04894,282.9,25,10,2025-11-20
STORE007,SKU04894,627.8,25,10,2025-11-20
STORE019,SKU04894,55.6,25,10,2025-11-20
STORE002,SKU04894,5.1,25,10,2025-11-20
STORE023,SKU04894,386.7,25,10,2025-11-20
STORE015,SKU04894,34.1,25,10,2025-11-20
STORE022,SKU04894,40.5,25,10,2025-11-20
STORE008,SKU04894,450.5,25,10,2025-11-20
STORE016,SKU04894,104.1,25,10,2025-11-20
STORE005,SKU04894,326.8,25,10,2025-11-20
STORE011,SKU04894,822.9,25,10,2025-11-20
STORE009,SKU04894,125.5,25,10,2025-11-20
STORE017,SKU04894,80.8,25,10,2025-11-20
STORE013,SKU04894,37.2,25,10,2025-11-20
STORE030,SKU04894,46.1,25,10,2025-11-20
STORE021,SKU04894,21.2,25,10,2025-11-20
STORE012,SKU04894,30.3,25,10,2025-11-20
STORE001,SKU04894,186.6,25,10,2025-11-20
STORE004,SKU04894,127.7,25,10,2025-11-20
STORE018,SKU04895,2.0,31,15,2025-11-20
STORE030,SKU04896,141.0,25,10,2025-11-20
STORE001,SKU04896,106.0,25,10,2025-11-20
STORE003,SKU04897,26.0,25,10,2025-11-20
STORE014,SKU04898,0.0,75,24,2025-10-15
STORE018,SKU04899,9.2,25,10,2025-11-20
STORE012,SKU04899,105.4,25,10,2025-11-20
STORE004,SKU04899,38.4,25,10,2025-11-20
STORE012,SKU04900,6.6,25,10,2025-11-20
STORE002,SKU04900,135.2,25,10,2025-11-20
STORE022,SKU04900,30.2,25,10,2025-11-20
STORE005,SKU04901,60.6,25,10,2025-11-20
STORE023,SKU04901,505.2,25,10,2025-11-20
STORE029,SKU04901,572.4,25,10,2025-11-20
STORE021,SKU04901,102.0,25,10,2025-11-20
STORE001,SKU04901,107.9,25,10,2025-11-20
STORE010,SKU04901,213.4,25,10,2025-11-20
STORE011,SKU04901,325.6,25,10,2025-11-20
STORE026,SKU04901,16.1,25,10,2025-11-20
STORE022,SKU04901,221.6,25,10,2025-11-20
STORE006,SKU04901,752.1,25,10,2025-11-20
STORE018,SKU04901,74.9,25,10,2025-11-20
STORE004,SKU04901,589.9,25,10,2025-11-20
STORE025,SKU04901,738.6,25,10,2025-11-20
STORE007,SKU04901,77.2,25,10,2025-11-20
STORE024,SKU04901,345.6,25,10,2025-11-20
STORE019,SKU04901,67.2,25,10,2025-11-20
STORE002,SKU04901,329.5,25,10,2025-11-20
STORE003,SKU04901,393.2,25,10,2025-11-20
STORE008,SKU04901,69.9,25,10,2025-11-20
STORE020,SKU04901,309.9,25,10,2025-11-20
STORE030,SKU04901,411.8,25,10,2025-11-20
STORE015,SKU04901,109.4,25,10,2025-11-20
STORE009,SKU04901,45.2,25,10,2025-11-20
STORE017,SKU04901,23.8,25,10,2025-11-20
STORE012,SKU04901,211.0,25,10,2025-11-20
STORE020,SKU04902,924.3,25,10,2025-11-20
STORE028,SKU04902,418.8,25,10,2025-11-20
STORE027,SKU04902,138.5,25,10,2025-11-20
STORE025,SKU04902,186.1,25,10,2025-11-20
STORE011,SKU04902,79.3,25,10,2025-11-20
STORE007,SKU04902,43.1,25,10,2025-11-20
STORE003,SKU04902,159.1,25,10,2025-11-20
STORE004,SKU04902,150.6,25,10,2025-11-20
STORE023,SKU04902,178.5,25,10,2025-11-20
STORE005,SKU04902,738.6,25,10,2025-11-20
STORE008,SKU04902,224.0,25,10,2025-11-20
STORE012,SKU04902,225.2,25,10,2025-11-20
STORE001,SKU04902,33.1,25,10,2025-11-20
STORE009,SKU04902,1367.1,25,10,2025-11-20
STORE006,SKU04902,358.5,25,10,2025-11-20
STORE029,SKU04902,507.3,25,10,2025-11-20
STORE016,SKU04902,129.4,25,10,2025-11-20
STORE024,SKU04902,168.7,25,10,2025-11-20
STORE030,SKU04902,178.6,25,10,2025-11-20
STORE021,SKU04902,52.2,25,10,2025-11-20
STORE013,SKU04902,282.9,25,10,2025-11-20
STORE017,SKU04902,564.3,25,10,2025-11-20
STORE015,SKU04902,43.2,25,10,2025-11-20
STORE019,SKU04902,21.8,25,10,2025-11-20
STORE014,SKU04902,324.2,25,10,2025-11-20
STORE022,SKU04902,77.2,25,10,2025-11-20
STORE002,SKU04902,236.5,25,10,2025-11-20
STORE010,SKU04902,287.8,25,10,2025-11-20
STORE026,SKU04902,94.0,25,10,2025-11-20
STORE004,SKU04903,81.8,33,16,2025-11-20
STORE023,SKU04903,38.7,33,16,2025-11-20
STORE002,SKU04903,98.5,33,16,2025-11-20
STORE017,SKU04904,96.7,25,10,2025-11-20
STORE012,SKU04904,136.3,25,10,2025-11-20
STORE016,SKU04905,5.6,25,10,2025-11-20
STORE008,SKU04905,76.9,25,10,2025-11-20
STORE017,SKU04905,26.0,25,10,2025-11-20
STORE007,SKU04905,160.8,25,10,2025-11-20
STORE018,SKU04905,608.2,25,10,2025-11-20
STORE023,SKU04905,173.7,25,10,2025-11-20
STORE022,SKU04905,522.3,25,10,2025-11-20
STORE012,SKU04905,109.2,25,10,2025-11-20
STORE025,SKU04905,114.3,25,10,2025-11-20
STORE010,SKU04905,622.6,25,10,2025-11-20
STORE011,SKU04905,152.9,25,10,2025-11-20
STORE003,SKU04905,429.8,25,10,2025-11-20
STORE009,SKU04905,74.4,25,10,2025-11-20
STORE014,SKU04905,819.1,25,10,2025-11-20
STORE002,SKU04905,235.6,25,10,2025-11-20
STORE013,SKU04905,392.5,25,10,2025-11-20
STORE021,SKU04905,25.8,25,10,2025-11-20
STORE020,SKU04905,187.0,25,10,2025-11-20
STORE030,SKU04905,637.5,25,10,2025-11-20
STORE028,SKU04905,577.6,25,10,2025-11-20
STORE004,SKU04905,13.2,25,10,2025-11-20
STORE006,SKU04905,99.8,25,10,2025-11-20
STORE024,SKU04905,161.4,25,10,2025-11-20
STORE001,SKU04905,52.1,25,10,2025-11-20
STORE015,SKU04905,360.9,25,10,2025-11-20
STORE019,SKU04905,56.2,25,10,2025-11-20
STORE005,SKU04905,117.3,25,10,2025-11-20
STORE029,SKU04905,300.0,25,10,2025-11-20
STORE011,SKU04906,57.7,25,10,2025-11-20
STORE025,SKU04906,117.6,25,10,2025-11-20
STORE022,SKU04906,284.9,25,10,2025-11-20
STORE008,SKU04906,10.9,25,10,2025-11-20
STORE023,SKU04907,203.8,25,10,2025-11-20
STORE015,SKU04907,43.2,25,10,2025-11-20
STORE023,SKU04908,44.0,30,15,2025-11-20
STORE002,SKU04909,93.0,25,10,2025-11-20
STORE030,SKU04910,17.0,27,12,2025-11-20
STORE025,SKU04911,24.0,25,10,2025-11-20
STORE014,SKU04912,22.9,25,10,2025-11-20
STORE005,SKU04912,125.9,25,10,2025-11-20
STORE016,SKU04912,74.2,25,10,2025-11-20
STORE006,SKU04913,40.6,25,10,2025-11-20
STORE018,SKU04913,10.3,25,10,2025-11-20
STORE028,SKU04913,3.1,25,10,2025-11-20
STORE004,SKU04913,4.5,25,10,2025-11-20
STORE014,SKU04913,4.4,25,10,2025-11-20
STORE015,SKU04913,4.5,25,10,2025-11-20
STORE007,SKU04913,12.7,25,10,2025-11-20
STORE008,SKU04913,8.6,25,10,2025-11-20
STORE025,SKU04913,5.5,25,10,2025-11-20
STORE009,SKU04913,1.8,25,10,2025-11-20
STORE013,SKU04913,0.3,25,10,2025-11-20
STORE027,SKU04913,2.8,25,10,2025-11-20
STORE005,SKU04913,1.3,25,10,2025-11-20
STORE003,SKU04913,17.4,25,10,2025-11-20
STORE011,SKU04913,1.4,25,10,2025-11-20
STORE026,SKU04913,14.6,25,10,2025-11-20
STORE023,SKU04913,5.5,25,10,2025-11-20
STORE030,SKU04913,0.9,25,10,2025-11-20
STORE014,SKU04914,81.7,25,10,2025-11-20
STORE024,SKU04914,42.3,25,10,2025-11-20
STORE024,SKU04915,0.0,121,44,2025-10-15
STORE006,SKU04916,25.8,25,10,2025-11-20
STORE025,SKU04916,215.6,25,10,2025-11-20
STORE014,SKU04916,4.4,25,10,2025-11-20
STORE009,SKU04916,21.6,25,10,2025-11-20
STORE004,SKU04916,133.6,25,10,2025-11-20
STORE030,SKU04916,118.4,25,10,2025-11-20
STORE028,SKU04916,32.7,25,10,2025-11-20
STORE001,SKU04917,2.5,25,10,2025-11-20
STORE017,SKU04917,76.7,25,10,2025-11-20
STORE009,SKU04917,14.8,25,10,2025-11-20
STORE017,SKU04918,45.7,25,10,2025-11-20
STORE004,SKU04918,152.3,25,10,2025-11-20
STORE017,SKU04919,669.1,25,10,2025-11-20
STORE026,SKU04919,12.4,25,10,2025-11-20
STORE021,SKU04919,402.9,25,10,2025-11-20
STORE015,SKU04919,235.9,25,10,2025-11-20
STORE013,SKU04919,153.8,25,10,2025-11-20
STORE006,SKU04919,378.3,25,10,2025-11-20
STORE001,SKU04919,937.2,25,10,2025-11-20
STORE019,SKU04919,72.3,25,10,2025-11-20
STORE020,SKU04919,43.0,25,10,2025-11-20
STORE002,SKU04919,677.4,25,10,2025-11-20
STORE014,SKU04919,306.9,25,10,2025-11-20
STORE023,SKU04919,159.9,25,10,2025-11-20
STORE008,SKU04919,236.4,25,10,2025-11-20
STORE003,SKU04919,380.0,25,10,2025-11-20
STORE022,SKU04919,411.6,25,10,2025-11-20
STORE004,SKU04919,700.7,25,10,2025-11-20
STORE024,SKU04919,154.5,25,10,2025-11-20
STORE029,SKU04919,96.4,25,10,2025-11-20
STORE027,SKU04919,283.3,25,10,2025-11-20
STORE010,SKU04919,149.2,25,10,2025-11-20
STORE011,SKU04919,250.6,25,10,2025-11-20
STORE025,SKU04919,151.2,25,10,2025-11-20
STORE028,SKU04919,46.1,25,10,2025-11-20
STORE012,SKU04919,175.9,25,10,2025-11-20
STORE024,SKU04920,133.7,25,10,2025-11-20
STORE016,SKU04920,182.9,25,10,2025-11-20
STORE002,SKU04920,77.4,25,10,2025-11-20
STORE010,SKU04921,0.0,62,30,2025-10-15
STORE023,SKU04922,47.0,25,10,2025-11-20
STORE011,SKU04923,59.2,25,10,2025-11-20
STORE024,SKU04923,170.5,25,10,2025-11-20
STORE020,SKU04923,58.8,25,10,2025-11-20
STORE027,SKU04923,131.8,25,10,2025-11-20
STORE019,SKU04923,78.2,25,10,2025-11-20
STORE018,SKU04923,30.5,25,10,2025-11-20
STORE005,SKU04924,69.0,61,30,2025-11-20
STORE030,SKU04925,20.0,25,10,2025-11-20
STORE027,SKU04926,0.0,82,47,2025-10-15
STORE005,SKU04926,0.0,89,41,2025-10-15
STORE022,SKU04926,0.0,79,40,2025-10-15
STORE023,SKU04926,0.0,60,21,2025-10-15
STORE024,SKU04926,0.0,99,31,2025-10-15
STORE014,SKU04926,0.0,91,46,2025-10-15
STORE015,SKU04926,0.0,81,32,2025-10-15
STORE008,SKU04926,0.0,63,31,2025-10-15
STORE028,SKU04926,0.0,120,47,2025-10-15
STORE004,SKU04926,0.0,89,24,2025-10-15
STORE006,SKU04926,0.0,105,25,2025-10-15
STORE007,SKU04926,0.0,88,43,2025-10-15
STORE009,SKU04926,0.0,68,23,2025-10-15
STORE030,SKU04926,0.0,66,28,2025-10-15
STORE002,SKU04926,0.0,88,35,2025-10-15
STORE029,SKU04926,0.0,97,44,2025-10-15
STORE018,SKU04926,0.0,88,34,2025-10-15
STORE020,SKU04926,0.0,75,34,2025-10-15
STORE020,SKU04927,117.9,25,10,2025-11-20
STORE003,SKU04927,37.1,25,10,2025-11-20
STORE004,SKU04928,34.0,25,10,2025-11-20
STORE023,SKU04929,98.8,25,10,2025-11-20
STORE011,SKU04929,97.8,25,10,2025-11-20
STORE010,SKU04929,173.4,25,10,2025-11-20
STORE019,SKU04930,216.0,25,10,2025-11-20
STORE001,SKU04931,30.0,25,10,2025-11-20
STORE024,SKU04932,22.1,25,10,2025-11-20
STORE010,SKU04932,41.9,25,10,2025-11-20
STORE021,SKU04932,36.1,25,10,2025-11-20
STORE009,SKU04933,0.0,61,26,2025-10-15
STORE017,SKU04934,58.0,66,33,2025-11-20
STORE028,SKU04935,34.9,25,10,2025-11-20
STORE023,SKU04935,112.9,25,10,2025-11-20
STORE007,SKU04935,8.2,25,10,2025-11-20
STORE021,SKU04936,397.7,37,18,2025-11-20
STORE010,SKU04936,9.3,37,18,2025-11-20
STORE008,SKU04937,38.0,51,25,2025-11-20
STORE014,SKU04938,123.0,25,10,2025-11-20
STORE029,SKU04939,34.0,32,16,2025-11-20
STORE020,SKU04940,8.2,25,10,2025-11-20
STORE012,SKU04940,124.4,25,10,2025-11-20
STORE008,SKU04940,102.5,25,10,2025-11-20
STORE030,SKU04941,277.8,25,10,2025-11-20
STORE026,SKU04941,161.4,25,10,2025-11-20
STORE003,SKU04941,711.2,25,10,2025-11-20
STORE002,SKU04941,467.5,25,10,2025-11-20
STORE022,SKU04941,182.1,25,10,2025-11-20
STORE021,SKU04941,318.5,25,10,2025-11-20
STORE006,SKU04941,220.2,25,10,2025-11-20
STORE029,SKU04941,233.3,25,10,2025-11-20
STORE019,SKU04941,105.8,25,10,2025-11-20
STORE016,SKU04941,163.2,25,10,2025-11-20
STORE025,SKU04941,21.4,25,10,2025-11-20
STORE004,SKU04941,116.4,25,10,2025-11-20
STORE023,SKU04941,313.2,25,10,2025-11-20
STORE011,SKU04941,805.9,25,10,2025-11-20
STORE001,SKU04941,868.1,25,10,2025-11-20
STORE007,SKU04941,213.5,25,10,2025-11-20
STORE028,SKU04941,245.5,25,10,2025-11-20
STORE017,SKU04941,54.1,25,10,2025-11-20
STORE010,SKU04941,312.8,25,10,2025-11-20
STORE004,SKU04942,213.0,25,10,2025-11-20
STORE022,SKU04943,61.6,25,10,2025-11-20
STORE030,SKU04943,202.8,25,10,2025-11-20
STORE015,SKU04943,68.3,25,10,2025-11-20
STORE020,SKU04943,9.4,25,10,2025-11-20
STORE005,SKU04944,102.8,25,10,2025-11-20
STORE013,SKU04944,21.4,25,10,2025-11-20
STORE029,SKU04944,3.8,25,10,2025-11-20
STORE026,SKU04945,24.6,25,10,2025-11-20
STORE011,SKU04945,91.8,25,10,2025-11-20
STORE030,SKU04945,62.0,25,10,2025-11-20
STORE003,SKU04945,471.1,25,10,2025-11-20
STORE015,SKU04945,122.8,25,10,2025-11-20
STORE007,SKU04945,516.9,25,10,2025-11-20
STORE006,SKU04945,60.4,25,10,2025-11-20
STORE017,SKU04945,214.9,25,10,2025-11-20
STORE004,SKU04945,368.6,25,10,2025-11-20
STORE014,SKU04945,334.0,25,10,2025-11-20
STORE005,SKU04945,290.9,25,10,2025-11-20
STORE027,SKU04945,819.0,25,10,2025-11-20
STORE002,SKU04945,82.1,25,10,2025-11-20
STORE023,SKU04945,215.4,25,10,2025-11-20
STORE016,SKU04945,681.7,25,10,2025-11-20
STORE022,SKU04945,25.7,25,10,2025-11-20
STORE027,SKU04946,14.8,25,10,2025-11-20
STORE020,SKU04946,68.2,25,10,2025-11-20
STORE005,SKU04947,194.5,25,10,2025-11-20
STORE006,SKU04947,58.4,25,10,2025-11-20
STORE004,SKU04947,40.9,25,10,2025-11-20
STORE019,SKU04947,119.1,25,10,2025-11-20
STORE018,SKU04948,122.2,25,10,2025-11-20
STORE008,SKU04948,36.7,25,10,2025-11-20
STORE013,SKU04948,46.0,25,10,2025-11-20
STORE019,SKU04948,122.2,25,10,2025-11-20
STORE029,SKU04949,0.0,102,22,2025-10-15
STORE011,SKU04950,78.4,25,10,2025-11-20
STORE015,SKU04950,30.2,25,10,2025-11-20
STORE007,SKU04950,41.1,25,10,2025-11-20
STORE022,SKU04950,12.3,25,10,2025-11-20
STORE015,SKU04951,8.0,25,10,2025-11-20
STORE014,SKU04952,206.0,25,10,2025-11-20
STORE025,SKU04953,30.0,25,10,2025-11-20
STORE016,SKU04953,11.1,25,10,2025-11-20
STORE004,SKU04953,34.2,25,10,2025-11-20
STORE001,SKU04953,81.8,25,10,2025-11-20
STORE012,SKU04954,205.3,29,14,2025-11-20
STORE005,SKU04954,127.7,29,14,2025-11-20
STORE019,SKU04955,45.9,25,10,2025-11-20
STORE017,SKU04955,137.3,25,10,2025-11-20
STORE022,SKU04955,39.8,25,10,2025-11-20
STORE015,SKU04955,579.0,25,10,2025-11-20
STORE016,SKU04955,6.6,25,10,2025-11-20
STORE001,SKU04955,107.4,25,10,2025-11-20
STORE027,SKU04955,57.8,25,10,2025-11-20
STORE021,SKU04955,759.1,25,10,2025-11-20
STORE010,SKU04955,313.4,25,10,2025-11-20
STORE012,SKU04955,688.2,25,10,2025-11-20
STORE020,SKU04955,1015.6,25,10,2025-11-20
STORE003,SKU04955,194.6,25,10,2025-11-20
STORE023,SKU04955,75.6,25,10,2025-11-20
STORE007,SKU04955,61.0,25,10,2025-11-20
STORE002,SKU04955,71.4,25,10,2025-11-20
STORE005,SKU04955,349.1,25,10,2025-11-20
STORE024,SKU04955,11.7,25,10,2025-11-20
STORE006,SKU04955,14.9,25,10,2025-11-20
STORE025,SKU04955,265.2,25,10,2025-11-20
STORE018,SKU04955,290.9,25,10,2025-11-20
STORE030,SKU04955,309.8,25,10,2025-11-20
STORE011,SKU04955,131.7,25,10,2025-11-20
STORE005,SKU04956,0.0,115,44,2025-10-15
STORE013,SKU04957,41.7,25,10,2025-11-20
STORE024,SKU04957,19.4,25,10,2025-11-20
STORE026,SKU04957,2.8,25,10,2025-11-20
STORE017,SKU04958,48.3,25,10,2025-11-20
STORE008,SKU04958,92.7,25,10,2025-11-20
STORE018,SKU04959,21.4,25,10,2025-11-20
STORE016,SKU04959,172.0,25,10,2025-11-20
STORE020,SKU04959,231.6,25,10,2025-11-20
STORE002,SKU04960,106.0,25,10,2025-11-20
STORE029,SKU04961,212.0,25,10,2025-11-20
STORE007,SKU04961,35.0,25,10,2025-11-20
STORE024,SKU04962,194.0,25,10,2025-11-20
STORE010,SKU04962,141.2,25,10,2025-11-20
STORE021,SKU04962,115.7,25,10,2025-11-20
STORE012,SKU04962,27.1,25,10,2025-11-20
STORE029,SKU04963,91.0,26,11,2025-11-20
STORE002,SKU04964,25.4,25,10,2025-11-20
STORE006,SKU04964,144.4,25,10,2025-11-20
STORE020,SKU04964,222.2,25,10,2025-11-20
STORE011,SKU04965,112.6,25,10,2025-11-20
STORE017,SKU04965,28.7,25,10,2025-11-20
STORE013,SKU04965,88.3,25,10,2025-11-20
STORE015,SKU04965,36.4,25,10,2025-11-20
STORE025,SKU04966,112.0,25,10,2025-11-20
STORE013,SKU04967,256.2,25,10,2025-11-20
STORE002,SKU04967,18.8,25,10,2025-11-20
STORE008,SKU04968,68.4,25,10,2025-11-20
STORE021,SKU04968,33.6,25,10,2025-11-20
STORE025,SKU04969,48.0,26,11,2025-11-20
STORE002,SKU04970,189.4,25,10,2025-11-20
STORE009,SKU04970,99.1,25,10,2025-11-20
STORE001,SKU04970,46.5,25,10,2025-11-20
STORE020,SKU04971,6.2,25,10,2025-11-20
STORE025,SKU04971,65.2,25,10,2025-11-20
STORE024,SKU04971,394.6,25,10,2025-11-20
STORE026,SKU04971,114.0,25,10,2025-11-20
STORE007,SKU04972,75.0,25,10,2025-11-20
STORE009,SKU04972,332.0,25,10,2025-11-20
STORE014,SKU04973,127.3,46,23,2025-11-20
STORE022,SKU04973,28.7,46,23,2025-11-20
STORE023,SKU04974,22.6,25,10,2025-11-20
STORE015,SKU04974,197.4,25,10,2025-11-20
STORE022,SKU04975,10.0,27,12,2025-11-20
STORE012,SKU04976,0.0,99,29,2025-10-15
STORE003,SKU04977,134.1,25,10,2025-11-20
STORE018,SKU04977,25.9,25,10,2025-11-20
STORE023,SKU04978,22.0,38,19,2025-11-20
STORE024,SKU04979,76.0,25,10,2025-11-20
STORE005,SKU04980,86.0,25,10,2025-11-20
STORE008,SKU04981,89.0,28,13,2025-11-20
STORE026,SKU04982,92.0,25,10,2025-11-20
STORE014,SKU04983,54.1,25,10,2025-11-20
STORE018,SKU04983,145.2,25,10,2025-11-20
STORE017,SKU04983,51.7,25,10,2025-11-20
STORE004,SKU04984,189.7,25,10,2025-11-20
STORE002,SKU04984,56.3,25,10,2025-11-20
STORE003,SKU04985,193.3,25,10,2025-11-20
STORE029,SKU04985,51.8,25,10,2025-11-20
STORE008,SKU04985,187.3,25,10,2025-11-20
STORE027,SKU04985,43.7,25,10,2025-11-20
STORE018,SKU04986,26.3,25,10,2025-11-20
STORE022,SKU04986,43.4,25,10,2025-11-20
STORE005,SKU04986,3.3,25,10,2025-11-20
STORE015,SKU04987,717.5,25,10,2025-11-20
STORE006,SKU04987,206.6,25,10,2025-11-20
STORE003,SKU04987,171.8,25,10,2025-11-20
STORE002,SKU04987,443.2,25,10,2025-11-20
STORE025,SKU04987,486.7,25,10,2025-11-20
STORE011,SKU04987,179.0,25,10,2025-11-20
STORE004,SKU04987,635.2,25,10,2025-11-20
STORE008,SKU04987,16.2,25,10,2025-11-20
STORE023,SKU04987,29.1,25,10,2025-11-20
STORE009,SKU04987,220.1,25,10,2025-11-20
STORE013,SKU04987,105.9,25,10,2025-11-20
STORE027,SKU04987,151.2,25,10,2025-11-20
STORE024,SKU04987,96.4,25,10,2025-11-20
STORE010,SKU04987,125.7,25,10,2025-11-20
STORE029,SKU04987,419.2,25,10,2025-11-20
STORE028,SKU04987,218.1,25,10,2025-11-20
STORE001,SKU04987,1437.4,25,10,2025-11-20
STORE019,SKU04987,374.7,25,10,2025-11-20
STORE018,SKU04987,77.5,25,10,2025-11-20
STORE021,SKU04987,74.4,25,10,2025-11-20
STORE026,SKU04987,99.2,25,10,2025-11-20
STORE030,SKU04987,449.1,25,10,2025-11-20
STORE016,SKU04987,6.7,25,10,2025-11-20
STORE007,SKU04987,63.4,25,10,2025-11-20
STORE020,SKU04987,570.3,25,10,2025-11-20
STORE022,SKU04987,247.5,25,10,2025-11-20
STORE014,SKU04987,62.4,25,10,2025-11-20
STORE017,SKU04987,60.0,25,10,2025-11-20
STORE012,SKU04987,481.1,25,10,2025-11-20
STORE005,SKU04987,543.4,25,10,2025-11-20
STORE029,SKU04988,66.5,25,10,2025-11-20
STORE025,SKU04988,122.5,25,10,2025-11-20
STORE022,SKU04989,163.1,25,10,2025-11-20
STORE013,SKU04989,133.6,25,10,2025-11-20
STORE017,SKU04989,152.4,25,10,2025-11-20
STORE004,SKU04990,30.1,25,10,2025-11-20
STORE024,SKU04990,99.9,25,10,2025-11-20
STORE025,SKU04991,80.3,25,10,2025-11-20
STORE021,SKU04991,34.7,25,10,2025-11-20
STORE014,SKU04991,251.0,25,10,2025-11-20
STORE008,SKU04992,78.0,30,15,2025-11-20
STORE014,SKU04993,39.0,25,10,2025-11-20
STORE027,SKU04994,78.0,25,10,2025-11-20
STORE001,SKU04995,214.0,26,11,2025-11-20
STORE008,SKU04995,40.0,26,11,2025-11-20
STORE018,SKU04996,317.9,25,10,2025-11-20
STORE019,SKU04996,12.2,25,10,2025-11-20
STORE022,SKU04996,281.1,25,10,2025-11-20
STORE028,SKU04996,377.5,25,10,2025-11-20
STORE027,SKU04996,137.5,25,10,2025-11-20
STORE003,SKU04996,72.5,25,10,2025-11-20
STORE021,SKU04996,230.5,25,10,2025-11-20
STORE023,SKU04996,535.2,25,10,2025-11-20
STORE016,SKU04996,116.8,25,10,2025-11-20
STORE008,SKU04996,87.0,25,10,2025-11-20
STORE013,SKU04996,97.7,25,10,2025-11-20
STORE001,SKU04996,890.1,25,10,2025-11-20
STORE015,SKU04996,133.0,25,10,2025-11-20
STORE017,SKU04996,1.1,25,10,2025-11-20
STORE010,SKU04996,454.8,25,10,2025-11-20
STORE011,SKU04996,359.1,25,10,2025-11-20
STORE024,SKU04996,41.1,25,10,2025-11-20
STORE007,SKU04996,1253.1,25,10,2025-11-20
STORE014,SKU04996,279.9,25,10,2025-11-20
STORE006,SKU04997,145.3,25,10,2025-11-20
STORE002,SKU04997,100.7,25,10,2025-11-20
STORE002,SKU04998,115.0,87,43,2025-11-20
STORE001,SKU04999,32.2,25,10,2025-11-20
STORE012,SKU04999,38.8,25,10,2025-11-20
STORE005,SKU05000,28.2,25,10,2025-11-20
STORE003,SKU05000,307.4,25,10,2025-11-20
STORE009,SKU05000,195.5,25,10,2025-11-20
STORE023,SKU05000,202.8,25,10,2025-11-20
STORE027,SKU05000,53.2,25,10,2025-11-20
STORE004,SKU05000,227.5,25,10,2025-11-20
STORE002,SKU05000,313.2,25,10,2025-11-20
STORE016,SKU05000,95.7,25,10,2025-11-20
STORE001,SKU05000,349.1,25,10,2025-11-20
STORE015,SKU05000,92.6,25,10,2025-11-20
STORE025,SKU05000,306.5,25,10,2025-11-20
STORE014,SKU05000,7.4,25,10,2025-11-20
STORE008,SKU05000,173.0,25,10,2025-11-20
STORE028,SKU05000,753.9,25,10,2025-11-20
STORE012,SKU05000,858.8,25,10,2025-11-20
STORE019,SKU05000,71.5,25,10,2025-11-20
STORE013,SKU05000,125.8,25,10,2025-11-20
STORE022,SKU05000,14.0,25,10,2025-11-20
STORE011,SKU05000,446.3,25,10,2025-11-20
STORE026,SKU05000,181.6,25,10,2025-11-20
