sku_id,flag,affected_stores,window_start,window_end,notes
SKU00002,STOCKOUT_RISK,"STORE021, STORE004, STORE001, STORE024, STORE009, STORE008, STORE025, STORE005, STORE029, STORE018, STORE003, STORE019, STORE014, STORE002",2025-11-01,2025-12-31,High demand velocity item. Zero or depleted stock on hand across 14 stores.
SKU00020,STOCKOUT_RISK,"STORE001, STORE003, STORE007, STORE008, STORE017, STORE020, STORE030, STORE018, STORE028, STORE021, STORE023, STORE014, STORE027",2025-11-01,2025-12-31,High demand velocity item. Zero or depleted stock on hand across 13 stores.
SKU00024,SLOW_MOVER,"STORE015, STORE019, STORE009, STORE026, STORE001, STORE025, STORE006, STORE023, STORE014, STORE011, STORE028, STORE005, STORE007, STORE021, STORE004, STORE002, STORE018, STORE030, STORE024, STORE012, STORE010, STORE029, STORE027, STORE017, STORE016",2025-11-01,2025-12-31,Low demand velocity. Excess inventory carrying 7147.7 days of cover.
SKU00050,STOCKOUT_RISK,"STORE018, STORE004, STORE013, STORE003, STORE030, STORE010, STORE021, STORE020, STORE012, STORE019, STORE007",2025-11-01,2025-12-31,High demand velocity item. Zero or depleted stock on hand across 11 stores.
SKU00052,SLOW_MOVER,"STORE023, STORE003, STORE002, STORE022, STORE008, STORE025, STORE010, STORE029, STORE026, STORE004, STORE013, STORE009, STORE015, STORE012, STORE006, STORE016, STORE018, STORE021, STORE011, STORE005, STORE028, STORE030",2025-11-01,2025-12-31,Low demand velocity. Excess inventory carrying 5804.2 days of cover.
SKU00062,STOCKOUT_RISK,"STORE018, STORE024, STORE008, STORE006, STORE015, STORE013, STORE009, STORE021, STORE030, STORE028, STORE011, STORE002, STORE023, STORE019, STORE020",2025-11-01,2025-12-31,High demand velocity item. Zero or depleted stock on hand across 15 stores.
SKU00066,SLOW_MOVER,"STORE013, STORE009, STORE003, STORE007, STORE019, STORE023, STORE011, STORE027, STORE021, STORE016, STORE030, STORE015, STORE005, STORE029, STORE018, STORE004, STORE012, STORE017, STORE020, STORE022",2025-11-01,2025-12-31,Low demand velocity. Excess inventory carrying 5680.8 days of cover.
SKU00075,SLOW_MOVER,"STORE024, STORE019, STORE014, STORE029, STORE013, STORE012, STORE008, STORE005, STORE017, STORE016, STORE003, STORE002, STORE004, STORE023, STORE006, STORE026, STORE011, STORE007, STORE010, STORE027, STORE015",2025-11-01,2025-12-31,Low demand velocity. Excess inventory carrying 6268.5 days of cover.
SKU00079,STOCKOUT_RISK,"STORE013, STORE020, STORE015, STORE017, STORE009, STORE018, STORE001, STORE022, STORE004, STORE025, STORE026, STORE011, STORE023",2025-11-01,2025-12-31,High demand velocity item. Zero or depleted stock on hand across 13 stores.
SKU00090,SLOW_MOVER,"STORE010, STORE014, STORE006, STORE015, STORE001, STORE024, STORE025, STORE009, STORE017, STORE028, STORE022, STORE004, STORE030, STORE020, STORE007, STORE003, STORE021, STORE013, STORE027, STORE023, STORE011, STORE026, STORE029",2025-11-01,2025-12-31,Low demand velocity. Excess inventory carrying 8748.2 days of cover.
SKU00127,SLOW_MOVER,"STORE016, STORE001, STORE004, STORE012, STORE026, STORE010, STORE008, STORE002, STORE024, STORE019, STORE003, STORE020, STORE030, STORE021, STORE005, STORE017, STORE011, STORE022, STORE009",2025-11-01,2025-12-31,Low demand velocity. Excess inventory carrying 5590.6 days of cover.
SKU00150,SLOW_MOVER,"STORE006, STORE009, STORE017, STORE020, STORE014, STORE007, STORE018, STORE023, STORE025, STORE010, STORE013, STORE012, STORE015, STORE028, STORE024, STORE002",2025-11-01,2025-12-31,Low demand velocity. Excess inventory carrying 5214.0 days of cover.
SKU00155,SLOW_MOVER,"STORE008, STORE030, STORE003, STORE011, STORE001, STORE019, STORE018, STORE029, STORE025, STORE023, STORE026, STORE028, STORE002, STORE021, STORE022, STORE015, STORE020, STORE006, STORE024, STORE009, STORE004, STORE005, STORE017, STORE012, STORE027, STORE007, STORE010, STORE014, STORE013",2025-11-01,2025-12-31,Low demand velocity. Excess inventory carrying 8507.6 days of cover.
SKU00167,SLOW_MOVER,"STORE026, STORE014, STORE007, STORE004, STORE027, STORE022, STORE029, STORE012, STORE024, STORE025, STORE015, STORE002, STORE030, STORE019, STORE013, STORE023, STORE006, STORE016, STORE017, STORE018, STORE011, STORE010, STORE008, STORE020, STORE009, STORE028, STORE003, STORE005, STORE001, STORE021",2025-11-01,2025-12-31,Low demand velocity. Excess inventory carrying 7965.0 days of cover.
SKU00169,STOCKOUT_RISK,"STORE015, STORE026, STORE028, STORE018, STORE004, STORE002, STORE021, STORE027, STORE001, STORE003, STORE008, STORE006, STORE014, STORE016",2025-11-01,2025-12-31,High demand velocity item. Zero or depleted stock on hand across 14 stores.
SKU00170,SLOW_MOVER,"STORE016, STORE007, STORE028, STORE013, STORE002, STORE006, STORE027, STORE001, STORE024, STORE009, STORE015, STORE010, STORE014, STORE030, STORE005, STORE004, STORE017, STORE020, STORE023, STORE019, STORE021, STORE012, STORE025, STORE011, STORE029, STORE018, STORE022, STORE003, STORE008",2025-11-01,2025-12-31,Low demand velocity. Excess inventory carrying 8289.0 days of cover.
SKU00177,STOCKOUT_RISK,"STORE002, STORE017, STORE003, STORE006, STORE028, STORE020, STORE026, STORE022, STORE008, STORE013, STORE004",2025-11-01,2025-12-31,High demand velocity item. Zero or depleted stock on hand across 11 stores.
SKU00186,SLOW_MOVER,"STORE029, STORE019, STORE008, STORE030, STORE020, STORE002, STORE026, STORE003, STORE014, STORE027, STORE021, STORE017, STORE011, STORE009, STORE007, STORE018, STORE012, STORE006, STORE004, STORE005",2025-11-01,2025-12-31,Low demand velocity. Excess inventory carrying 4855.3 days of cover.
SKU00190,STOCKOUT_RISK,"STORE013, STORE005, STORE022, STORE021, STORE010, STORE015, STORE011, STORE003, STORE001, STORE025, STORE020, STORE019, STORE004, STORE023, STORE007, STORE009, STORE029",2025-11-01,2025-12-31,High demand velocity item. Zero or depleted stock on hand across 17 stores.
SKU00237,SLOW_MOVER,"STORE005, STORE012, STORE003, STORE008, STORE029, STORE010, STORE006, STORE015, STORE018, STORE025, STORE020, STORE017, STORE001, STORE021, STORE004, STORE023, STORE028, STORE030",2025-11-01,2025-12-31,Low demand velocity. Excess inventory carrying 6703.9 days of cover.
SKU00240,SLOW_MOVER,"STORE004, STORE029, STORE030, STORE024, STORE018, STORE005, STORE009, STORE010, STORE020, STORE007, STORE011, STORE021, STORE027, STORE017, STORE016, STORE025, STORE014, STORE001, STORE002, STORE022, STORE019, STORE015, STORE013, STORE008, STORE003, STORE012, STORE006, STORE023",2025-11-01,2025-12-31,Low demand velocity. Excess inventory carrying 8977.9 days of cover.
SKU00251,SLOW_MOVER,"STORE024, STORE015, STORE018, STORE023, STORE014, STORE028, STORE001, STORE004, STORE003, STORE005, STORE025, STORE002, STORE012, STORE021, STORE026, STORE022, STORE030, STORE017, STORE006, STORE016, STORE020, STORE027, STORE009",2025-11-01,2025-12-31,Low demand velocity. Excess inventory carrying 7149.3 days of cover.
SKU00254,STOCKOUT_RISK,"STORE022, STORE004, STORE012, STORE025, STORE018, STORE014, STORE020, STORE005, STORE008, STORE006, STORE021, STORE027, STORE001, STORE024, STORE011",2025-11-01,2025-12-31,High demand velocity item. Zero or depleted stock on hand across 15 stores.
SKU00262,SLOW_MOVER,"STORE026, STORE014, STORE030, STORE022, STORE024, STORE008, STORE009, STORE006, STORE004, STORE013, STORE002, STORE016, STORE025, STORE007, STORE015, STORE023, STORE005, STORE021",2025-11-01,2025-12-31,Low demand velocity. Excess inventory carrying 4334.9 days of cover.
SKU00263,STOCKOUT_RISK,"STORE028, STORE008, STORE029, STORE001, STORE022, STORE007, STORE013, STORE011, STORE009, STORE003, STORE026, STORE012",2025-11-01,2025-12-31,High demand velocity item. Zero or depleted stock on hand across 12 stores.
SKU00264,STOCKOUT_RISK,"STORE021, STORE017, STORE013, STORE022, STORE018, STORE011, STORE001, STORE004, STORE009, STORE006, STORE019, STORE027, STORE002, STORE023, STORE014, STORE030, STORE012, STORE028, STORE015",2025-11-01,2025-12-31,High demand velocity item. Zero or depleted stock on hand across 19 stores.
SKU00285,STOCKOUT_RISK,"STORE014, STORE020, STORE017, STORE004, STORE013, STORE019, STORE007, STORE009, STORE002, STORE030, STORE001, STORE028, STORE018, STORE024, STORE012, STORE025",2025-11-01,2025-12-31,High demand velocity item. Zero or depleted stock on hand across 16 stores.
SKU00286,STOCKOUT_RISK,"STORE003, STORE022, STORE011, STORE020, STORE028, STORE029, STORE004, STORE010, STORE017, STORE023, STORE014, STORE026, STORE013, STORE021",2025-11-01,2025-12-31,High demand velocity item. Zero or depleted stock on hand across 14 stores.
SKU00291,STOCKOUT_RISK,"STORE018, STORE005, STORE007, STORE014, STORE022, STORE013, STORE026, STORE006, STORE020, STORE019",2025-11-01,2025-12-31,High demand velocity item. Zero or depleted stock on hand across 10 stores.
SKU00305,SLOW_MOVER,"STORE010, STORE013, STORE018, STORE027, STORE001, STORE030, STORE025, STORE007, STORE014, STORE019, STORE020, STORE011, STORE015, STORE028, STORE017, STORE021, STORE004, STORE009, STORE008, STORE003, STORE002, STORE005, STORE006, STORE026",2025-11-01,2025-12-31,Low demand velocity. Excess inventory carrying 6965.8 days of cover.
SKU00317,SLOW_MOVER,"STORE027, STORE025, STORE008, STORE022, STORE010, STORE028, STORE007, STORE005, STORE001, STORE002, STORE029, STORE016, STORE003, STORE015, STORE014, STORE017, STORE011, STORE026, STORE004, STORE024, STORE020, STORE019, STORE012, STORE021, STORE006, STORE030",2025-11-01,2025-12-31,Low demand velocity. Excess inventory carrying 6534.1 days of cover.
SKU00328,STOCKOUT_RISK,"STORE029, STORE025, STORE028, STORE030, STORE004, STORE027, STORE014, STORE008, STORE006, STORE017, STORE015, STORE002, STORE018, STORE023, STORE026",2025-11-01,2025-12-31,High demand velocity item. Zero or depleted stock on hand across 15 stores.
SKU00330,SLOW_MOVER,"STORE015, STORE005, STORE026, STORE030, STORE022, STORE017, STORE018, STORE020, STORE011, STORE027, STORE023, STORE025, STORE014, STORE021, STORE006",2025-11-01,2025-12-31,Low demand velocity. Excess inventory carrying 4921.8 days of cover.
SKU00331,SLOW_MOVER,"STORE024, STORE028, STORE016, STORE015, STORE009, STORE025, STORE008, STORE021, STORE026, STORE017, STORE029, STORE030, STORE022, STORE027, STORE003, STORE012, STORE005, STORE004, STORE014, STORE006, STORE011, STORE018, STORE002, STORE019, STORE007, STORE010, STORE013, STORE020, STORE001, STORE023",2025-11-01,2025-12-31,Low demand velocity. Excess inventory carrying 8273.0 days of cover.
SKU00342,SLOW_MOVER,"STORE003, STORE014, STORE029, STORE011, STORE018, STORE015, STORE028, STORE002, STORE007, STORE024, STORE013, STORE019, STORE001, STORE020, STORE016, STORE026, STORE006, STORE005, STORE022, STORE012",2025-11-01,2025-12-31,Low demand velocity. Excess inventory carrying 5313.3 days of cover.
SKU00350,SLOW_MOVER,"STORE018, STORE024, STORE029, STORE030, STORE026, STORE020, STORE008, STORE016, STORE028, STORE009, STORE014, STORE023, STORE001, STORE013, STORE011, STORE019, STORE015, STORE017, STORE007, STORE003",2025-11-01,2025-12-31,Low demand velocity. Excess inventory carrying 6142.2 days of cover.
SKU00354,SLOW_MOVER,"STORE027, STORE015, STORE005, STORE020, STORE018, STORE001, STORE013, STORE019, STORE023, STORE025, STORE003, STORE014, STORE028, STORE029, STORE006, STORE021, STORE026, STORE007, STORE016, STORE004, STORE008, STORE012, STORE009, STORE024",2025-11-01,2025-12-31,Low demand velocity. Excess inventory carrying 7431.3 days of cover.
SKU00355,SLOW_MOVER,"STORE029, STORE013, STORE009, STORE025, STORE014, STORE028, STORE003, STORE016, STORE001, STORE018, STORE002, STORE012, STORE008, STORE024, STORE020, STORE030, STORE022, STORE004, STORE015, STORE026, STORE010, STORE017, STORE019, STORE023, STORE021, STORE011, STORE007, STORE006, STORE027",2025-11-01,2025-12-31,Low demand velocity. Excess inventory carrying 8892.5 days of cover.
SKU00363,STOCKOUT_RISK,"STORE025, STORE012, STORE006, STORE020, STORE027, STORE024, STORE023, STORE004, STORE028, STORE010, STORE030, STORE019",2025-11-01,2025-12-31,High demand velocity item. Zero or depleted stock on hand across 12 stores.
SKU00369,STOCKOUT_RISK,"STORE001, STORE010, STORE019, STORE022, STORE013, STORE026, STORE023, STORE007, STORE003, STORE028, STORE008, STORE004, STORE029",2025-11-01,2025-12-31,High demand velocity item. Zero or depleted stock on hand across 13 stores.
SKU00371,SLOW_MOVER,"STORE028, STORE022, STORE020, STORE026, STORE004, STORE019, STORE002, STORE012, STORE018, STORE014, STORE023, STORE003, STORE017, STORE011, STORE001, STORE021, STORE007, STORE008, STORE024, STORE015, STORE006, STORE013, STORE025",2025-11-01,2025-12-31,Low demand velocity. Excess inventory carrying 7071.1 days of cover.
SKU00376,STOCKOUT_RISK,"STORE014, STORE006, STORE024, STORE017, STORE021, STORE009, STORE020, STORE018, STORE016, STORE015, STORE030, STORE019, STORE025, STORE011, STORE008, STORE028, STORE002, STORE005",2025-11-01,2025-12-31,High demand velocity item. Zero or depleted stock on hand across 18 stores.
SKU00385,SLOW_MOVER,"STORE029, STORE015, STORE008, STORE025, STORE030, STORE019, STORE020, STORE022, STORE013, STORE011, STORE001, STORE016, STORE021, STORE006, STORE027, STORE004, STORE017, STORE023, STORE005, STORE014, STORE012, STORE010",2025-11-01,2025-12-31,Low demand velocity. Excess inventory carrying 5993.4 days of cover.
SKU00389,SLOW_MOVER,"STORE018, STORE001, STORE017, STORE007, STORE003, STORE008, STORE024, STORE014, STORE016, STORE030, STORE025, STORE022, STORE019, STORE015, STORE029, STORE002, STORE005, STORE004, STORE027, STORE013, STORE023, STORE006, STORE020, STORE010, STORE012, STORE026",2025-11-01,2025-12-31,Low demand velocity. Excess inventory carrying 8128.9 days of cover.
SKU00401,SLOW_MOVER,"STORE014, STORE024, STORE018, STORE011, STORE012, STORE023, STORE015, STORE009, STORE010, STORE025, STORE008, STORE004, STORE007, STORE027, STORE019, STORE026, STORE021, STORE013, STORE029, STORE003, STORE016, STORE022, STORE020, STORE017",2025-11-01,2025-12-31,Low demand velocity. Excess inventory carrying 8022.1 days of cover.
SKU00416,STOCKOUT_RISK,"STORE024, STORE019, STORE025, STORE017, STORE020, STORE010, STORE004, STORE007, STORE028, STORE008, STORE012, STORE006, STORE022, STORE001, STORE005, STORE016, STORE027, STORE014",2025-11-01,2025-12-31,High demand velocity item. Zero or depleted stock on hand across 18 stores.
SKU00421,SLOW_MOVER,"STORE018, STORE010, STORE023, STORE005, STORE021, STORE025, STORE016, STORE004, STORE001, STORE019, STORE029, STORE024, STORE026, STORE015, STORE011, STORE003, STORE022, STORE027, STORE008, STORE002",2025-11-01,2025-12-31,Low demand velocity. Excess inventory carrying 5654.0 days of cover.
SKU00445,STOCKOUT_RISK,"STORE027, STORE003, STORE013, STORE016, STORE029, STORE019, STORE021, STORE022, STORE002, STORE005, STORE024, STORE025, STORE010, STORE026, STORE008",2025-11-01,2025-12-31,High demand velocity item. Zero or depleted stock on hand across 15 stores.
SKU00449,SLOW_MOVER,"STORE004, STORE018, STORE025, STORE014, STORE020, STORE026, STORE028, STORE008, STORE017, STORE013, STORE015, STORE024, STORE010, STORE027, STORE029, STORE016, STORE019, STORE001, STORE022, STORE002, STORE030",2025-11-01,2025-12-31,Low demand velocity. Excess inventory carrying 5792.7 days of cover.
SKU00462,SLOW_MOVER,"STORE021, STORE007, STORE009, STORE022, STORE003, STORE006, STORE008, STORE025, STORE018, STORE026, STORE023, STORE001, STORE014, STORE015, STORE016, STORE005, STORE019, STORE004",2025-11-01,2025-12-31,Low demand velocity. Excess inventory carrying 4414.6 days of cover.
SKU00466,SLOW_MOVER,"STORE010, STORE023, STORE030, STORE029, STORE015, STORE003, STORE022, STORE008, STORE009, STORE021, STORE019, STORE007, STORE014, STORE004, STORE027, STORE011",2025-11-01,2025-12-31,Low demand velocity. Excess inventory carrying 4764.9 days of cover.
SKU00484,STOCKOUT_RISK,"STORE005, STORE009, STORE027, STORE030, STORE003, STORE002, STORE006, STORE010, STORE020, STORE019, STORE023, STORE015, STORE004, STORE021",2025-11-01,2025-12-31,High demand velocity item. Zero or depleted stock on hand across 14 stores.
SKU00498,SLOW_MOVER,"STORE023, STORE010, STORE030, STORE013, STORE009, STORE017, STORE018, STORE016, STORE015, STORE003, STORE020, STORE002, STORE014, STORE011, STORE026, STORE001, STORE019, STORE004, STORE025, STORE029, STORE012, STORE022, STORE005, STORE008, STORE028, STORE024",2025-11-01,2025-12-31,Low demand velocity. Excess inventory carrying 8771.8 days of cover.
SKU00500,STOCKOUT_RISK,"STORE016, STORE017, STORE021, STORE015, STORE009, STORE006, STORE019, STORE014, STORE028, STORE030, STORE003, STORE022, STORE012, STORE023, STORE011, STORE025, STORE024, STORE002",2025-11-01,2025-12-31,High demand velocity item. Zero or depleted stock on hand across 18 stores.
SKU00501,SLOW_MOVER,"STORE028, STORE006, STORE011, STORE014, STORE023, STORE016, STORE010, STORE022, STORE013, STORE018, STORE002, STORE015, STORE003, STORE030, STORE009, STORE029, STORE020",2025-11-01,2025-12-31,Low demand velocity. Excess inventory carrying 5661.8 days of cover.
SKU00506,STOCKOUT_RISK,"STORE025, STORE013, STORE028, STORE017, STORE001, STORE022, STORE018, STORE015, STORE014, STORE002, STORE007, STORE027, STORE012",2025-11-01,2025-12-31,High demand velocity item. Zero or depleted stock on hand across 13 stores.
SKU00507,SLOW_MOVER,"STORE020, STORE025, STORE016, STORE021, STORE015, STORE029, STORE002, STORE007, STORE009, STORE018, STORE005, STORE010, STORE026, STORE028, STORE004, STORE001",2025-11-01,2025-12-31,Low demand velocity. Excess inventory carrying 4933.4 days of cover.
SKU00516,SLOW_MOVER,"STORE021, STORE020, STORE026, STORE008, STORE023, STORE006, STORE010, STORE018, STORE001, STORE028, STORE014, STORE003, STORE027, STORE004, STORE015, STORE002, STORE011, STORE019, STORE030, STORE005, STORE009",2025-11-01,2025-12-31,Low demand velocity. Excess inventory carrying 6778.3 days of cover.
SKU00521,SLOW_MOVER,"STORE023, STORE009, STORE014, STORE027, STORE016, STORE026, STORE008, STORE015, STORE018, STORE005, STORE013, STORE007, STORE017, STORE021, STORE003, STORE022, STORE020, STORE028",2025-11-01,2025-12-31,Low demand velocity. Excess inventory carrying 4660.8 days of cover.
SKU00524,SLOW_MOVER,"STORE028, STORE014, STORE011, STORE026, STORE017, STORE009, STORE001, STORE010, STORE023, STORE019, STORE021, STORE016, STORE005, STORE015, STORE020, STORE006, STORE027, STORE025, STORE013, STORE007, STORE008, STORE029, STORE004, STORE012, STORE002, STORE018, STORE022",2025-11-01,2025-12-31,Low demand velocity. Excess inventory carrying 8043.6 days of cover.
SKU00531,STOCKOUT_RISK,"STORE008, STORE028, STORE025, STORE014, STORE002, STORE011, STORE024, STORE016, STORE013, STORE022, STORE005, STORE023, STORE026, STORE020, STORE029",2025-11-01,2025-12-31,High demand velocity item. Zero or depleted stock on hand across 15 stores.
SKU00532,SLOW_MOVER,"STORE028, STORE004, STORE030, STORE015, STORE029, STORE017, STORE027, STORE001, STORE005, STORE014, STORE022, STORE003, STORE016, STORE009, STORE011, STORE010, STORE012, STORE007, STORE018, STORE002, STORE006, STORE025, STORE013, STORE019, STORE024, STORE026, STORE023, STORE008",2025-11-01,2025-12-31,Low demand velocity. Excess inventory carrying 7252.4 days of cover.
SKU00535,SLOW_MOVER,"STORE003, STORE008, STORE021, STORE022, STORE010, STORE029, STORE024, STORE030, STORE014, STORE004, STORE028, STORE015, STORE006, STORE026, STORE001, STORE016, STORE018, STORE013, STORE019, STORE005, STORE027, STORE017, STORE007, STORE002, STORE025, STORE011, STORE020",2025-11-01,2025-12-31,Low demand velocity. Excess inventory carrying 7787.5 days of cover.
SKU00538,STOCKOUT_RISK,"STORE019, STORE022, STORE026, STORE006, STORE027, STORE028, STORE003, STORE020, STORE013, STORE023, STORE008, STORE016, STORE005, STORE021, STORE015",2025-11-01,2025-12-31,High demand velocity item. Zero or depleted stock on hand across 15 stores.
SKU00539,STOCKOUT_RISK,"STORE021, STORE009, STORE015, STORE029, STORE022, STORE001, STORE028, STORE010, STORE026, STORE018, STORE006, STORE003, STORE024, STORE012, STORE023, STORE011, STORE007, STORE017",2025-11-01,2025-12-31,High demand velocity item. Zero or depleted stock on hand across 18 stores.
SKU00546,SLOW_MOVER,"STORE009, STORE015, STORE028, STORE010, STORE007, STORE013, STORE016, STORE004, STORE008, STORE025, STORE019, STORE012, STORE027, STORE018, STORE001, STORE014, STORE011, STORE026, STORE005, STORE024, STORE017, STORE029, STORE022, STORE021, STORE003, STORE002",2025-11-01,2025-12-31,Low demand velocity. Excess inventory carrying 7883.0 days of cover.
SKU00550,SLOW_MOVER,"STORE020, STORE026, STORE012, STORE008, STORE021, STORE007, STORE030, STORE009, STORE022, STORE005, STORE004, STORE002, STORE010, STORE015, STORE019, STORE018, STORE006, STORE028, STORE003, STORE016, STORE029, STORE014, STORE025, STORE011, STORE027, STORE023, STORE013, STORE024, STORE017",2025-11-01,2025-12-31,Low demand velocity. Excess inventory carrying 9842.8 days of cover.
SKU00551,SLOW_MOVER,"STORE027, STORE006, STORE009, STORE030, STORE016, STORE010, STORE024, STORE011, STORE004, STORE015, STORE003, STORE005, STORE008, STORE013, STORE012, STORE002",2025-11-01,2025-12-31,Low demand velocity. Excess inventory carrying 5109.9 days of cover.
SKU00553,SLOW_MOVER,"STORE026, STORE013, STORE001, STORE009, STORE018, STORE004, STORE015, STORE012, STORE022, STORE027, STORE019, STORE029, STORE023, STORE025, STORE008, STORE016, STORE028, STORE010, STORE021, STORE006, STORE020, STORE017, STORE002",2025-11-01,2025-12-31,Low demand velocity. Excess inventory carrying 6721.7 days of cover.
SKU00571,SLOW_MOVER,"STORE021, STORE027, STORE015, STORE023, STORE010, STORE030, STORE014, STORE004, STORE005, STORE002, STORE025, STORE026, STORE016, STORE029, STORE017, STORE018, STORE009, STORE003, STORE007",2025-11-01,2025-12-31,Low demand velocity. Excess inventory carrying 5588.8 days of cover.
SKU00574,SLOW_MOVER,"STORE015, STORE012, STORE022, STORE024, STORE023, STORE018, STORE014, STORE019, STORE005, STORE027, STORE004, STORE016, STORE021, STORE009, STORE002, STORE029, STORE006, STORE020, STORE008, STORE030, STORE013",2025-11-01,2025-12-31,Low demand velocity. Excess inventory carrying 6862.0 days of cover.
SKU00584,SLOW_MOVER,"STORE028, STORE012, STORE004, STORE022, STORE029, STORE018, STORE021, STORE026, STORE002, STORE013, STORE009, STORE007, STORE030, STORE015, STORE003, STORE011, STORE025, STORE017, STORE024, STORE010",2025-11-01,2025-12-31,Low demand velocity. Excess inventory carrying 5470.8 days of cover.
SKU00589,SLOW_MOVER,"STORE001, STORE002, STORE026, STORE011, STORE008, STORE005, STORE019, STORE007, STORE003, STORE018, STORE023, STORE024, STORE020, STORE028, STORE027, STORE013, STORE022, STORE015, STORE010, STORE030",2025-11-01,2025-12-31,Low demand velocity. Excess inventory carrying 6467.7 days of cover.
SKU00592,SLOW_MOVER,"STORE009, STORE028, STORE005, STORE029, STORE018, STORE030, STORE006, STORE004, STORE022, STORE001, STORE027, STORE021, STORE012, STORE008, STORE011, STORE019, STORE003",2025-11-01,2025-12-31,Low demand velocity. Excess inventory carrying 5729.3 days of cover.
SKU00608,SLOW_MOVER,"STORE009, STORE002, STORE005, STORE024, STORE014, STORE017, STORE004, STORE003, STORE016, STORE015, STORE012, STORE025, STORE027, STORE021, STORE008, STORE010",2025-11-01,2025-12-31,Low demand velocity. Excess inventory carrying 3495.0 days of cover.
SKU00628,STOCKOUT_RISK,"STORE002, STORE024, STORE026, STORE022, STORE017, STORE010, STORE015, STORE021, STORE001, STORE030, STORE016",2025-11-01,2025-12-31,High demand velocity item. Zero or depleted stock on hand across 11 stores.
SKU00631,SLOW_MOVER,"STORE028, STORE013, STORE014, STORE022, STORE004, STORE016, STORE023, STORE015, STORE003, STORE027, STORE011, STORE005, STORE021, STORE019, STORE009, STORE010",2025-11-01,2025-12-31,Low demand velocity. Excess inventory carrying 5396.7 days of cover.
SKU00638,SLOW_MOVER,"STORE021, STORE019, STORE018, STORE023, STORE011, STORE013, STORE020, STORE017, STORE010, STORE015, STORE027, STORE014, STORE004, STORE028, STORE007, STORE016, STORE008, STORE024, STORE030, STORE006, STORE029, STORE012, STORE009, STORE026",2025-11-01,2025-12-31,Low demand velocity. Excess inventory carrying 6375.4 days of cover.
SKU00645,SLOW_MOVER,"STORE004, STORE011, STORE014, STORE029, STORE022, STORE009, STORE012, STORE005, STORE026, STORE016, STORE003, STORE020, STORE019, STORE018, STORE028, STORE002, STORE024, STORE021, STORE006, STORE017, STORE025, STORE001, STORE013, STORE008, STORE010, STORE030, STORE027, STORE023",2025-11-01,2025-12-31,Low demand velocity. Excess inventory carrying 9632.0 days of cover.
SKU00649,SLOW_MOVER,"STORE025, STORE014, STORE028, STORE024, STORE002, STORE010, STORE020, STORE030, STORE012, STORE004, STORE019, STORE017, STORE007, STORE005, STORE016, STORE021, STORE029, STORE026, STORE006, STORE009, STORE022, STORE013, STORE027, STORE008, STORE011, STORE015, STORE001, STORE003, STORE023, STORE018",2025-11-01,2025-12-31,Low demand velocity. Excess inventory carrying 10544.7 days of cover.
SKU00654,SLOW_MOVER,"STORE006, STORE009, STORE023, STORE025, STORE010, STORE011, STORE012, STORE001, STORE030, STORE005, STORE019, STORE013, STORE003, STORE021, STORE028, STORE002, STORE024, STORE029, STORE004, STORE007, STORE027, STORE008, STORE022, STORE015, STORE018, STORE020, STORE017",2025-11-01,2025-12-31,Low demand velocity. Excess inventory carrying 8633.3 days of cover.
SKU00679,SLOW_MOVER,"STORE025, STORE019, STORE020, STORE003, STORE002, STORE005, STORE006, STORE028, STORE026, STORE027, STORE009, STORE015, STORE014, STORE016, STORE029, STORE007, STORE030, STORE004, STORE023, STORE022",2025-11-01,2025-12-31,Low demand velocity. Excess inventory carrying 5275.6 days of cover.
SKU00682,SLOW_MOVER,"STORE012, STORE014, STORE004, STORE010, STORE022, STORE026, STORE019, STORE016, STORE017, STORE027, STORE002, STORE008, STORE013, STORE020, STORE001, STORE028, STORE005, STORE015, STORE003, STORE029, STORE011, STORE006, STORE025, STORE023, STORE018, STORE009, STORE024, STORE007, STORE021, STORE030",2025-11-01,2025-12-31,Low demand velocity. Excess inventory carrying 8844.3 days of cover.
SKU00691,SLOW_MOVER,"STORE017, STORE018, STORE027, STORE022, STORE026, STORE012, STORE003, STORE013, STORE002, STORE014, STORE001, STORE015, STORE024, STORE011, STORE021, STORE010, STORE007, STORE025, STORE030, STORE016, STORE005, STORE028, STORE023, STORE020, STORE029",2025-11-01,2025-12-31,Low demand velocity. Excess inventory carrying 7432.5 days of cover.
SKU00692,STOCKOUT_RISK,"STORE006, STORE026, STORE020, STORE015, STORE023, STORE012, STORE003, STORE014, STORE004",2025-11-01,2025-12-31,High demand velocity item. Zero or depleted stock on hand across 9 stores.
SKU00699,SLOW_MOVER,"STORE008, STORE014, STORE019, STORE013, STORE017, STORE003, STORE027, STORE010, STORE011, STORE030, STORE022, STORE006, STORE025, STORE026, STORE004, STORE009, STORE015, STORE016",2025-11-01,2025-12-31,Low demand velocity. Excess inventory carrying 5296.9 days of cover.
SKU00721,SLOW_MOVER,"STORE029, STORE025, STORE012, STORE028, STORE024, STORE021, STORE005, STORE008, STORE004, STORE026, STORE009, STORE007, STORE006, STORE030, STORE003, STORE016, STORE013, STORE011, STORE023",2025-11-01,2025-12-31,Low demand velocity. Excess inventory carrying 5159.8 days of cover.
SKU00728,STOCKOUT_RISK,"STORE015, STORE025, STORE019, STORE029, STORE028, STORE030, STORE022, STORE026, STORE021, STORE024",2025-11-01,2025-12-31,High demand velocity item. Zero or depleted stock on hand across 10 stores.
SKU00732,SLOW_MOVER,"STORE020, STORE011, STORE028, STORE021, STORE029, STORE005, STORE015, STORE003, STORE016, STORE024, STORE010, STORE009, STORE002, STORE012, STORE023, STORE025, STORE008, STORE014, STORE001, STORE017, STORE006, STORE027, STORE018, STORE030, STORE026, STORE019, STORE004",2025-11-01,2025-12-31,Low demand velocity. Excess inventory carrying 6953.8 days of cover.
SKU00734,SLOW_MOVER,"STORE015, STORE019, STORE018, STORE026, STORE024, STORE002, STORE030, STORE029, STORE021, STORE007, STORE011, STORE016, STORE017, STORE005, STORE025, STORE008, STORE023, STORE013, STORE006, STORE014, STORE009, STORE003, STORE001, STORE020, STORE012",2025-11-01,2025-12-31,Low demand velocity. Excess inventory carrying 7500.7 days of cover.
SKU00749,SLOW_MOVER,"STORE015, STORE030, STORE017, STORE028, STORE020, STORE006, STORE012, STORE024, STORE010, STORE013, STORE014, STORE011, STORE002, STORE019, STORE003, STORE025, STORE018, STORE009, STORE027, STORE007, STORE005, STORE022, STORE016, STORE008, STORE001, STORE021, STORE026, STORE004, STORE023, STORE029",2025-11-01,2025-12-31,Low demand velocity. Excess inventory carrying 10586.2 days of cover.
SKU00758,SLOW_MOVER,"STORE005, STORE020, STORE023, STORE003, STORE010, STORE018, STORE013, STORE021, STORE011, STORE030, STORE017, STORE027, STORE014, STORE029, STORE012, STORE001, STORE006, STORE028, STORE019, STORE004, STORE025, STORE008, STORE022, STORE002, STORE007",2025-11-01,2025-12-31,Low demand velocity. Excess inventory carrying 7445.2 days of cover.
SKU00774,STOCKOUT_RISK,"STORE005, STORE003, STORE010, STORE026, STORE004, STORE017, STORE018, STORE025, STORE002, STORE011, STORE020, STORE030, STORE013, STORE019, STORE006",2025-11-01,2025-12-31,High demand velocity item. Zero or depleted stock on hand across 15 stores.
SKU00775,SLOW_MOVER,"STORE006, STORE027, STORE023, STORE025, STORE020, STORE030, STORE024, STORE015, STORE002, STORE014, STORE012, STORE008, STORE028, STORE010, STORE018, STORE004, STORE009, STORE016, STORE005, STORE019, STORE013",2025-11-01,2025-12-31,Low demand velocity. Excess inventory carrying 5730.4 days of cover.
SKU00788,SLOW_MOVER,"STORE012, STORE022, STORE019, STORE015, STORE027, STORE025, STORE010, STORE013, STORE017, STORE029, STORE014, STORE006, STORE007, STORE005, STORE009, STORE001",2025-11-01,2025-12-31,Low demand velocity. Excess inventory carrying 4455.9 days of cover.
SKU00821,SLOW_MOVER,"STORE021, STORE016, STORE028, STORE012, STORE018, STORE004, STORE023, STORE017, STORE025, STORE010, STORE003, STORE006, STORE009, STORE015, STORE005, STORE014, STORE007, STORE002, STORE022, STORE008, STORE019, STORE001, STORE024, STORE026, STORE027, STORE029, STORE020",2025-11-01,2025-12-31,Low demand velocity. Excess inventory carrying 6898.0 days of cover.
SKU00823,STOCKOUT_RISK,"STORE008, STORE013, STORE003, STORE012, STORE030, STORE001, STORE011, STORE004, STORE021, STORE024, STORE005, STORE020, STORE002",2025-11-01,2025-12-31,High demand velocity item. Zero or depleted stock on hand across 13 stores.
SKU00830,STOCKOUT_RISK,"STORE010, STORE027, STORE016, STORE023, STORE005, STORE025, STORE029, STORE028, STORE015, STORE020, STORE001, STORE003, STORE021, STORE009, STORE007, STORE014, STORE019, STORE017",2025-11-01,2025-12-31,High demand velocity item. Zero or depleted stock on hand across 18 stores.
SKU00832,STOCKOUT_RISK,"STORE024, STORE020, STORE017, STORE014, STORE004, STORE025, STORE010, STORE008, STORE030, STORE026, STORE002, STORE023, STORE027, STORE015, STORE003, STORE029",2025-11-01,2025-12-31,High demand velocity item. Zero or depleted stock on hand across 16 stores.
SKU00837,SLOW_MOVER,"STORE027, STORE029, STORE016, STORE020, STORE018, STORE001, STORE021, STORE017, STORE019, STORE008, STORE005, STORE010, STORE014, STORE025, STORE012, STORE004, STORE022, STORE007, STORE003, STORE011, STORE002, STORE009, STORE006, STORE023, STORE030, STORE024",2025-11-01,2025-12-31,Low demand velocity. Excess inventory carrying 9271.0 days of cover.
SKU00845,STOCKOUT_RISK,"STORE017, STORE026, STORE030, STORE018, STORE001, STORE013, STORE016, STORE002, STORE021, STORE025, STORE012, STORE009, STORE029, STORE020",2025-11-01,2025-12-31,High demand velocity item. Zero or depleted stock on hand across 14 stores.
SKU00855,SLOW_MOVER,"STORE026, STORE003, STORE012, STORE008, STORE024, STORE022, STORE021, STORE004, STORE019, STORE011, STORE005, STORE002, STORE028, STORE030, STORE006, STORE014, STORE013, STORE017, STORE027, STORE018",2025-11-01,2025-12-31,Low demand velocity. Excess inventory carrying 6136.7 days of cover.
SKU00858,SLOW_MOVER,"STORE021, STORE006, STORE026, STORE005, STORE003, STORE023, STORE015, STORE002, STORE010, STORE007, STORE025, STORE030, STORE020, STORE011, STORE022, STORE009, STORE019, STORE024",2025-11-01,2025-12-31,Low demand velocity. Excess inventory carrying 6158.7 days of cover.
SKU00860,SLOW_MOVER,"STORE016, STORE009, STORE002, STORE025, STORE021, STORE007, STORE010, STORE012, STORE028, STORE026, STORE011, STORE029, STORE004, STORE023, STORE014, STORE015, STORE027, STORE017, STORE008",2025-11-01,2025-12-31,Low demand velocity. Excess inventory carrying 4315.6 days of cover.
SKU00874,SLOW_MOVER,"STORE029, STORE013, STORE011, STORE006, STORE016, STORE023, STORE026, STORE012, STORE017, STORE009, STORE003, STORE014, STORE020, STORE019, STORE027, STORE021, STORE005, STORE024",2025-11-01,2025-12-31,Low demand velocity. Excess inventory carrying 4755.2 days of cover.
SKU00890,SLOW_MOVER,"STORE004, STORE003, STORE011, STORE022, STORE010, STORE026, STORE015, STORE020, STORE014, STORE006, STORE024, STORE012, STORE023, STORE002, STORE019, STORE025, STORE007, STORE005, STORE028, STORE001, STORE017, STORE027, STORE021, STORE013, STORE008, STORE018, STORE016, STORE030",2025-11-01,2025-12-31,Low demand velocity. Excess inventory carrying 8397.2 days of cover.
SKU00893,STOCKOUT_RISK,"STORE028, STORE020, STORE022, STORE026, STORE015, STORE002, STORE005, STORE003, STORE008, STORE021, STORE012, STORE029, STORE013",2025-11-01,2025-12-31,High demand velocity item. Zero or depleted stock on hand across 13 stores.
SKU00894,SLOW_MOVER,"STORE019, STORE002, STORE020, STORE005, STORE022, STORE015, STORE012, STORE024, STORE025, STORE003, STORE030, STORE027, STORE017, STORE023, STORE013, STORE006, STORE011, STORE028, STORE004, STORE029, STORE001",2025-11-01,2025-12-31,Low demand velocity. Excess inventory carrying 6071.5 days of cover.
SKU00906,SLOW_MOVER,"STORE024, STORE006, STORE016, STORE017, STORE013, STORE018, STORE004, STORE009, STORE023, STORE015, STORE007, STORE010, STORE028, STORE020, STORE030, STORE003, STORE014, STORE002, STORE008, STORE021, STORE012, STORE026, STORE029, STORE019, STORE011",2025-11-01,2025-12-31,Low demand velocity. Excess inventory carrying 7192.9 days of cover.
SKU00920,STOCKOUT_RISK,"STORE023, STORE003, STORE018, STORE028, STORE010, STORE026, STORE006, STORE030, STORE021, STORE024, STORE012",2025-11-01,2025-12-31,High demand velocity item. Zero or depleted stock on hand across 11 stores.
SKU00929,STOCKOUT_RISK,"STORE017, STORE008, STORE004, STORE007, STORE026, STORE005, STORE029, STORE016, STORE001, STORE012, STORE018, STORE019, STORE021, STORE015, STORE025, STORE010, STORE002, STORE014, STORE023",2025-11-01,2025-12-31,High demand velocity item. Zero or depleted stock on hand across 19 stores.
SKU00935,SLOW_MOVER,"STORE013, STORE023, STORE024, STORE016, STORE017, STORE014, STORE025, STORE019, STORE003, STORE005, STORE011, STORE022, STORE015, STORE018, STORE012, STORE029, STORE028, STORE030, STORE009, STORE020, STORE010, STORE026, STORE027, STORE004, STORE021, STORE001, STORE006, STORE008, STORE007",2025-11-01,2025-12-31,Low demand velocity. Excess inventory carrying 8033.7 days of cover.
SKU00942,STOCKOUT_RISK,"STORE010, STORE006, STORE029, STORE011, STORE023, STORE008, STORE012, STORE017, STORE030, STORE003, STORE009, STORE007, STORE018, STORE020, STORE005, STORE027, STORE016",2025-11-01,2025-12-31,High demand velocity item. Zero or depleted stock on hand across 17 stores.
SKU00953,STOCKOUT_RISK,"STORE020, STORE018, STORE003, STORE017, STORE021, STORE006, STORE019, STORE024, STORE005, STORE025, STORE030",2025-11-01,2025-12-31,High demand velocity item. Zero or depleted stock on hand across 11 stores.
SKU00954,SLOW_MOVER,"STORE024, STORE029, STORE020, STORE011, STORE019, STORE002, STORE001, STORE003, STORE025, STORE021, STORE026, STORE009, STORE007, STORE014, STORE030, STORE008, STORE027, STORE028, STORE005, STORE017, STORE012, STORE015, STORE004, STORE018",2025-11-01,2025-12-31,Low demand velocity. Excess inventory carrying 7909.9 days of cover.
SKU00958,SLOW_MOVER,"STORE026, STORE022, STORE013, STORE010, STORE015, STORE003, STORE023, STORE002, STORE006, STORE030, STORE014, STORE016, STORE021, STORE007, STORE011",2025-11-01,2025-12-31,Low demand velocity. Excess inventory carrying 4184.5 days of cover.
SKU00965,SLOW_MOVER,"STORE020, STORE005, STORE011, STORE023, STORE028, STORE024, STORE012, STORE013, STORE029, STORE025, STORE017, STORE018, STORE004, STORE026, STORE008",2025-11-01,2025-12-31,Low demand velocity. Excess inventory carrying 4702.6 days of cover.
SKU00974,STOCKOUT_RISK,"STORE015, STORE004, STORE009, STORE030, STORE008, STORE005, STORE029, STORE002, STORE010, STORE013, STORE020, STORE014, STORE026",2025-11-01,2025-12-31,High demand velocity item. Zero or depleted stock on hand across 13 stores.
SKU00976,STOCKOUT_RISK,"STORE028, STORE029, STORE006, STORE027, STORE011, STORE019, STORE024, STORE026, STORE007, STORE030, STORE016, STORE017, STORE015, STORE020, STORE010, STORE008",2025-11-01,2025-12-31,High demand velocity item. Zero or depleted stock on hand across 16 stores.
SKU00978,SLOW_MOVER,"STORE001, STORE003, STORE013, STORE017, STORE015, STORE008, STORE007, STORE019, STORE012, STORE002, STORE021, STORE010, STORE016, STORE018, STORE023, STORE009, STORE030, STORE020, STORE024, STORE029, STORE005, STORE006, STORE022, STORE011, STORE014, STORE004, STORE026, STORE025",2025-11-01,2025-12-31,Low demand velocity. Excess inventory carrying 8165.7 days of cover.
SKU00986,SLOW_MOVER,"STORE018, STORE007, STORE012, STORE030, STORE010, STORE003, STORE013, STORE017, STORE015, STORE027, STORE009, STORE004, STORE005, STORE019, STORE024, STORE006, STORE016, STORE022, STORE020, STORE014",2025-11-01,2025-12-31,Low demand velocity. Excess inventory carrying 6318.9 days of cover.
SKU00987,SLOW_MOVER,"STORE025, STORE005, STORE007, STORE020, STORE017, STORE013, STORE026, STORE002, STORE023, STORE022, STORE029, STORE011, STORE016, STORE024, STORE015, STORE003, STORE010, STORE009, STORE018, STORE006, STORE014, STORE019, STORE012, STORE004, STORE027, STORE008, STORE030, STORE028, STORE021, STORE001",2025-11-01,2025-12-31,Low demand velocity. Excess inventory carrying 9687.9 days of cover.
SKU00991,SLOW_MOVER,"STORE016, STORE027, STORE001, STORE012, STORE011, STORE022, STORE004, STORE014, STORE019, STORE010, STORE028, STORE030, STORE009, STORE008, STORE002, STORE021, STORE017, STORE003, STORE018, STORE026, STORE015, STORE007, STORE013, STORE029, STORE006, STORE025",2025-11-01,2025-12-31,Low demand velocity. Excess inventory carrying 7504.2 days of cover.
SKU00994,STOCKOUT_RISK,"STORE002, STORE019, STORE023, STORE004, STORE007, STORE001, STORE015, STORE011, STORE014",2025-11-01,2025-12-31,High demand velocity item. Zero or depleted stock on hand across 9 stores.
SKU00996,STOCKOUT_RISK,"STORE005, STORE014, STORE023, STORE007, STORE029, STORE017, STORE020, STORE016, STORE002, STORE030, STORE025, STORE027, STORE018, STORE011, STORE028, STORE009, STORE019, STORE006, STORE003",2025-11-01,2025-12-31,High demand velocity item. Zero or depleted stock on hand across 19 stores.
SKU01009,STOCKOUT_RISK,"STORE015, STORE018, STORE011, STORE029, STORE012, STORE022, STORE024, STORE025, STORE021, STORE009, STORE020, STORE016, STORE007, STORE008, STORE023",2025-11-01,2025-12-31,High demand velocity item. Zero or depleted stock on hand across 15 stores.
SKU01021,STOCKOUT_RISK,"STORE018, STORE010, STORE008, STORE029, STORE025, STORE027, STORE023, STORE007, STORE016, STORE011, STORE022, STORE012, STORE030, STORE009, STORE026, STORE002",2025-11-01,2025-12-31,High demand velocity item. Zero or depleted stock on hand across 16 stores.
SKU01023,SLOW_MOVER,"STORE019, STORE022, STORE018, STORE013, STORE027, STORE012, STORE005, STORE010, STORE002, STORE023, STORE003, STORE025, STORE015, STORE009, STORE016, STORE004, STORE028, STORE017, STORE024, STORE026, STORE030, STORE020, STORE029",2025-11-01,2025-12-31,Low demand velocity. Excess inventory carrying 5602.0 days of cover.
SKU01030,STOCKOUT_RISK,"STORE020, STORE024, STORE019, STORE008, STORE027, STORE002, STORE022, STORE017, STORE026, STORE021, STORE029, STORE025, STORE004",2025-11-01,2025-12-31,High demand velocity item. Zero or depleted stock on hand across 13 stores.
SKU01031,SLOW_MOVER,"STORE014, STORE011, STORE023, STORE016, STORE004, STORE022, STORE005, STORE001, STORE018, STORE006, STORE030, STORE027, STORE019, STORE007, STORE010, STORE021, STORE024, STORE029, STORE028, STORE002, STORE025, STORE026",2025-11-01,2025-12-31,Low demand velocity. Excess inventory carrying 6301.9 days of cover.
SKU01032,SLOW_MOVER,"STORE018, STORE024, STORE029, STORE002, STORE006, STORE014, STORE026, STORE027, STORE013, STORE016, STORE028, STORE010, STORE023, STORE001, STORE019, STORE021, STORE015, STORE030, STORE020, STORE005, STORE008, STORE009, STORE025",2025-11-01,2025-12-31,Low demand velocity. Excess inventory carrying 5415.4 days of cover.
SKU01034,SLOW_MOVER,"STORE029, STORE005, STORE028, STORE017, STORE015, STORE009, STORE007, STORE004, STORE011, STORE006, STORE026, STORE025, STORE021, STORE001, STORE022, STORE013, STORE030, STORE010",2025-11-01,2025-12-31,Low demand velocity. Excess inventory carrying 5847.3 days of cover.
SKU01037,STOCKOUT_RISK,"STORE022, STORE025, STORE007, STORE006, STORE020, STORE021, STORE013, STORE014, STORE017, STORE011, STORE003, STORE024, STORE004, STORE027",2025-11-01,2025-12-31,High demand velocity item. Zero or depleted stock on hand across 14 stores.
SKU01038,SLOW_MOVER,"STORE005, STORE016, STORE011, STORE008, STORE001, STORE009, STORE013, STORE027, STORE015, STORE025, STORE028, STORE010, STORE026, STORE021, STORE012, STORE029, STORE004, STORE018, STORE020, STORE002, STORE023, STORE030, STORE003, STORE014, STORE006, STORE017, STORE019",2025-11-01,2025-12-31,Low demand velocity. Excess inventory carrying 8273.9 days of cover.
SKU01042,SLOW_MOVER,"STORE023, STORE004, STORE021, STORE010, STORE012, STORE020, STORE008, STORE024, STORE005, STORE016, STORE022, STORE015, STORE026, STORE014, STORE028, STORE013, STORE009, STORE019, STORE011, STORE029, STORE018, STORE002, STORE030",2025-11-01,2025-12-31,Low demand velocity. Excess inventory carrying 6558.4 days of cover.
SKU01045,STOCKOUT_RISK,"STORE017, STORE023, STORE012, STORE003, STORE019, STORE004, STORE002, STORE018, STORE030, STORE007, STORE026, STORE029, STORE005, STORE006, STORE011, STORE014",2025-11-01,2025-12-31,High demand velocity item. Zero or depleted stock on hand across 16 stores.
SKU01046,SLOW_MOVER,"STORE017, STORE015, STORE004, STORE022, STORE007, STORE023, STORE019, STORE016, STORE003, STORE030, STORE029, STORE002, STORE020, STORE005, STORE014, STORE008, STORE010, STORE001, STORE009, STORE018, STORE021, STORE013, STORE026, STORE027, STORE012, STORE024, STORE006",2025-11-01,2025-12-31,Low demand velocity. Excess inventory carrying 7981.7 days of cover.
SKU01048,STOCKOUT_RISK,"STORE002, STORE014, STORE012, STORE023, STORE003, STORE018, STORE030, STORE026, STORE016, STORE024, STORE010",2025-11-01,2025-12-31,High demand velocity item. Zero or depleted stock on hand across 11 stores.
SKU01063,SLOW_MOVER,"STORE014, STORE006, STORE025, STORE005, STORE028, STORE021, STORE024, STORE026, STORE030, STORE012, STORE013, STORE015, STORE020, STORE018, STORE003, STORE011, STORE019, STORE009, STORE016, STORE022, STORE029, STORE002, STORE023, STORE027, STORE004, STORE007, STORE017",2025-11-01,2025-12-31,Low demand velocity. Excess inventory carrying 9104.7 days of cover.
SKU01068,SLOW_MOVER,"STORE024, STORE008, STORE027, STORE001, STORE025, STORE028, STORE010, STORE015, STORE022, STORE018, STORE014, STORE021, STORE013, STORE029, STORE017, STORE016, STORE006, STORE003, STORE005, STORE004, STORE002",2025-11-01,2025-12-31,Low demand velocity. Excess inventory carrying 6466.4 days of cover.
SKU01070,SLOW_MOVER,"STORE002, STORE026, STORE022, STORE014, STORE020, STORE025, STORE001, STORE008, STORE007, STORE003, STORE004, STORE030, STORE015, STORE019, STORE023, STORE012, STORE024, STORE028, STORE016, STORE029, STORE009, STORE011, STORE027, STORE017, STORE005, STORE021",2025-11-01,2025-12-31,Low demand velocity. Excess inventory carrying 7933.8 days of cover.
SKU01075,SLOW_MOVER,"STORE008, STORE027, STORE024, STORE019, STORE011, STORE029, STORE020, STORE022, STORE026, STORE030, STORE010, STORE005, STORE017, STORE021, STORE014, STORE025, STORE015, STORE001, STORE009, STORE028, STORE003, STORE007, STORE018, STORE013, STORE023",2025-11-01,2025-12-31,Low demand velocity. Excess inventory carrying 6879.8 days of cover.
SKU01104,SLOW_MOVER,"STORE021, STORE022, STORE013, STORE026, STORE017, STORE011, STORE023, STORE014, STORE024, STORE005, STORE010, STORE028, STORE006, STORE016, STORE008, STORE029, STORE004, STORE030, STORE012, STORE003, STORE027, STORE001, STORE007, STORE015, STORE019, STORE018, STORE002, STORE020",2025-11-01,2025-12-31,Low demand velocity. Excess inventory carrying 8274.7 days of cover.
SKU01112,SLOW_MOVER,"STORE008, STORE009, STORE007, STORE011, STORE021, STORE003, STORE015, STORE012, STORE025, STORE018, STORE028, STORE002, STORE029, STORE013, STORE019, STORE014, STORE016, STORE004, STORE010, STORE027",2025-11-01,2025-12-31,Low demand velocity. Excess inventory carrying 5407.4 days of cover.
SKU01133,SLOW_MOVER,"STORE018, STORE007, STORE016, STORE029, STORE011, STORE010, STORE001, STORE027, STORE023, STORE004, STORE028, STORE008, STORE022, STORE013, STORE019, STORE009, STORE006, STORE017, STORE005, STORE030, STORE020",2025-11-01,2025-12-31,Low demand velocity. Excess inventory carrying 6541.5 days of cover.
SKU01138,STOCKOUT_RISK,"STORE018, STORE021, STORE012, STORE010, STORE009, STORE028, STORE017, STORE016, STORE015, STORE004, STORE023, STORE011, STORE007, STORE025, STORE019",2025-11-01,2025-12-31,High demand velocity item. Zero or depleted stock on hand across 15 stores.
SKU01152,STOCKOUT_RISK,"STORE014, STORE002, STORE019, STORE008, STORE024, STORE005, STORE001, STORE009, STORE018, STORE028, STORE021, STORE030, STORE010, STORE025",2025-11-01,2025-12-31,High demand velocity item. Zero or depleted stock on hand across 14 stores.
SKU01153,STOCKOUT_RISK,"STORE007, STORE011, STORE008, STORE013, STORE019, STORE028, STORE016, STORE018, STORE021, STORE029, STORE009, STORE024, STORE026, STORE015, STORE006, STORE012, STORE027, STORE023",2025-11-01,2025-12-31,High demand velocity item. Zero or depleted stock on hand across 18 stores.
SKU01164,STOCKOUT_RISK,"STORE006, STORE005, STORE024, STORE018, STORE016, STORE030, STORE027, STORE021, STORE002, STORE017, STORE022, STORE003",2025-11-01,2025-12-31,High demand velocity item. Zero or depleted stock on hand across 12 stores.
SKU01167,SLOW_MOVER,"STORE027, STORE022, STORE002, STORE025, STORE001, STORE014, STORE005, STORE021, STORE008, STORE003, STORE024, STORE026, STORE007, STORE017, STORE015, STORE006, STORE019, STORE010, STORE011, STORE012",2025-11-01,2025-12-31,Low demand velocity. Excess inventory carrying 4627.5 days of cover.
SKU01170,STOCKOUT_RISK,"STORE030, STORE020, STORE016, STORE022, STORE028, STORE001, STORE025, STORE018, STORE023, STORE014, STORE024, STORE029, STORE017, STORE009, STORE010, STORE019",2025-11-01,2025-12-31,High demand velocity item. Zero or depleted stock on hand across 16 stores.
SKU01174,SLOW_MOVER,"STORE017, STORE027, STORE023, STORE022, STORE014, STORE006, STORE004, STORE024, STORE030, STORE005, STORE008, STORE007, STORE029, STORE009, STORE012, STORE021, STORE013, STORE019, STORE002, STORE025, STORE026, STORE020, STORE028, STORE011, STORE016, STORE003, STORE001, STORE015, STORE018",2025-11-01,2025-12-31,Low demand velocity. Excess inventory carrying 10681.1 days of cover.
SKU01189,STOCKOUT_RISK,"STORE003, STORE013, STORE029, STORE028, STORE018, STORE016, STORE002, STORE021, STORE001, STORE006",2025-11-01,2025-12-31,High demand velocity item. Zero or depleted stock on hand across 10 stores.
SKU01191,SLOW_MOVER,"STORE003, STORE016, STORE028, STORE014, STORE021, STORE011, STORE019, STORE004, STORE017, STORE002, STORE008, STORE007, STORE029, STORE009, STORE026, STORE015",2025-11-01,2025-12-31,Low demand velocity. Excess inventory carrying 5558.4 days of cover.
SKU01200,SLOW_MOVER,"STORE003, STORE022, STORE009, STORE018, STORE019, STORE029, STORE002, STORE006, STORE011, STORE001, STORE007, STORE026, STORE005, STORE013, STORE030, STORE027, STORE016, STORE010",2025-11-01,2025-12-31,Low demand velocity. Excess inventory carrying 4788.0 days of cover.
SKU01229,SLOW_MOVER,"STORE008, STORE019, STORE027, STORE013, STORE022, STORE018, STORE011, STORE028, STORE005, STORE003, STORE017, STORE012, STORE002, STORE004, STORE014, STORE020, STORE016, STORE025, STORE006, STORE010, STORE024, STORE007, STORE029, STORE001",2025-11-01,2025-12-31,Low demand velocity. Excess inventory carrying 7193.5 days of cover.
SKU01264,SLOW_MOVER,"STORE021, STORE009, STORE026, STORE015, STORE016, STORE008, STORE012, STORE018, STORE013, STORE014, STORE006, STORE019, STORE022, STORE003, STORE010, STORE023, STORE004, STORE024, STORE002, STORE027",2025-11-01,2025-12-31,Low demand velocity. Excess inventory carrying 5802.3 days of cover.
SKU01274,STOCKOUT_RISK,"STORE009, STORE005, STORE013, STORE023, STORE026, STORE021, STORE029, STORE028, STORE011, STORE012, STORE004, STORE003, STORE001, STORE010, STORE015, STORE006, STORE027, STORE024",2025-11-01,2025-12-31,High demand velocity item. Zero or depleted stock on hand across 18 stores.
SKU01287,SLOW_MOVER,"STORE004, STORE005, STORE003, STORE006, STORE014, STORE015, STORE018, STORE024, STORE017, STORE026, STORE030, STORE001, STORE028, STORE012, STORE023, STORE010, STORE025, STORE013, STORE027, STORE007, STORE019",2025-11-01,2025-12-31,Low demand velocity. Excess inventory carrying 7025.5 days of cover.
SKU01303,SLOW_MOVER,"STORE010, STORE014, STORE013, STORE025, STORE003, STORE024, STORE018, STORE008, STORE019, STORE017, STORE006, STORE028, STORE020, STORE005, STORE009, STORE021, STORE015, STORE023, STORE026, STORE002, STORE012, STORE007, STORE029, STORE004, STORE030, STORE016, STORE001, STORE011, STORE027, STORE022",2025-11-01,2025-12-31,Low demand velocity. Excess inventory carrying 8403.1 days of cover.
SKU01310,SLOW_MOVER,"STORE024, STORE021, STORE016, STORE020, STORE027, STORE007, STORE015, STORE004, STORE005, STORE010, STORE001, STORE013, STORE011, STORE019, STORE018, STORE008, STORE006, STORE025, STORE028, STORE029, STORE003, STORE022, STORE014, STORE009, STORE030, STORE002, STORE023, STORE017, STORE026",2025-11-01,2025-12-31,Low demand velocity. Excess inventory carrying 9352.2 days of cover.
SKU01317,STOCKOUT_RISK,"STORE013, STORE011, STORE010, STORE024, STORE023, STORE021, STORE016, STORE019, STORE008, STORE029, STORE030, STORE009, STORE020, STORE012, STORE004, STORE015, STORE028",2025-11-01,2025-12-31,High demand velocity item. Zero or depleted stock on hand across 17 stores.
SKU01318,SLOW_MOVER,"STORE007, STORE019, STORE018, STORE006, STORE022, STORE025, STORE028, STORE001, STORE015, STORE030, STORE026, STORE010, STORE003, STORE014, STORE016, STORE024, STORE011, STORE005, STORE004, STORE013, STORE020, STORE021, STORE009, STORE023, STORE012, STORE017, STORE027, STORE029, STORE002, STORE008",2025-11-01,2025-12-31,Low demand velocity. Excess inventory carrying 8301.4 days of cover.
SKU01337,SLOW_MOVER,"STORE018, STORE002, STORE026, STORE012, STORE023, STORE030, STORE020, STORE021, STORE003, STORE004, STORE008, STORE027, STORE006, STORE029, STORE013, STORE016, STORE025, STORE015, STORE007, STORE017, STORE001, STORE011, STORE005, STORE009, STORE024, STORE014, STORE019, STORE028, STORE022",2025-11-01,2025-12-31,Low demand velocity. Excess inventory carrying 8790.5 days of cover.
SKU01339,SLOW_MOVER,"STORE013, STORE015, STORE025, STORE022, STORE019, STORE023, STORE017, STORE005, STORE012, STORE001, STORE016, STORE004, STORE010, STORE014, STORE003, STORE002",2025-11-01,2025-12-31,Low demand velocity. Excess inventory carrying 6397.7 days of cover.
SKU01356,SLOW_MOVER,"STORE027, STORE024, STORE005, STORE012, STORE010, STORE011, STORE015, STORE007, STORE017, STORE016, STORE030, STORE021, STORE004, STORE029, STORE022, STORE006, STORE002, STORE028, STORE001, STORE014, STORE020, STORE019",2025-11-01,2025-12-31,Low demand velocity. Excess inventory carrying 6063.6 days of cover.
SKU01363,STOCKOUT_RISK,"STORE021, STORE004, STORE022, STORE026, STORE006, STORE024, STORE008, STORE017, STORE027, STORE018, STORE028, STORE011",2025-11-01,2025-12-31,High demand velocity item. Zero or depleted stock on hand across 12 stores.
SKU01370,STOCKOUT_RISK,"STORE018, STORE014, STORE015, STORE008, STORE026, STORE013, STORE021, STORE006, STORE023, STORE024, STORE029, STORE025, STORE001, STORE007, STORE028, STORE010, STORE017, STORE020",2025-11-01,2025-12-31,High demand velocity item. Zero or depleted stock on hand across 18 stores.
SKU01371,STOCKOUT_RISK,"STORE001, STORE023, STORE007, STORE028, STORE009, STORE025, STORE029, STORE003, STORE019, STORE004, STORE018, STORE006, STORE012",2025-11-01,2025-12-31,High demand velocity item. Zero or depleted stock on hand across 13 stores.
SKU01396,SLOW_MOVER,"STORE011, STORE007, STORE015, STORE004, STORE009, STORE022, STORE016, STORE017, STORE021, STORE030, STORE020, STORE013, STORE019, STORE027, STORE012, STORE006, STORE014, STORE008, STORE010, STORE003",2025-11-01,2025-12-31,Low demand velocity. Excess inventory carrying 5972.5 days of cover.
SKU01407,SLOW_MOVER,"STORE027, STORE022, STORE023, STORE026, STORE010, STORE020, STORE019, STORE003, STORE029, STORE005, STORE011, STORE004, STORE008, STORE030, STORE024, STORE028, STORE006, STORE012, STORE015, STORE009, STORE007, STORE017, STORE013",2025-11-01,2025-12-31,Low demand velocity. Excess inventory carrying 7264.5 days of cover.
SKU01414,STOCKOUT_RISK,"STORE019, STORE013, STORE014, STORE006, STORE016, STORE021, STORE018, STORE023, STORE025, STORE027, STORE024, STORE022, STORE026, STORE010, STORE005, STORE003, STORE030",2025-11-01,2025-12-31,High demand velocity item. Zero or depleted stock on hand across 17 stores.
SKU01420,STOCKOUT_RISK,"STORE027, STORE015, STORE020, STORE002, STORE012, STORE001, STORE016, STORE005, STORE007, STORE013, STORE018, STORE017, STORE024, STORE014, STORE028",2025-11-01,2025-12-31,High demand velocity item. Zero or depleted stock on hand across 15 stores.
SKU01423,SLOW_MOVER,"STORE014, STORE023, STORE027, STORE015, STORE016, STORE006, STORE003, STORE019, STORE001, STORE008, STORE010, STORE002, STORE009, STORE021, STORE020, STORE024, STORE013, STORE017, STORE026, STORE030, STORE018, STORE012, STORE029, STORE005, STORE022",2025-11-01,2025-12-31,Low demand velocity. Excess inventory carrying 6838.9 days of cover.
SKU01428,SLOW_MOVER,"STORE009, STORE025, STORE018, STORE027, STORE012, STORE028, STORE002, STORE015, STORE029, STORE007, STORE014, STORE004, STORE008, STORE010, STORE024, STORE022, STORE005, STORE006, STORE016, STORE023, STORE026, STORE019, STORE030, STORE021, STORE013, STORE020",2025-11-01,2025-12-31,Low demand velocity. Excess inventory carrying 8581.3 days of cover.
SKU01433,SLOW_MOVER,"STORE023, STORE012, STORE028, STORE030, STORE020, STORE021, STORE014, STORE006, STORE026, STORE005, STORE007, STORE022, STORE002, STORE029, STORE009, STORE010, STORE016, STORE003, STORE027, STORE025, STORE011, STORE015, STORE018, STORE008, STORE004, STORE001, STORE013, STORE017, STORE024, STORE019",2025-11-01,2025-12-31,Low demand velocity. Excess inventory carrying 9419.7 days of cover.
SKU01438,STOCKOUT_RISK,"STORE008, STORE005, STORE023, STORE011, STORE030, STORE025, STORE022, STORE013, STORE016, STORE029, STORE019",2025-11-01,2025-12-31,High demand velocity item. Zero or depleted stock on hand across 11 stores.
SKU01466,STOCKOUT_RISK,"STORE021, STORE009, STORE030, STORE014, STORE013, STORE015, STORE003, STORE028, STORE024, STORE026, STORE017, STORE029, STORE012, STORE025, STORE016",2025-11-01,2025-12-31,High demand velocity item. Zero or depleted stock on hand across 15 stores.
SKU01485,STOCKOUT_RISK,"STORE011, STORE019, STORE001, STORE025, STORE024, STORE003, STORE026, STORE015, STORE021, STORE012, STORE027, STORE018, STORE013",2025-11-01,2025-12-31,High demand velocity item. Zero or depleted stock on hand across 13 stores.
SKU01495,SLOW_MOVER,"STORE007, STORE014, STORE027, STORE030, STORE016, STORE009, STORE011, STORE010, STORE024, STORE018, STORE019, STORE005, STORE026, STORE022, STORE002, STORE001, STORE021, STORE017, STORE008, STORE015, STORE029, STORE003, STORE012, STORE004, STORE013, STORE028",2025-11-01,2025-12-31,Low demand velocity. Excess inventory carrying 6772.1 days of cover.
SKU01507,STOCKOUT_RISK,"STORE007, STORE023, STORE005, STORE021, STORE010, STORE006, STORE009, STORE003, STORE027, STORE012, STORE024, STORE029, STORE022, STORE025, STORE002, STORE030, STORE011, STORE028, STORE018",2025-11-01,2025-12-31,High demand velocity item. Zero or depleted stock on hand across 19 stores.
SKU01538,SLOW_MOVER,"STORE023, STORE025, STORE008, STORE014, STORE021, STORE003, STORE030, STORE004, STORE001, STORE007, STORE016, STORE029, STORE005, STORE028, STORE015, STORE022, STORE020, STORE012, STORE006, STORE002, STORE026, STORE019, STORE017, STORE027",2025-11-01,2025-12-31,Low demand velocity. Excess inventory carrying 7990.5 days of cover.
SKU01542,SLOW_MOVER,"STORE008, STORE013, STORE003, STORE024, STORE026, STORE004, STORE025, STORE011, STORE012, STORE010, STORE005, STORE029, STORE020, STORE018, STORE028, STORE009, STORE021, STORE001, STORE014, STORE023, STORE016, STORE030",2025-11-01,2025-12-31,Low demand velocity. Excess inventory carrying 8831.6 days of cover.
SKU01547,STOCKOUT_RISK,"STORE012, STORE024, STORE007, STORE021, STORE029, STORE005, STORE014, STORE020, STORE022, STORE015, STORE028, STORE003, STORE004, STORE025, STORE018",2025-11-01,2025-12-31,High demand velocity item. Zero or depleted stock on hand across 15 stores.
SKU01568,SLOW_MOVER,"STORE019, STORE024, STORE013, STORE012, STORE014, STORE011, STORE005, STORE008, STORE009, STORE021, STORE003, STORE023, STORE018, STORE010, STORE001, STORE026, STORE015, STORE025, STORE029, STORE004, STORE022, STORE017, STORE028, STORE006",2025-11-01,2025-12-31,Low demand velocity. Excess inventory carrying 7803.0 days of cover.
SKU01578,STOCKOUT_RISK,"STORE013, STORE010, STORE021, STORE002, STORE026, STORE008, STORE016, STORE030, STORE004, STORE025, STORE024, STORE003, STORE017, STORE001, STORE012, STORE015, STORE006, STORE019",2025-11-01,2025-12-31,High demand velocity item. Zero or depleted stock on hand across 18 stores.
SKU01580,SLOW_MOVER,"STORE013, STORE028, STORE027, STORE019, STORE014, STORE012, STORE018, STORE022, STORE006, STORE016, STORE003, STORE001, STORE020, STORE029, STORE009, STORE004, STORE017",2025-11-01,2025-12-31,Low demand velocity. Excess inventory carrying 5625.1 days of cover.
SKU01592,SLOW_MOVER,"STORE030, STORE002, STORE026, STORE013, STORE017, STORE010, STORE021, STORE023, STORE028, STORE014, STORE024, STORE027, STORE003, STORE005, STORE009",2025-11-01,2025-12-31,Low demand velocity. Excess inventory carrying 4778.4 days of cover.
SKU01605,SLOW_MOVER,"STORE003, STORE010, STORE030, STORE017, STORE007, STORE005, STORE018, STORE011, STORE013, STORE019, STORE028, STORE029, STORE014, STORE008, STORE002, STORE004, STORE016, STORE026, STORE024, STORE027, STORE021, STORE001, STORE025, STORE006, STORE022, STORE012, STORE009, STORE015, STORE020",2025-11-01,2025-12-31,Low demand velocity. Excess inventory carrying 9199.7 days of cover.
SKU01643,SLOW_MOVER,"STORE023, STORE001, STORE006, STORE016, STORE012, STORE017, STORE025, STORE009, STORE028, STORE026, STORE005, STORE030, STORE004, STORE029, STORE011, STORE013, STORE007, STORE020, STORE019, STORE002, STORE015, STORE027",2025-11-01,2025-12-31,Low demand velocity. Excess inventory carrying 5475.0 days of cover.
SKU01645,SLOW_MOVER,"STORE016, STORE015, STORE017, STORE012, STORE002, STORE030, STORE019, STORE006, STORE027, STORE023, STORE009, STORE004, STORE024, STORE008, STORE001",2025-11-01,2025-12-31,Low demand velocity. Excess inventory carrying 5971.0 days of cover.
SKU01649,SLOW_MOVER,"STORE002, STORE028, STORE029, STORE001, STORE008, STORE030, STORE016, STORE012, STORE013, STORE005, STORE006, STORE025, STORE018, STORE014, STORE026, STORE020, STORE004, STORE007, STORE023, STORE015, STORE021",2025-11-01,2025-12-31,Low demand velocity. Excess inventory carrying 7324.4 days of cover.
SKU01651,SLOW_MOVER,"STORE027, STORE003, STORE019, STORE012, STORE004, STORE017, STORE022, STORE002, STORE006, STORE008, STORE025, STORE023, STORE013, STORE029, STORE015, STORE014, STORE005, STORE018, STORE016, STORE024, STORE028",2025-11-01,2025-12-31,Low demand velocity. Excess inventory carrying 6168.3 days of cover.
SKU01662,STOCKOUT_RISK,"STORE018, STORE015, STORE001, STORE012, STORE007, STORE010, STORE019, STORE025, STORE020, STORE008, STORE029, STORE027, STORE016",2025-11-01,2025-12-31,High demand velocity item. Zero or depleted stock on hand across 13 stores.
SKU01674,SLOW_MOVER,"STORE025, STORE030, STORE007, STORE024, STORE018, STORE029, STORE008, STORE005, STORE001, STORE014, STORE022, STORE027, STORE026, STORE012, STORE020, STORE006, STORE016, STORE013, STORE011, STORE028, STORE023, STORE002, STORE004, STORE010, STORE009",2025-11-01,2025-12-31,Low demand velocity. Excess inventory carrying 7190.8 days of cover.
SKU01675,SLOW_MOVER,"STORE014, STORE016, STORE002, STORE005, STORE023, STORE009, STORE003, STORE028, STORE008, STORE017, STORE030, STORE012, STORE015, STORE024, STORE004, STORE025, STORE021, STORE011",2025-11-01,2025-12-31,Low demand velocity. Excess inventory carrying 5136.4 days of cover.
SKU01677,STOCKOUT_RISK,"STORE027, STORE013, STORE003, STORE019, STORE030, STORE002, STORE014, STORE022, STORE005, STORE008, STORE010, STORE009, STORE011, STORE029",2025-11-01,2025-12-31,High demand velocity item. Zero or depleted stock on hand across 14 stores.
SKU01684,SLOW_MOVER,"STORE023, STORE027, STORE024, STORE011, STORE029, STORE015, STORE009, STORE008, STORE003, STORE007, STORE005, STORE019, STORE004, STORE020, STORE018, STORE022, STORE030",2025-11-01,2025-12-31,Low demand velocity. Excess inventory carrying 4769.2 days of cover.
SKU01685,STOCKOUT_RISK,"STORE015, STORE011, STORE014, STORE004, STORE018, STORE012, STORE007, STORE030, STORE010, STORE023, STORE009, STORE027, STORE003",2025-11-01,2025-12-31,High demand velocity item. Zero or depleted stock on hand across 13 stores.
SKU01696,SLOW_MOVER,"STORE006, STORE026, STORE022, STORE010, STORE023, STORE029, STORE020, STORE002, STORE007, STORE011, STORE005, STORE003, STORE008, STORE012, STORE013, STORE009, STORE001, STORE021, STORE024, STORE017, STORE019, STORE014, STORE028, STORE018, STORE004, STORE016, STORE025, STORE015, STORE030, STORE027",2025-11-01,2025-12-31,Low demand velocity. Excess inventory carrying 9549.4 days of cover.
SKU01717,SLOW_MOVER,"STORE026, STORE030, STORE005, STORE004, STORE001, STORE002, STORE008, STORE028, STORE007, STORE013, STORE012, STORE003, STORE009, STORE019, STORE029, STORE025, STORE027, STORE011, STORE024, STORE017",2025-11-01,2025-12-31,Low demand velocity. Excess inventory carrying 5747.6 days of cover.
SKU01751,STOCKOUT_RISK,"STORE003, STORE029, STORE028, STORE027, STORE026, STORE011, STORE004, STORE002, STORE015, STORE023, STORE006, STORE019, STORE014, STORE013, STORE016, STORE001, STORE007, STORE025, STORE018",2025-11-01,2025-12-31,High demand velocity item. Zero or depleted stock on hand across 19 stores.
SKU01754,SLOW_MOVER,"STORE006, STORE012, STORE007, STORE030, STORE009, STORE026, STORE015, STORE005, STORE002, STORE020, STORE021, STORE008, STORE010, STORE016, STORE014, STORE024, STORE025, STORE019, STORE001, STORE022, STORE023, STORE028, STORE003, STORE004, STORE011, STORE018, STORE027, STORE013",2025-11-01,2025-12-31,Low demand velocity. Excess inventory carrying 9484.5 days of cover.
SKU01762,SLOW_MOVER,"STORE026, STORE018, STORE030, STORE001, STORE013, STORE023, STORE012, STORE016, STORE029, STORE025, STORE024, STORE019, STORE017, STORE011, STORE028",2025-11-01,2025-12-31,Low demand velocity. Excess inventory carrying 4177.4 days of cover.
SKU01766,SLOW_MOVER,"STORE009, STORE006, STORE001, STORE011, STORE020, STORE008, STORE028, STORE030, STORE002, STORE016, STORE017, STORE012, STORE025, STORE029, STORE004, STORE021, STORE027, STORE015, STORE005, STORE023, STORE024, STORE013, STORE007, STORE003, STORE022",2025-11-01,2025-12-31,Low demand velocity. Excess inventory carrying 8792.0 days of cover.
SKU01770,SLOW_MOVER,"STORE006, STORE008, STORE019, STORE011, STORE026, STORE024, STORE023, STORE012, STORE028, STORE001, STORE025, STORE022, STORE005, STORE007, STORE016, STORE009",2025-11-01,2025-12-31,Low demand velocity. Excess inventory carrying 5024.6 days of cover.
SKU01775,STOCKOUT_RISK,"STORE010, STORE006, STORE016, STORE002, STORE003, STORE027, STORE008, STORE020, STORE024, STORE001, STORE017, STORE028, STORE021, STORE011",2025-11-01,2025-12-31,High demand velocity item. Zero or depleted stock on hand across 14 stores.
SKU01784,STOCKOUT_RISK,"STORE030, STORE020, STORE007, STORE026, STORE005, STORE011, STORE023, STORE006, STORE025, STORE002, STORE001, STORE027, STORE019",2025-11-01,2025-12-31,High demand velocity item. Zero or depleted stock on hand across 13 stores.
SKU01792,SLOW_MOVER,"STORE025, STORE004, STORE028, STORE017, STORE012, STORE003, STORE026, STORE023, STORE022, STORE013, STORE019, STORE029, STORE011, STORE010, STORE018, STORE030, STORE015, STORE024, STORE007, STORE016, STORE008, STORE006, STORE014, STORE009, STORE005, STORE021, STORE027, STORE001",2025-11-01,2025-12-31,Low demand velocity. Excess inventory carrying 8786.9 days of cover.
SKU01803,SLOW_MOVER,"STORE022, STORE019, STORE027, STORE006, STORE013, STORE010, STORE024, STORE023, STORE025, STORE005, STORE028, STORE001, STORE026, STORE002, STORE020, STORE030, STORE016, STORE018, STORE015, STORE004, STORE012, STORE017, STORE008",2025-11-01,2025-12-31,Low demand velocity. Excess inventory carrying 7201.9 days of cover.
SKU01805,SLOW_MOVER,"STORE005, STORE011, STORE024, STORE003, STORE008, STORE012, STORE029, STORE006, STORE021, STORE027, STORE028, STORE015, STORE001, STORE009, STORE007, STORE004, STORE025, STORE002, STORE023, STORE030, STORE013, STORE018, STORE017, STORE019, STORE016, STORE014",2025-11-01,2025-12-31,Low demand velocity. Excess inventory carrying 9781.5 days of cover.
SKU01818,SLOW_MOVER,"STORE006, STORE029, STORE014, STORE016, STORE013, STORE012, STORE018, STORE026, STORE004, STORE027, STORE019, STORE008, STORE030, STORE015, STORE003, STORE023, STORE028, STORE001, STORE005, STORE017, STORE024, STORE025, STORE002, STORE011, STORE021, STORE020",2025-11-01,2025-12-31,Low demand velocity. Excess inventory carrying 7500.2 days of cover.
SKU01822,SLOW_MOVER,"STORE029, STORE013, STORE006, STORE024, STORE003, STORE018, STORE026, STORE011, STORE020, STORE022, STORE016, STORE001, STORE014, STORE028, STORE025, STORE027, STORE019, STORE002, STORE017, STORE004, STORE023, STORE007, STORE005, STORE012, STORE015, STORE009, STORE030, STORE021",2025-11-01,2025-12-31,Low demand velocity. Excess inventory carrying 9637.8 days of cover.
SKU01827,SLOW_MOVER,"STORE002, STORE013, STORE019, STORE018, STORE016, STORE005, STORE030, STORE012, STORE001, STORE014, STORE003, STORE010, STORE026, STORE007, STORE004, STORE022, STORE027",2025-11-01,2025-12-31,Low demand velocity. Excess inventory carrying 5694.4 days of cover.
SKU01830,SLOW_MOVER,"STORE006, STORE021, STORE010, STORE003, STORE016, STORE004, STORE028, STORE013, STORE026, STORE022, STORE009, STORE027, STORE018, STORE023, STORE030, STORE029, STORE007, STORE015, STORE019, STORE008, STORE001, STORE005, STORE011, STORE025, STORE012",2025-11-01,2025-12-31,Low demand velocity. Excess inventory carrying 7571.2 days of cover.
SKU01854,SLOW_MOVER,"STORE008, STORE027, STORE009, STORE019, STORE002, STORE005, STORE023, STORE022, STORE004, STORE003, STORE012, STORE018, STORE014, STORE030, STORE026, STORE029, STORE007, STORE028, STORE015, STORE013, STORE017, STORE024, STORE010, STORE021, STORE001, STORE011, STORE006, STORE020, STORE025, STORE016",2025-11-01,2025-12-31,Low demand velocity. Excess inventory carrying 8870.4 days of cover.
SKU01863,SLOW_MOVER,"STORE025, STORE015, STORE006, STORE028, STORE007, STORE026, STORE005, STORE002, STORE014, STORE003, STORE022, STORE030, STORE024, STORE009, STORE011, STORE029, STORE012, STORE013",2025-11-01,2025-12-31,Low demand velocity. Excess inventory carrying 5990.8 days of cover.
SKU01874,SLOW_MOVER,"STORE003, STORE030, STORE013, STORE018, STORE028, STORE027, STORE011, STORE009, STORE017, STORE015, STORE001, STORE019, STORE022, STORE014, STORE004, STORE007",2025-11-01,2025-12-31,Low demand velocity. Excess inventory carrying 4972.7 days of cover.
SKU01880,SLOW_MOVER,"STORE005, STORE030, STORE019, STORE028, STORE027, STORE025, STORE004, STORE024, STORE026, STORE023, STORE010, STORE018, STORE012, STORE014, STORE009, STORE007, STORE011, STORE008",2025-11-01,2025-12-31,Low demand velocity. Excess inventory carrying 6025.6 days of cover.
SKU01906,SLOW_MOVER,"STORE019, STORE020, STORE016, STORE002, STORE006, STORE009, STORE013, STORE005, STORE029, STORE022, STORE024, STORE027, STORE021, STORE011, STORE008, STORE001, STORE012, STORE028",2025-11-01,2025-12-31,Low demand velocity. Excess inventory carrying 5248.4 days of cover.
SKU01911,SLOW_MOVER,"STORE030, STORE009, STORE012, STORE001, STORE011, STORE010, STORE025, STORE029, STORE016, STORE004, STORE008, STORE005, STORE024, STORE015, STORE026, STORE019, STORE028, STORE007, STORE018, STORE022, STORE002, STORE021, STORE020",2025-11-01,2025-12-31,Low demand velocity. Excess inventory carrying 7828.9 days of cover.
SKU01919,SLOW_MOVER,"STORE007, STORE027, STORE014, STORE024, STORE016, STORE025, STORE017, STORE012, STORE002, STORE029, STORE006, STORE003, STORE010, STORE021, STORE013, STORE019, STORE026, STORE009, STORE018, STORE001, STORE015, STORE004",2025-11-01,2025-12-31,Low demand velocity. Excess inventory carrying 6810.1 days of cover.
SKU01939,SLOW_MOVER,"STORE029, STORE027, STORE007, STORE030, STORE002, STORE008, STORE026, STORE015, STORE024, STORE012, STORE028, STORE009, STORE021, STORE023, STORE013, STORE011, STORE022, STORE017, STORE001, STORE004, STORE006, STORE025, STORE019",2025-11-01,2025-12-31,Low demand velocity. Excess inventory carrying 6414.2 days of cover.
SKU01970,SLOW_MOVER,"STORE006, STORE028, STORE016, STORE019, STORE018, STORE012, STORE025, STORE030, STORE009, STORE003, STORE010, STORE001, STORE013, STORE002, STORE023, STORE014, STORE020, STORE026, STORE004, STORE024, STORE011, STORE015, STORE005, STORE029, STORE022, STORE008, STORE027, STORE021",2025-11-01,2025-12-31,Low demand velocity. Excess inventory carrying 8667.6 days of cover.
SKU01971,SLOW_MOVER,"STORE001, STORE016, STORE005, STORE021, STORE006, STORE020, STORE030, STORE008, STORE009, STORE025, STORE010, STORE022, STORE014, STORE013, STORE012, STORE023, STORE028, STORE004, STORE015, STORE018, STORE019, STORE007, STORE002, STORE024, STORE011, STORE003, STORE026, STORE029",2025-11-01,2025-12-31,Low demand velocity. Excess inventory carrying 8568.1 days of cover.
SKU01981,SLOW_MOVER,"STORE022, STORE004, STORE016, STORE003, STORE011, STORE009, STORE021, STORE026, STORE025, STORE030, STORE010, STORE007, STORE005, STORE017, STORE008, STORE015, STORE001, STORE013, STORE020, STORE019, STORE006, STORE027, STORE014, STORE012, STORE029, STORE024, STORE018",2025-11-01,2025-12-31,Low demand velocity. Excess inventory carrying 8595.0 days of cover.
SKU01988,STOCKOUT_RISK,"STORE030, STORE014, STORE013, STORE028, STORE024, STORE002, STORE019, STORE023, STORE026, STORE007, STORE011, STORE008",2025-11-01,2025-12-31,High demand velocity item. Zero or depleted stock on hand across 12 stores.
SKU01993,STOCKOUT_RISK,"STORE022, STORE018, STORE021, STORE026, STORE016, STORE030, STORE012, STORE017, STORE010",2025-11-01,2025-12-31,High demand velocity item. Zero or depleted stock on hand across 9 stores.
SKU02038,SLOW_MOVER,"STORE028, STORE006, STORE027, STORE022, STORE018, STORE029, STORE010, STORE004, STORE016, STORE005, STORE009, STORE026, STORE025, STORE011, STORE003, STORE023, STORE019, STORE015, STORE012, STORE021, STORE007, STORE014, STORE020, STORE030, STORE017",2025-11-01,2025-12-31,Low demand velocity. Excess inventory carrying 7047.5 days of cover.
SKU02046,STOCKOUT_RISK,"STORE010, STORE015, STORE028, STORE004, STORE016, STORE002, STORE021, STORE019, STORE023, STORE020, STORE003, STORE026, STORE007, STORE017, STORE027, STORE014, STORE011, STORE018",2025-11-01,2025-12-31,High demand velocity item. Zero or depleted stock on hand across 18 stores.
SKU02055,SLOW_MOVER,"STORE017, STORE010, STORE014, STORE002, STORE005, STORE026, STORE007, STORE011, STORE028, STORE019, STORE015, STORE025, STORE023, STORE006, STORE003, STORE008, STORE030, STORE018",2025-11-01,2025-12-31,Low demand velocity. Excess inventory carrying 5206.8 days of cover.
SKU02057,SLOW_MOVER,"STORE006, STORE011, STORE021, STORE002, STORE001, STORE015, STORE009, STORE007, STORE030, STORE019, STORE022, STORE016, STORE003, STORE005, STORE014, STORE029, STORE023, STORE028, STORE013, STORE008, STORE012, STORE026, STORE024, STORE017, STORE027, STORE018",2025-11-01,2025-12-31,Low demand velocity. Excess inventory carrying 7726.4 days of cover.
SKU02064,SLOW_MOVER,"STORE001, STORE029, STORE011, STORE025, STORE017, STORE007, STORE030, STORE022, STORE024, STORE021, STORE008, STORE020, STORE012, STORE010, STORE005, STORE002, STORE027, STORE009, STORE026, STORE016, STORE003, STORE015, STORE023, STORE018, STORE014, STORE004, STORE006, STORE013, STORE019, STORE028",2025-11-01,2025-12-31,Low demand velocity. Excess inventory carrying 8592.8 days of cover.
SKU02068,STOCKOUT_RISK,"STORE029, STORE016, STORE012, STORE025, STORE007, STORE006, STORE013, STORE001, STORE008, STORE022, STORE005, STORE026, STORE023, STORE017, STORE027, STORE002",2025-11-01,2025-12-31,High demand velocity item. Zero or depleted stock on hand across 16 stores.
SKU02070,SLOW_MOVER,"STORE012, STORE023, STORE021, STORE026, STORE002, STORE013, STORE028, STORE009, STORE018, STORE020, STORE027, STORE024, STORE004, STORE001, STORE019, STORE030, STORE016, STORE007, STORE008",2025-11-01,2025-12-31,Low demand velocity. Excess inventory carrying 4965.0 days of cover.
SKU02079,STOCKOUT_RISK,"STORE013, STORE004, STORE018, STORE009, STORE016, STORE023, STORE005, STORE007, STORE022, STORE021, STORE001, STORE010, STORE014, STORE029, STORE027, STORE019, STORE015",2025-11-01,2025-12-31,High demand velocity item. Zero or depleted stock on hand across 17 stores.
SKU02088,STOCKOUT_RISK,"STORE023, STORE005, STORE014, STORE027, STORE004, STORE017, STORE024, STORE020, STORE026, STORE010, STORE022, STORE030, STORE016",2025-11-01,2025-12-31,High demand velocity item. Zero or depleted stock on hand across 13 stores.
SKU02094,SLOW_MOVER,"STORE007, STORE020, STORE030, STORE025, STORE009, STORE017, STORE028, STORE012, STORE014, STORE010, STORE006, STORE002, STORE018, STORE016, STORE024, STORE023, STORE008, STORE029, STORE004",2025-11-01,2025-12-31,Low demand velocity. Excess inventory carrying 4884.0 days of cover.
SKU02112,SLOW_MOVER,"STORE001, STORE030, STORE022, STORE003, STORE004, STORE019, STORE028, STORE016, STORE005, STORE027, STORE017, STORE021, STORE026, STORE009, STORE008, STORE023, STORE024, STORE014, STORE015, STORE029, STORE002, STORE025, STORE011, STORE007, STORE020, STORE006, STORE013, STORE010, STORE012",2025-11-01,2025-12-31,Low demand velocity. Excess inventory carrying 8898.3 days of cover.
SKU02114,SLOW_MOVER,"STORE004, STORE028, STORE025, STORE002, STORE001, STORE005, STORE022, STORE021, STORE006, STORE011, STORE012, STORE015, STORE009, STORE003, STORE020, STORE014, STORE024, STORE017, STORE027, STORE007, STORE023, STORE008, STORE029",2025-11-01,2025-12-31,Low demand velocity. Excess inventory carrying 6527.6 days of cover.
SKU02128,SLOW_MOVER,"STORE027, STORE013, STORE023, STORE016, STORE026, STORE014, STORE021, STORE006, STORE004, STORE005, STORE002, STORE028, STORE022, STORE025, STORE030, STORE029, STORE010, STORE011, STORE008, STORE003, STORE017",2025-11-01,2025-12-31,Low demand velocity. Excess inventory carrying 4898.7 days of cover.
SKU02129,SLOW_MOVER,"STORE013, STORE025, STORE012, STORE020, STORE001, STORE022, STORE024, STORE005, STORE016, STORE029, STORE004, STORE014, STORE015, STORE002, STORE003, STORE023, STORE011, STORE006, STORE026, STORE019, STORE009, STORE027, STORE030, STORE018, STORE007, STORE008, STORE028, STORE017, STORE010",2025-11-01,2025-12-31,Low demand velocity. Excess inventory carrying 9291.7 days of cover.
SKU02141,STOCKOUT_RISK,"STORE016, STORE012, STORE022, STORE028, STORE021, STORE013, STORE005, STORE018, STORE020, STORE002",2025-11-01,2025-12-31,High demand velocity item. Zero or depleted stock on hand across 10 stores.
SKU02142,SLOW_MOVER,"STORE001, STORE021, STORE006, STORE017, STORE016, STORE026, STORE028, STORE003, STORE025, STORE011, STORE008, STORE029, STORE009, STORE002, STORE020, STORE018, STORE019, STORE007, STORE013, STORE004, STORE027, STORE022",2025-11-01,2025-12-31,Low demand velocity. Excess inventory carrying 5902.5 days of cover.
SKU02155,STOCKOUT_RISK,"STORE015, STORE026, STORE019, STORE030, STORE003, STORE016, STORE027, STORE011, STORE004, STORE025, STORE001, STORE022",2025-11-01,2025-12-31,High demand velocity item. Zero or depleted stock on hand across 12 stores.
SKU02164,SLOW_MOVER,"STORE013, STORE014, STORE002, STORE018, STORE027, STORE001, STORE003, STORE020, STORE023, STORE021, STORE010, STORE017, STORE026, STORE007, STORE015, STORE006, STORE016, STORE025, STORE004, STORE008, STORE029, STORE009, STORE011, STORE022, STORE019, STORE024, STORE012, STORE030, STORE005, STORE028",2025-11-01,2025-12-31,Low demand velocity. Excess inventory carrying 8948.2 days of cover.
SKU02176,STOCKOUT_RISK,"STORE001, STORE011, STORE012, STORE027, STORE021, STORE010, STORE018, STORE017, STORE028, STORE004, STORE002, STORE006, STORE016, STORE005",2025-11-01,2025-12-31,High demand velocity item. Zero or depleted stock on hand across 14 stores.
SKU02205,SLOW_MOVER,"STORE027, STORE023, STORE024, STORE028, STORE014, STORE004, STORE009, STORE020, STORE007, STORE022, STORE025, STORE013, STORE021, STORE015, STORE018, STORE012, STORE006, STORE002, STORE016, STORE001, STORE010, STORE019, STORE008, STORE029, STORE026, STORE005, STORE030, STORE017, STORE011",2025-11-01,2025-12-31,Low demand velocity. Excess inventory carrying 8948.6 days of cover.
SKU02209,SLOW_MOVER,"STORE017, STORE024, STORE002, STORE018, STORE014, STORE019, STORE016, STORE030, STORE006, STORE025, STORE022, STORE005, STORE004, STORE013, STORE011, STORE009, STORE007, STORE026, STORE010, STORE027, STORE021, STORE023, STORE020, STORE003, STORE029, STORE028, STORE012, STORE008",2025-11-01,2025-12-31,Low demand velocity. Excess inventory carrying 8552.7 days of cover.
SKU02211,SLOW_MOVER,"STORE020, STORE023, STORE024, STORE017, STORE010, STORE029, STORE018, STORE011, STORE028, STORE021, STORE007, STORE030, STORE019, STORE026, STORE012, STORE015, STORE025, STORE003, STORE016, STORE014, STORE013, STORE009, STORE006, STORE008, STORE001, STORE027, STORE004, STORE005",2025-11-01,2025-12-31,Low demand velocity. Excess inventory carrying 8109.7 days of cover.
SKU02217,SLOW_MOVER,"STORE019, STORE022, STORE023, STORE014, STORE029, STORE024, STORE018, STORE010, STORE027, STORE001, STORE017, STORE004, STORE021, STORE013, STORE005, STORE025, STORE011, STORE015, STORE030, STORE016, STORE003, STORE026, STORE009, STORE002, STORE020, STORE028, STORE007, STORE008, STORE006, STORE012",2025-11-01,2025-12-31,Low demand velocity. Excess inventory carrying 8958.6 days of cover.
SKU02221,SLOW_MOVER,"STORE027, STORE015, STORE004, STORE020, STORE022, STORE024, STORE018, STORE008, STORE021, STORE025, STORE013, STORE023, STORE017, STORE010, STORE002, STORE029, STORE007, STORE014, STORE030, STORE011, STORE006, STORE009, STORE001, STORE019",2025-11-01,2025-12-31,Low demand velocity. Excess inventory carrying 7504.4 days of cover.
SKU02224,SLOW_MOVER,"STORE024, STORE009, STORE007, STORE020, STORE025, STORE015, STORE008, STORE021, STORE023, STORE012, STORE019, STORE018, STORE028, STORE027, STORE010, STORE030, STORE003",2025-11-01,2025-12-31,Low demand velocity. Excess inventory carrying 4761.2 days of cover.
SKU02247,STOCKOUT_RISK,"STORE022, STORE003, STORE006, STORE028, STORE024, STORE017, STORE004, STORE013, STORE002, STORE014, STORE009, STORE018, STORE020, STORE005, STORE027, STORE010, STORE021",2025-11-01,2025-12-31,High demand velocity item. Zero or depleted stock on hand across 17 stores.
SKU02253,SLOW_MOVER,"STORE009, STORE001, STORE011, STORE015, STORE023, STORE005, STORE002, STORE025, STORE028, STORE020, STORE024, STORE010, STORE016, STORE012, STORE003, STORE013, STORE017, STORE006, STORE030, STORE004, STORE018, STORE014, STORE021, STORE007, STORE026, STORE008, STORE022",2025-11-01,2025-12-31,Low demand velocity. Excess inventory carrying 9154.4 days of cover.
SKU02267,SLOW_MOVER,"STORE018, STORE030, STORE013, STORE003, STORE012, STORE008, STORE007, STORE022, STORE011, STORE023, STORE026, STORE010, STORE024, STORE017, STORE016, STORE009, STORE014, STORE028, STORE021, STORE001, STORE002, STORE006, STORE025, STORE019, STORE015, STORE005, STORE029, STORE020, STORE004",2025-11-01,2025-12-31,Low demand velocity. Excess inventory carrying 10139.5 days of cover.
SKU02268,STOCKOUT_RISK,"STORE013, STORE026, STORE004, STORE030, STORE009, STORE018, STORE024, STORE010, STORE001, STORE017, STORE012, STORE021, STORE019, STORE015, STORE016, STORE022, STORE005, STORE011",2025-11-01,2025-12-31,High demand velocity item. Zero or depleted stock on hand across 18 stores.
SKU02277,SLOW_MOVER,"STORE007, STORE011, STORE017, STORE003, STORE004, STORE006, STORE018, STORE024, STORE001, STORE021, STORE027, STORE030, STORE019, STORE014, STORE026, STORE016, STORE009, STORE012",2025-11-01,2025-12-31,Low demand velocity. Excess inventory carrying 5473.5 days of cover.
SKU02279,SLOW_MOVER,"STORE029, STORE024, STORE025, STORE014, STORE021, STORE003, STORE030, STORE022, STORE005, STORE001, STORE015, STORE011, STORE002, STORE028, STORE017, STORE026, STORE016, STORE013, STORE023, STORE009, STORE018, STORE004, STORE012, STORE019, STORE007, STORE006",2025-11-01,2025-12-31,Low demand velocity. Excess inventory carrying 8589.7 days of cover.
SKU02302,SLOW_MOVER,"STORE021, STORE013, STORE014, STORE011, STORE001, STORE029, STORE022, STORE004, STORE018, STORE026, STORE020, STORE003, STORE002, STORE019, STORE012, STORE015, STORE009, STORE024, STORE005, STORE027, STORE016",2025-11-01,2025-12-31,Low demand velocity. Excess inventory carrying 6755.8 days of cover.
SKU02333,STOCKOUT_RISK,"STORE020, STORE003, STORE010, STORE025, STORE015, STORE013, STORE027, STORE022, STORE001, STORE016, STORE006, STORE018",2025-11-01,2025-12-31,High demand velocity item. Zero or depleted stock on hand across 12 stores.
SKU02340,STOCKOUT_RISK,"STORE008, STORE005, STORE024, STORE013, STORE026, STORE018, STORE010, STORE021, STORE029, STORE028, STORE012, STORE001, STORE025, STORE022, STORE004",2025-11-01,2025-12-31,High demand velocity item. Zero or depleted stock on hand across 15 stores.
SKU02351,SLOW_MOVER,"STORE002, STORE001, STORE019, STORE020, STORE013, STORE018, STORE025, STORE003, STORE010, STORE007, STORE012, STORE021, STORE014, STORE017, STORE005, STORE023, STORE015, STORE004, STORE022, STORE016, STORE026, STORE030, STORE024, STORE006, STORE011",2025-11-01,2025-12-31,Low demand velocity. Excess inventory carrying 7908.2 days of cover.
SKU02355,STOCKOUT_RISK,"STORE028, STORE002, STORE030, STORE025, STORE018, STORE015, STORE021, STORE026, STORE003, STORE010, STORE022, STORE009",2025-11-01,2025-12-31,High demand velocity item. Zero or depleted stock on hand across 12 stores.
SKU02368,STOCKOUT_RISK,"STORE004, STORE007, STORE024, STORE019, STORE016, STORE011, STORE012, STORE005, STORE022, STORE021, STORE008, STORE030, STORE010, STORE003, STORE029, STORE006, STORE020",2025-11-01,2025-12-31,High demand velocity item. Zero or depleted stock on hand across 17 stores.
SKU02375,SLOW_MOVER,"STORE015, STORE011, STORE020, STORE022, STORE010, STORE023, STORE019, STORE005, STORE024, STORE027, STORE012, STORE029, STORE014, STORE006, STORE001, STORE017, STORE004, STORE013, STORE018, STORE021",2025-11-01,2025-12-31,Low demand velocity. Excess inventory carrying 6066.5 days of cover.
SKU02376,SLOW_MOVER,"STORE014, STORE009, STORE027, STORE012, STORE005, STORE022, STORE024, STORE011, STORE016, STORE015, STORE021, STORE028, STORE010, STORE025, STORE004, STORE003, STORE023, STORE018, STORE002, STORE026, STORE020, STORE029",2025-11-01,2025-12-31,Low demand velocity. Excess inventory carrying 7300.2 days of cover.
SKU02381,STOCKOUT_RISK,"STORE007, STORE009, STORE024, STORE021, STORE003, STORE028, STORE026, STORE001, STORE017, STORE027, STORE023, STORE019, STORE013, STORE030, STORE002, STORE029, STORE005, STORE015, STORE018",2025-11-01,2025-12-31,High demand velocity item. Zero or depleted stock on hand across 19 stores.
SKU02386,SLOW_MOVER,"STORE016, STORE021, STORE025, STORE005, STORE012, STORE013, STORE008, STORE019, STORE010, STORE027, STORE015, STORE017, STORE023, STORE003, STORE028, STORE006, STORE009, STORE001, STORE011, STORE004",2025-11-01,2025-12-31,Low demand velocity. Excess inventory carrying 5999.8 days of cover.
SKU02387,SLOW_MOVER,"STORE028, STORE026, STORE020, STORE022, STORE006, STORE025, STORE017, STORE005, STORE015, STORE029, STORE021, STORE019, STORE023, STORE016, STORE012, STORE001, STORE004, STORE013, STORE008, STORE014, STORE002, STORE018, STORE030, STORE010, STORE027, STORE007, STORE003, STORE009, STORE011",2025-11-01,2025-12-31,Low demand velocity. Excess inventory carrying 7979.8 days of cover.
SKU02401,STOCKOUT_RISK,"STORE030, STORE015, STORE002, STORE028, STORE021, STORE011, STORE004, STORE023, STORE017, STORE026, STORE009",2025-11-01,2025-12-31,High demand velocity item. Zero or depleted stock on hand across 11 stores.
SKU02408,SLOW_MOVER,"STORE027, STORE024, STORE009, STORE019, STORE018, STORE030, STORE006, STORE013, STORE021, STORE023, STORE012, STORE025, STORE003, STORE017, STORE028, STORE007",2025-11-01,2025-12-31,Low demand velocity. Excess inventory carrying 6290.5 days of cover.
SKU02421,SLOW_MOVER,"STORE030, STORE008, STORE017, STORE013, STORE012, STORE026, STORE016, STORE024, STORE020, STORE001, STORE028, STORE005, STORE015, STORE006, STORE029, STORE002, STORE009, STORE011, STORE019, STORE004, STORE003, STORE010, STORE014, STORE023, STORE025, STORE021, STORE018, STORE027, STORE007",2025-11-01,2025-12-31,Low demand velocity. Excess inventory carrying 8475.4 days of cover.
SKU02449,STOCKOUT_RISK,"STORE024, STORE004, STORE016, STORE022, STORE028, STORE026, STORE007, STORE019, STORE006, STORE021, STORE014, STORE001, STORE008, STORE002, STORE005, STORE010",2025-11-01,2025-12-31,High demand velocity item. Zero or depleted stock on hand across 16 stores.
SKU02462,STOCKOUT_RISK,"STORE019, STORE006, STORE005, STORE021, STORE017, STORE002, STORE030, STORE028, STORE025, STORE029, STORE009, STORE027, STORE026, STORE013, STORE001",2025-11-01,2025-12-31,High demand velocity item. Zero or depleted stock on hand across 15 stores.
SKU02471,SLOW_MOVER,"STORE029, STORE024, STORE030, STORE022, STORE010, STORE003, STORE007, STORE015, STORE020, STORE016, STORE021, STORE006, STORE008, STORE014, STORE005, STORE013, STORE026, STORE023, STORE025, STORE017, STORE009, STORE027, STORE012, STORE019, STORE028, STORE018, STORE004",2025-11-01,2025-12-31,Low demand velocity. Excess inventory carrying 8532.1 days of cover.
SKU02472,SLOW_MOVER,"STORE020, STORE019, STORE003, STORE008, STORE013, STORE026, STORE005, STORE004, STORE001, STORE007, STORE017, STORE030, STORE014, STORE024, STORE023, STORE028, STORE027, STORE010, STORE025, STORE022, STORE009",2025-11-01,2025-12-31,Low demand velocity. Excess inventory carrying 6886.9 days of cover.
SKU02482,STOCKOUT_RISK,"STORE017, STORE025, STORE004, STORE003, STORE016, STORE022, STORE005, STORE020, STORE018, STORE001, STORE014, STORE030, STORE023, STORE012, STORE002, STORE019",2025-11-01,2025-12-31,High demand velocity item. Zero or depleted stock on hand across 16 stores.
SKU02484,STOCKOUT_RISK,"STORE017, STORE014, STORE008, STORE026, STORE016, STORE025, STORE013, STORE012, STORE019, STORE022, STORE004, STORE029, STORE005, STORE009, STORE027, STORE024",2025-11-01,2025-12-31,High demand velocity item. Zero or depleted stock on hand across 16 stores.
SKU02500,SLOW_MOVER,"STORE008, STORE028, STORE003, STORE010, STORE020, STORE018, STORE014, STORE009, STORE007, STORE001, STORE021, STORE019, STORE017, STORE004, STORE026, STORE022, STORE011, STORE025, STORE012, STORE006, STORE015, STORE024, STORE002, STORE030, STORE013, STORE005, STORE029, STORE027, STORE023, STORE016",2025-11-01,2025-12-31,Low demand velocity. Excess inventory carrying 9939.8 days of cover.
SKU02501,SLOW_MOVER,"STORE020, STORE009, STORE022, STORE013, STORE025, STORE007, STORE014, STORE018, STORE023, STORE016, STORE006, STORE012, STORE028, STORE021, STORE029, STORE005, STORE010, STORE030, STORE019, STORE026, STORE003, STORE002, STORE004",2025-11-01,2025-12-31,Low demand velocity. Excess inventory carrying 6514.6 days of cover.
SKU02503,STOCKOUT_RISK,"STORE015, STORE026, STORE023, STORE006, STORE004, STORE007, STORE017, STORE013, STORE011, STORE018, STORE020, STORE002, STORE027, STORE028, STORE001, STORE024",2025-11-01,2025-12-31,High demand velocity item. Zero or depleted stock on hand across 16 stores.
SKU02514,SLOW_MOVER,"STORE003, STORE027, STORE005, STORE016, STORE020, STORE014, STORE030, STORE024, STORE009, STORE008, STORE012, STORE023, STORE002, STORE013, STORE017, STORE010, STORE011, STORE022, STORE028, STORE015, STORE001, STORE019, STORE021",2025-11-01,2025-12-31,Low demand velocity. Excess inventory carrying 7851.9 days of cover.
SKU02519,SLOW_MOVER,"STORE015, STORE001, STORE007, STORE022, STORE026, STORE017, STORE010, STORE028, STORE002, STORE020, STORE025, STORE021, STORE008, STORE006, STORE027, STORE019, STORE004, STORE011, STORE029, STORE003, STORE016, STORE005, STORE023, STORE013, STORE030",2025-11-01,2025-12-31,Low demand velocity. Excess inventory carrying 7537.9 days of cover.
SKU02520,SLOW_MOVER,"STORE013, STORE030, STORE019, STORE007, STORE017, STORE001, STORE024, STORE023, STORE003, STORE022, STORE018, STORE010, STORE020, STORE012, STORE026, STORE014, STORE005, STORE004, STORE028, STORE029, STORE008, STORE027, STORE025, STORE021",2025-11-01,2025-12-31,Low demand velocity. Excess inventory carrying 7496.1 days of cover.
SKU02526,STOCKOUT_RISK,"STORE006, STORE014, STORE017, STORE004, STORE018, STORE003, STORE028, STORE010, STORE011, STORE027, STORE024, STORE009, STORE026",2025-11-01,2025-12-31,High demand velocity item. Zero or depleted stock on hand across 13 stores.
SKU02531,STOCKOUT_RISK,"STORE027, STORE026, STORE019, STORE009, STORE023, STORE015, STORE013, STORE028, STORE016, STORE008, STORE011, STORE025, STORE029, STORE001, STORE022, STORE002, STORE005, STORE018, STORE007",2025-11-01,2025-12-31,High demand velocity item. Zero or depleted stock on hand across 19 stores.
SKU02532,STOCKOUT_RISK,"STORE021, STORE026, STORE008, STORE022, STORE023, STORE028, STORE011, STORE014, STORE012, STORE017, STORE018, STORE001",2025-11-01,2025-12-31,High demand velocity item. Zero or depleted stock on hand across 12 stores.
SKU02533,SLOW_MOVER,"STORE023, STORE027, STORE009, STORE008, STORE010, STORE003, STORE013, STORE022, STORE011, STORE025, STORE018, STORE006, STORE016, STORE030, STORE012, STORE004, STORE026, STORE005, STORE021, STORE017, STORE015, STORE029, STORE014, STORE002, STORE019",2025-11-01,2025-12-31,Low demand velocity. Excess inventory carrying 6584.6 days of cover.
SKU02538,STOCKOUT_RISK,"STORE008, STORE028, STORE009, STORE007, STORE030, STORE027, STORE026, STORE020, STORE012, STORE005, STORE004, STORE023, STORE003, STORE016, STORE001, STORE013, STORE014",2025-11-01,2025-12-31,High demand velocity item. Zero or depleted stock on hand across 17 stores.
SKU02541,SLOW_MOVER,"STORE018, STORE002, STORE028, STORE016, STORE012, STORE020, STORE011, STORE027, STORE019, STORE009, STORE023, STORE006, STORE017, STORE021, STORE013, STORE004, STORE025, STORE010, STORE003, STORE001, STORE030, STORE007, STORE008, STORE005",2025-11-01,2025-12-31,Low demand velocity. Excess inventory carrying 7684.8 days of cover.
SKU02543,STOCKOUT_RISK,"STORE002, STORE017, STORE012, STORE013, STORE022, STORE025, STORE006, STORE015, STORE004, STORE029, STORE023, STORE011, STORE001, STORE018, STORE007, STORE016, STORE010",2025-11-01,2025-12-31,High demand velocity item. Zero or depleted stock on hand across 17 stores.
SKU02558,SLOW_MOVER,"STORE004, STORE011, STORE012, STORE020, STORE009, STORE006, STORE018, STORE026, STORE008, STORE023, STORE016, STORE029, STORE028, STORE025, STORE027, STORE007, STORE030, STORE015, STORE024, STORE017, STORE019, STORE013",2025-11-01,2025-12-31,Low demand velocity. Excess inventory carrying 6152.1 days of cover.
SKU02567,SLOW_MOVER,"STORE009, STORE015, STORE006, STORE019, STORE005, STORE027, STORE022, STORE008, STORE004, STORE030, STORE023, STORE018, STORE014, STORE013, STORE007, STORE003, STORE017, STORE012, STORE029, STORE020, STORE001, STORE025, STORE016",2025-11-01,2025-12-31,Low demand velocity. Excess inventory carrying 6296.6 days of cover.
SKU02570,SLOW_MOVER,"STORE016, STORE005, STORE028, STORE021, STORE017, STORE018, STORE024, STORE011, STORE030, STORE010, STORE009, STORE025, STORE002, STORE013, STORE004, STORE012, STORE003",2025-11-01,2025-12-31,Low demand velocity. Excess inventory carrying 5013.2 days of cover.
SKU02576,SLOW_MOVER,"STORE002, STORE007, STORE027, STORE009, STORE016, STORE021, STORE004, STORE015, STORE011, STORE028, STORE012, STORE020, STORE018, STORE025, STORE019, STORE001, STORE029",2025-11-01,2025-12-31,Low demand velocity. Excess inventory carrying 5285.6 days of cover.
SKU02580,SLOW_MOVER,"STORE004, STORE012, STORE028, STORE022, STORE020, STORE007, STORE019, STORE024, STORE021, STORE027, STORE018, STORE006, STORE010, STORE029, STORE011, STORE016, STORE009, STORE008, STORE017, STORE013",2025-11-01,2025-12-31,Low demand velocity. Excess inventory carrying 6339.7 days of cover.
SKU02584,SLOW_MOVER,"STORE029, STORE003, STORE013, STORE020, STORE010, STORE015, STORE021, STORE005, STORE006, STORE024, STORE011, STORE014, STORE028, STORE030, STORE017, STORE016, STORE022, STORE004, STORE019, STORE012, STORE023, STORE026, STORE007, STORE025, STORE018, STORE008, STORE027",2025-11-01,2025-12-31,Low demand velocity. Excess inventory carrying 8022.4 days of cover.
SKU02590,SLOW_MOVER,"STORE014, STORE006, STORE029, STORE001, STORE005, STORE024, STORE008, STORE022, STORE009, STORE003, STORE007, STORE028, STORE013, STORE004, STORE017, STORE002, STORE025, STORE023, STORE027, STORE012, STORE020, STORE018",2025-11-01,2025-12-31,Low demand velocity. Excess inventory carrying 6903.7 days of cover.
SKU02614,STOCKOUT_RISK,"STORE025, STORE003, STORE004, STORE009, STORE020, STORE005, STORE029, STORE021, STORE013, STORE010, STORE008, STORE026",2025-11-01,2025-12-31,High demand velocity item. Zero or depleted stock on hand across 12 stores.
SKU02639,SLOW_MOVER,"STORE024, STORE010, STORE015, STORE021, STORE005, STORE026, STORE017, STORE006, STORE001, STORE002, STORE012, STORE011, STORE016, STORE028, STORE009, STORE018, STORE008, STORE003, STORE020, STORE030, STORE013",2025-11-01,2025-12-31,Low demand velocity. Excess inventory carrying 6418.2 days of cover.
SKU02640,STOCKOUT_RISK,"STORE019, STORE020, STORE015, STORE021, STORE024, STORE027, STORE030, STORE014, STORE017, STORE025, STORE018, STORE010, STORE012, STORE016, STORE008",2025-11-01,2025-12-31,High demand velocity item. Zero or depleted stock on hand across 15 stores.
SKU02648,STOCKOUT_RISK,"STORE026, STORE003, STORE015, STORE010, STORE012, STORE014, STORE009, STORE005, STORE027, STORE001, STORE021, STORE017, STORE023, STORE030, STORE022, STORE008, STORE024, STORE020, STORE019",2025-11-01,2025-12-31,High demand velocity item. Zero or depleted stock on hand across 19 stores.
SKU02657,STOCKOUT_RISK,"STORE030, STORE016, STORE025, STORE029, STORE010, STORE001, STORE014, STORE026, STORE020, STORE008, STORE028, STORE018, STORE012, STORE007, STORE024, STORE015, STORE009, STORE017",2025-11-01,2025-12-31,High demand velocity item. Zero or depleted stock on hand across 18 stores.
SKU02660,STOCKOUT_RISK,"STORE013, STORE008, STORE006, STORE023, STORE024, STORE021, STORE030, STORE026, STORE029, STORE009, STORE003, STORE014, STORE022, STORE017, STORE025, STORE005, STORE011, STORE012",2025-11-01,2025-12-31,High demand velocity item. Zero or depleted stock on hand across 18 stores.
SKU02662,SLOW_MOVER,"STORE018, STORE026, STORE009, STORE014, STORE007, STORE003, STORE006, STORE005, STORE010, STORE004, STORE015, STORE020, STORE028, STORE016, STORE029, STORE024, STORE001, STORE025, STORE027, STORE030, STORE012, STORE013, STORE002, STORE011, STORE017, STORE008, STORE021",2025-11-01,2025-12-31,Low demand velocity. Excess inventory carrying 8843.4 days of cover.
SKU02681,SLOW_MOVER,"STORE024, STORE001, STORE008, STORE003, STORE005, STORE029, STORE016, STORE007, STORE011, STORE014, STORE010, STORE030, STORE012, STORE015, STORE002, STORE006",2025-11-01,2025-12-31,Low demand velocity. Excess inventory carrying 4947.3 days of cover.
SKU02683,STOCKOUT_RISK,"STORE003, STORE027, STORE025, STORE005, STORE002, STORE009, STORE013, STORE030, STORE018, STORE016, STORE006, STORE007, STORE028, STORE024",2025-11-01,2025-12-31,High demand velocity item. Zero or depleted stock on hand across 14 stores.
SKU02692,STOCKOUT_RISK,"STORE027, STORE001, STORE004, STORE025, STORE023, STORE008, STORE013, STORE015, STORE030, STORE002, STORE007, STORE026, STORE028, STORE017, STORE020, STORE022",2025-11-01,2025-12-31,High demand velocity item. Zero or depleted stock on hand across 16 stores.
SKU02700,SLOW_MOVER,"STORE013, STORE022, STORE010, STORE011, STORE006, STORE021, STORE024, STORE002, STORE018, STORE017, STORE004, STORE009, STORE016, STORE028, STORE007, STORE026, STORE001, STORE027, STORE020, STORE023, STORE012, STORE029",2025-11-01,2025-12-31,Low demand velocity. Excess inventory carrying 7025.3 days of cover.
SKU02710,SLOW_MOVER,"STORE011, STORE001, STORE006, STORE026, STORE009, STORE019, STORE004, STORE013, STORE008, STORE029, STORE002, STORE025, STORE016, STORE005, STORE012, STORE023, STORE020, STORE024, STORE003, STORE022, STORE014, STORE028, STORE021, STORE030",2025-11-01,2025-12-31,Low demand velocity. Excess inventory carrying 6933.5 days of cover.
SKU02718,SLOW_MOVER,"STORE012, STORE021, STORE005, STORE023, STORE018, STORE004, STORE028, STORE016, STORE008, STORE011, STORE026, STORE030, STORE015, STORE007, STORE001, STORE019, STORE017, STORE006, STORE020, STORE003, STORE024, STORE027, STORE022, STORE013, STORE025, STORE010, STORE029, STORE014",2025-11-01,2025-12-31,Low demand velocity. Excess inventory carrying 8746.3 days of cover.
SKU02722,SLOW_MOVER,"STORE023, STORE016, STORE007, STORE019, STORE006, STORE018, STORE012, STORE011, STORE015, STORE009, STORE020, STORE025, STORE026, STORE003, STORE005, STORE008, STORE029, STORE014, STORE021, STORE027",2025-11-01,2025-12-31,Low demand velocity. Excess inventory carrying 6835.4 days of cover.
SKU02728,SLOW_MOVER,"STORE015, STORE001, STORE025, STORE021, STORE017, STORE013, STORE024, STORE006, STORE029, STORE020, STORE012, STORE008, STORE011, STORE003, STORE028, STORE004, STORE009, STORE018, STORE019, STORE014, STORE026, STORE005, STORE023, STORE030, STORE027, STORE010, STORE022, STORE007, STORE016, STORE002",2025-11-01,2025-12-31,Low demand velocity. Excess inventory carrying 9673.1 days of cover.
SKU02737,STOCKOUT_RISK,"STORE027, STORE005, STORE006, STORE002, STORE007, STORE004, STORE016, STORE026, STORE025, STORE030, STORE019, STORE013, STORE024, STORE017, STORE009, STORE001, STORE028, STORE022, STORE010",2025-11-01,2025-12-31,High demand velocity item. Zero or depleted stock on hand across 19 stores.
SKU02740,STOCKOUT_RISK,"STORE023, STORE003, STORE001, STORE007, STORE021, STORE016, STORE029, STORE015, STORE026, STORE002, STORE012, STORE018, STORE014",2025-11-01,2025-12-31,High demand velocity item. Zero or depleted stock on hand across 13 stores.
SKU02747,STOCKOUT_RISK,"STORE027, STORE012, STORE026, STORE023, STORE002, STORE020, STORE009, STORE017, STORE028, STORE003, STORE010, STORE021, STORE007, STORE030, STORE004, STORE022, STORE029, STORE016",2025-11-01,2025-12-31,High demand velocity item. Zero or depleted stock on hand across 18 stores.
SKU02768,SLOW_MOVER,"STORE018, STORE013, STORE007, STORE028, STORE017, STORE022, STORE008, STORE019, STORE021, STORE006, STORE030, STORE020, STORE014, STORE004, STORE012, STORE011, STORE024, STORE016, STORE015, STORE027, STORE002, STORE003",2025-11-01,2025-12-31,Low demand velocity. Excess inventory carrying 5115.2 days of cover.
SKU02776,STOCKOUT_RISK,"STORE026, STORE006, STORE018, STORE013, STORE017, STORE011, STORE022, STORE029, STORE028, STORE020, STORE015, STORE012, STORE025, STORE024",2025-11-01,2025-12-31,High demand velocity item. Zero or depleted stock on hand across 14 stores.
SKU02780,SLOW_MOVER,"STORE028, STORE012, STORE014, STORE025, STORE021, STORE030, STORE024, STORE011, STORE020, STORE008, STORE019, STORE018, STORE007, STORE013, STORE009, STORE006, STORE026, STORE027, STORE022, STORE001, STORE023, STORE005, STORE010, STORE016, STORE002, STORE003, STORE017, STORE015, STORE004, STORE029",2025-11-01,2025-12-31,Low demand velocity. Excess inventory carrying 9380.6 days of cover.
SKU02794,SLOW_MOVER,"STORE028, STORE011, STORE001, STORE025, STORE023, STORE009, STORE018, STORE017, STORE024, STORE019, STORE021, STORE005, STORE004, STORE002, STORE015, STORE006, STORE003, STORE014, STORE020, STORE016, STORE010",2025-11-01,2025-12-31,Low demand velocity. Excess inventory carrying 6646.3 days of cover.
SKU02822,SLOW_MOVER,"STORE008, STORE030, STORE009, STORE026, STORE010, STORE003, STORE019, STORE013, STORE024, STORE007, STORE025, STORE011, STORE016, STORE006, STORE018, STORE014, STORE012, STORE015, STORE027, STORE002, STORE023, STORE005, STORE001, STORE017, STORE028, STORE004, STORE029, STORE021, STORE022",2025-11-01,2025-12-31,Low demand velocity. Excess inventory carrying 8861.4 days of cover.
SKU02826,STOCKOUT_RISK,"STORE012, STORE029, STORE027, STORE014, STORE028, STORE004, STORE008, STORE021, STORE020, STORE001, STORE013, STORE002, STORE010, STORE017, STORE019, STORE006",2025-11-01,2025-12-31,High demand velocity item. Zero or depleted stock on hand across 16 stores.
SKU02833,STOCKOUT_RISK,"STORE018, STORE019, STORE005, STORE011, STORE017, STORE023, STORE008, STORE028, STORE002, STORE013, STORE015, STORE029, STORE026, STORE003, STORE024, STORE007, STORE025, STORE021",2025-11-01,2025-12-31,High demand velocity item. Zero or depleted stock on hand across 18 stores.
SKU02840,STOCKOUT_RISK,"STORE013, STORE005, STORE029, STORE011, STORE003, STORE016, STORE019, STORE002, STORE018, STORE030, STORE009",2025-11-01,2025-12-31,High demand velocity item. Zero or depleted stock on hand across 11 stores.
SKU02842,SLOW_MOVER,"STORE003, STORE013, STORE017, STORE014, STORE025, STORE023, STORE005, STORE024, STORE016, STORE018, STORE007, STORE022, STORE029, STORE020, STORE008, STORE004, STORE002, STORE026, STORE028, STORE006, STORE010, STORE027, STORE009, STORE011, STORE015",2025-11-01,2025-12-31,Low demand velocity. Excess inventory carrying 7660.8 days of cover.
SKU02858,STOCKOUT_RISK,"STORE014, STORE012, STORE029, STORE007, STORE011, STORE028, STORE020, STORE021, STORE001, STORE010, STORE006, STORE025, STORE015",2025-11-01,2025-12-31,High demand velocity item. Zero or depleted stock on hand across 13 stores.
SKU02871,SLOW_MOVER,"STORE020, STORE005, STORE015, STORE002, STORE008, STORE007, STORE022, STORE012, STORE029, STORE003, STORE004, STORE027, STORE026, STORE024, STORE010, STORE001, STORE006, STORE023, STORE019, STORE017, STORE018, STORE016, STORE028, STORE021, STORE013, STORE011, STORE014, STORE009",2025-11-01,2025-12-31,Low demand velocity. Excess inventory carrying 10293.0 days of cover.
SKU02892,STOCKOUT_RISK,"STORE018, STORE017, STORE025, STORE009, STORE030, STORE016, STORE020, STORE005, STORE022, STORE001, STORE013, STORE019, STORE029, STORE002, STORE027, STORE003",2025-11-01,2025-12-31,High demand velocity item. Zero or depleted stock on hand across 16 stores.
SKU02898,STOCKOUT_RISK,"STORE002, STORE010, STORE007, STORE026, STORE023, STORE020, STORE009, STORE030, STORE015, STORE021, STORE001, STORE003, STORE013, STORE024, STORE012, STORE014, STORE027, STORE025",2025-11-01,2025-12-31,High demand velocity item. Zero or depleted stock on hand across 18 stores.
SKU02907,SLOW_MOVER,"STORE010, STORE028, STORE021, STORE013, STORE008, STORE027, STORE017, STORE023, STORE004, STORE011, STORE016, STORE018, STORE003, STORE006, STORE007, STORE009, STORE026, STORE015, STORE012, STORE001, STORE029, STORE022, STORE005",2025-11-01,2025-12-31,Low demand velocity. Excess inventory carrying 6349.4 days of cover.
SKU02915,SLOW_MOVER,"STORE011, STORE016, STORE013, STORE024, STORE006, STORE001, STORE012, STORE022, STORE027, STORE023, STORE010, STORE008, STORE017, STORE009, STORE002, STORE030, STORE005, STORE007, STORE025, STORE018, STORE014, STORE004, STORE003, STORE019, STORE015",2025-11-01,2025-12-31,Low demand velocity. Excess inventory carrying 6372.2 days of cover.
SKU02923,STOCKOUT_RISK,"STORE022, STORE005, STORE003, STORE024, STORE013, STORE017, STORE030, STORE020, STORE021, STORE008, STORE014, STORE027, STORE029",2025-11-01,2025-12-31,High demand velocity item. Zero or depleted stock on hand across 13 stores.
SKU02930,STOCKOUT_RISK,"STORE014, STORE010, STORE020, STORE011, STORE015, STORE018, STORE005, STORE007, STORE021, STORE024, STORE019",2025-11-01,2025-12-31,High demand velocity item. Zero or depleted stock on hand across 11 stores.
SKU02938,SLOW_MOVER,"STORE018, STORE022, STORE026, STORE007, STORE005, STORE010, STORE023, STORE024, STORE017, STORE028, STORE014, STORE021, STORE006, STORE011, STORE003, STORE009, STORE015, STORE012, STORE002, STORE016, STORE030, STORE029, STORE001, STORE027, STORE020, STORE004, STORE019, STORE013",2025-11-01,2025-12-31,Low demand velocity. Excess inventory carrying 9095.7 days of cover.
SKU02946,SLOW_MOVER,"STORE015, STORE024, STORE027, STORE021, STORE029, STORE009, STORE005, STORE007, STORE004, STORE026, STORE006, STORE001, STORE025, STORE008, STORE017, STORE022",2025-11-01,2025-12-31,Low demand velocity. Excess inventory carrying 5112.9 days of cover.
SKU02950,STOCKOUT_RISK,"STORE022, STORE001, STORE012, STORE003, STORE023, STORE025, STORE016, STORE005, STORE017, STORE020, STORE024, STORE028, STORE006",2025-11-01,2025-12-31,High demand velocity item. Zero or depleted stock on hand across 13 stores.
SKU02954,STOCKOUT_RISK,"STORE028, STORE013, STORE016, STORE030, STORE005, STORE006, STORE007, STORE008, STORE002, STORE014, STORE001, STORE009, STORE021, STORE023",2025-11-01,2025-12-31,High demand velocity item. Zero or depleted stock on hand across 14 stores.
SKU02964,SLOW_MOVER,"STORE024, STORE022, STORE007, STORE025, STORE028, STORE003, STORE006, STORE015, STORE020, STORE016, STORE011, STORE023, STORE008, STORE014, STORE013, STORE021, STORE001, STORE010, STORE012, STORE026, STORE030, STORE029, STORE017",2025-11-01,2025-12-31,Low demand velocity. Excess inventory carrying 6411.5 days of cover.
SKU02983,STOCKOUT_RISK,"STORE017, STORE004, STORE015, STORE028, STORE002, STORE008, STORE030, STORE018, STORE013, STORE026, STORE023, STORE022, STORE024",2025-11-01,2025-12-31,High demand velocity item. Zero or depleted stock on hand across 13 stores.
SKU02997,SLOW_MOVER,"STORE025, STORE021, STORE002, STORE007, STORE010, STORE015, STORE013, STORE026, STORE023, STORE030, STORE006, STORE014, STORE022, STORE028, STORE005, STORE008, STORE019, STORE011, STORE029, STORE017, STORE009, STORE024, STORE003, STORE027",2025-11-01,2025-12-31,Low demand velocity. Excess inventory carrying 6988.3 days of cover.
SKU02999,SLOW_MOVER,"STORE019, STORE029, STORE023, STORE018, STORE005, STORE013, STORE014, STORE011, STORE015, STORE001, STORE006, STORE022, STORE007, STORE030, STORE003, STORE026, STORE020, STORE012, STORE028, STORE016",2025-11-01,2025-12-31,Low demand velocity. Excess inventory carrying 6449.9 days of cover.
SKU03005,SLOW_MOVER,"STORE023, STORE024, STORE004, STORE003, STORE028, STORE030, STORE015, STORE021, STORE012, STORE027, STORE017, STORE013, STORE020, STORE006, STORE019, STORE009, STORE007, STORE001, STORE025, STORE018, STORE010, STORE022, STORE029, STORE014, STORE002",2025-11-01,2025-12-31,Low demand velocity. Excess inventory carrying 7869.7 days of cover.
SKU03014,SLOW_MOVER,"STORE006, STORE025, STORE023, STORE002, STORE014, STORE010, STORE029, STORE015, STORE024, STORE021, STORE030, STORE004, STORE005, STORE007, STORE001, STORE022, STORE013, STORE018, STORE016, STORE008, STORE011, STORE028, STORE012, STORE026",2025-11-01,2025-12-31,Low demand velocity. Excess inventory carrying 6508.5 days of cover.
SKU03030,STOCKOUT_RISK,"STORE029, STORE016, STORE008, STORE007, STORE019, STORE022, STORE030, STORE015, STORE014, STORE023, STORE003, STORE001, STORE028, STORE009, STORE027, STORE026, STORE020, STORE025, STORE021",2025-11-01,2025-12-31,High demand velocity item. Zero or depleted stock on hand across 19 stores.
SKU03031,SLOW_MOVER,"STORE021, STORE012, STORE002, STORE005, STORE028, STORE022, STORE019, STORE020, STORE010, STORE011, STORE003, STORE026, STORE004, STORE014, STORE006, STORE023, STORE030, STORE027, STORE025, STORE017, STORE029, STORE009, STORE015, STORE018, STORE016, STORE013, STORE008, STORE001, STORE007",2025-11-01,2025-12-31,Low demand velocity. Excess inventory carrying 8794.5 days of cover.
SKU03036,SLOW_MOVER,"STORE025, STORE010, STORE011, STORE012, STORE013, STORE003, STORE014, STORE018, STORE030, STORE029, STORE016, STORE005, STORE004, STORE009, STORE028, STORE017, STORE007, STORE015, STORE023, STORE027, STORE021, STORE001, STORE002, STORE019, STORE006, STORE024",2025-11-01,2025-12-31,Low demand velocity. Excess inventory carrying 7751.3 days of cover.
SKU03043,SLOW_MOVER,"STORE003, STORE016, STORE024, STORE023, STORE020, STORE027, STORE010, STORE014, STORE026, STORE011, STORE009, STORE017, STORE012, STORE005, STORE029, STORE022, STORE018, STORE021, STORE008, STORE025",2025-11-01,2025-12-31,Low demand velocity. Excess inventory carrying 6186.8 days of cover.
SKU03053,STOCKOUT_RISK,"STORE026, STORE006, STORE020, STORE008, STORE023, STORE010, STORE007, STORE001, STORE004, STORE030, STORE015, STORE022, STORE024, STORE014",2025-11-01,2025-12-31,High demand velocity item. Zero or depleted stock on hand across 14 stores.
SKU03057,STOCKOUT_RISK,"STORE014, STORE002, STORE011, STORE012, STORE018, STORE021, STORE007, STORE001, STORE025, STORE024, STORE010, STORE009, STORE003, STORE020, STORE017, STORE019, STORE015, STORE006",2025-11-01,2025-12-31,High demand velocity item. Zero or depleted stock on hand across 18 stores.
SKU03058,SLOW_MOVER,"STORE025, STORE001, STORE004, STORE022, STORE011, STORE026, STORE013, STORE019, STORE020, STORE029, STORE006, STORE007, STORE030, STORE018, STORE016, STORE015, STORE008, STORE024, STORE021, STORE017, STORE003, STORE014, STORE010, STORE027, STORE028, STORE005, STORE009, STORE002, STORE023, STORE012",2025-11-01,2025-12-31,Low demand velocity. Excess inventory carrying 10157.0 days of cover.
SKU03063,STOCKOUT_RISK,"STORE027, STORE017, STORE010, STORE019, STORE024, STORE022, STORE011, STORE018, STORE023, STORE001, STORE007",2025-11-01,2025-12-31,High demand velocity item. Zero or depleted stock on hand across 11 stores.
SKU03073,SLOW_MOVER,"STORE019, STORE022, STORE011, STORE026, STORE027, STORE012, STORE003, STORE005, STORE009, STORE001, STORE028, STORE013, STORE018, STORE006, STORE030, STORE024, STORE010, STORE002, STORE023, STORE017",2025-11-01,2025-12-31,Low demand velocity. Excess inventory carrying 7024.1 days of cover.
SKU03088,STOCKOUT_RISK,"STORE023, STORE002, STORE009, STORE014, STORE003, STORE016, STORE008, STORE012, STORE015, STORE010, STORE007, STORE017, STORE021, STORE006, STORE004",2025-11-01,2025-12-31,High demand velocity item. Zero or depleted stock on hand across 15 stores.
SKU03089,SLOW_MOVER,"STORE012, STORE026, STORE002, STORE025, STORE007, STORE003, STORE015, STORE017, STORE001, STORE016, STORE023, STORE005, STORE029, STORE011, STORE021, STORE030, STORE014, STORE009, STORE019, STORE006, STORE027, STORE028, STORE010, STORE013, STORE020, STORE022, STORE004, STORE018, STORE024",2025-11-01,2025-12-31,Low demand velocity. Excess inventory carrying 9618.9 days of cover.
SKU03090,SLOW_MOVER,"STORE001, STORE010, STORE002, STORE022, STORE020, STORE003, STORE011, STORE015, STORE028, STORE004, STORE017, STORE029, STORE030, STORE019, STORE007, STORE006, STORE021, STORE014, STORE005, STORE012, STORE009, STORE023, STORE008, STORE026, STORE018, STORE025, STORE027",2025-11-01,2025-12-31,Low demand velocity. Excess inventory carrying 8301.4 days of cover.
SKU03105,SLOW_MOVER,"STORE006, STORE009, STORE004, STORE001, STORE020, STORE018, STORE017, STORE028, STORE007, STORE025, STORE012, STORE021, STORE011, STORE029, STORE005, STORE026, STORE013, STORE016, STORE010, STORE023, STORE003, STORE002, STORE014, STORE008, STORE015, STORE022",2025-11-01,2025-12-31,Low demand velocity. Excess inventory carrying 9346.3 days of cover.
SKU03108,SLOW_MOVER,"STORE015, STORE002, STORE005, STORE001, STORE016, STORE022, STORE029, STORE004, STORE013, STORE024, STORE003, STORE014, STORE025, STORE006, STORE030, STORE010, STORE017, STORE028",2025-11-01,2025-12-31,Low demand velocity. Excess inventory carrying 5328.3 days of cover.
SKU03115,SLOW_MOVER,"STORE011, STORE027, STORE007, STORE023, STORE025, STORE022, STORE018, STORE003, STORE015, STORE019, STORE005, STORE029, STORE026, STORE004, STORE024, STORE020, STORE030, STORE014, STORE012, STORE008, STORE013, STORE017, STORE009, STORE002, STORE016, STORE021, STORE006, STORE028, STORE001",2025-11-01,2025-12-31,Low demand velocity. Excess inventory carrying 11648.6 days of cover.
SKU03139,SLOW_MOVER,"STORE023, STORE022, STORE011, STORE026, STORE028, STORE015, STORE016, STORE001, STORE003, STORE024, STORE004, STORE012, STORE021, STORE025, STORE006, STORE005, STORE013, STORE018, STORE010, STORE019, STORE029, STORE009, STORE002, STORE020, STORE014, STORE030",2025-11-01,2025-12-31,Low demand velocity. Excess inventory carrying 8115.8 days of cover.
SKU03150,SLOW_MOVER,"STORE011, STORE018, STORE021, STORE003, STORE026, STORE010, STORE029, STORE015, STORE013, STORE019, STORE014, STORE008, STORE028, STORE006, STORE016, STORE007, STORE002, STORE017, STORE004, STORE025, STORE023, STORE030, STORE022, STORE005, STORE024, STORE020",2025-11-01,2025-12-31,Low demand velocity. Excess inventory carrying 8838.5 days of cover.
SKU03152,SLOW_MOVER,"STORE006, STORE022, STORE029, STORE003, STORE024, STORE023, STORE019, STORE016, STORE004, STORE026, STORE020, STORE015, STORE011, STORE028, STORE021, STORE027, STORE005, STORE007, STORE002, STORE010, STORE012, STORE013, STORE030, STORE017, STORE008",2025-11-01,2025-12-31,Low demand velocity. Excess inventory carrying 5849.7 days of cover.
SKU03171,STOCKOUT_RISK,"STORE022, STORE002, STORE003, STORE007, STORE005, STORE019, STORE021, STORE001, STORE026, STORE030, STORE015, STORE018, STORE010, STORE013, STORE020, STORE004, STORE016, STORE011, STORE006",2025-11-01,2025-12-31,High demand velocity item. Zero or depleted stock on hand across 19 stores.
SKU03173,SLOW_MOVER,"STORE010, STORE019, STORE026, STORE022, STORE030, STORE014, STORE023, STORE012, STORE003, STORE029, STORE001, STORE017, STORE013, STORE005, STORE028, STORE020, STORE006, STORE009, STORE015, STORE024, STORE018",2025-11-01,2025-12-31,Low demand velocity. Excess inventory carrying 6481.6 days of cover.
SKU03177,SLOW_MOVER,"STORE027, STORE012, STORE004, STORE010, STORE001, STORE008, STORE014, STORE023, STORE019, STORE013, STORE011, STORE021, STORE022, STORE018, STORE024, STORE009, STORE028, STORE020, STORE003, STORE025, STORE029",2025-11-01,2025-12-31,Low demand velocity. Excess inventory carrying 5980.8 days of cover.
SKU03179,SLOW_MOVER,"STORE007, STORE018, STORE013, STORE027, STORE012, STORE014, STORE005, STORE010, STORE022, STORE024, STORE021, STORE001, STORE003, STORE019, STORE020, STORE026, STORE008, STORE011, STORE030, STORE029, STORE002",2025-11-01,2025-12-31,Low demand velocity. Excess inventory carrying 6646.5 days of cover.
SKU03192,SLOW_MOVER,"STORE005, STORE021, STORE026, STORE014, STORE015, STORE023, STORE020, STORE027, STORE024, STORE006, STORE028, STORE017, STORE025, STORE022, STORE013, STORE029, STORE004, STORE003, STORE007, STORE010, STORE001, STORE008",2025-11-01,2025-12-31,Low demand velocity. Excess inventory carrying 6642.3 days of cover.
SKU03199,STOCKOUT_RISK,"STORE028, STORE024, STORE008, STORE023, STORE017, STORE009, STORE014, STORE018, STORE019, STORE012, STORE002, STORE020, STORE016, STORE021, STORE004, STORE010",2025-11-01,2025-12-31,High demand velocity item. Zero or depleted stock on hand across 16 stores.
SKU03210,SLOW_MOVER,"STORE016, STORE023, STORE003, STORE005, STORE024, STORE026, STORE017, STORE009, STORE015, STORE025, STORE028, STORE021, STORE020, STORE008, STORE030, STORE011, STORE012, STORE022, STORE013, STORE002, STORE029",2025-11-01,2025-12-31,Low demand velocity. Excess inventory carrying 5978.1 days of cover.
SKU03220,SLOW_MOVER,"STORE026, STORE019, STORE010, STORE020, STORE002, STORE011, STORE018, STORE001, STORE016, STORE015, STORE017, STORE022, STORE025, STORE014, STORE012, STORE013, STORE005, STORE027, STORE003, STORE023, STORE028, STORE021, STORE009",2025-11-01,2025-12-31,Low demand velocity. Excess inventory carrying 6081.0 days of cover.
SKU03235,SLOW_MOVER,"STORE002, STORE021, STORE016, STORE019, STORE006, STORE027, STORE030, STORE022, STORE010, STORE020, STORE001, STORE023, STORE028, STORE003, STORE005, STORE009, STORE024, STORE013, STORE018, STORE012, STORE017, STORE011, STORE015, STORE007, STORE025, STORE029, STORE008, STORE026, STORE004, STORE014",2025-11-01,2025-12-31,Low demand velocity. Excess inventory carrying 7626.2 days of cover.
SKU03251,SLOW_MOVER,"STORE022, STORE015, STORE012, STORE026, STORE006, STORE009, STORE023, STORE008, STORE016, STORE027, STORE017, STORE002, STORE011, STORE003, STORE005, STORE010, STORE014",2025-11-01,2025-12-31,Low demand velocity. Excess inventory carrying 5831.5 days of cover.
SKU03254,SLOW_MOVER,"STORE005, STORE027, STORE016, STORE025, STORE014, STORE029, STORE013, STORE008, STORE022, STORE015, STORE006, STORE007, STORE012, STORE002, STORE009, STORE024, STORE026, STORE017, STORE001, STORE003, STORE023, STORE019, STORE010, STORE011, STORE004, STORE030",2025-11-01,2025-12-31,Low demand velocity. Excess inventory carrying 8780.1 days of cover.
SKU03257,SLOW_MOVER,"STORE008, STORE013, STORE022, STORE023, STORE029, STORE016, STORE009, STORE005, STORE017, STORE014, STORE001, STORE010, STORE015, STORE026, STORE011, STORE024, STORE025, STORE020, STORE002, STORE018, STORE006, STORE007, STORE027, STORE003, STORE021, STORE019, STORE028, STORE012",2025-11-01,2025-12-31,Low demand velocity. Excess inventory carrying 10001.5 days of cover.
SKU03259,STOCKOUT_RISK,"STORE021, STORE019, STORE013, STORE015, STORE025, STORE022, STORE024, STORE008, STORE026, STORE029, STORE007, STORE017, STORE011, STORE006, STORE018, STORE009",2025-11-01,2025-12-31,High demand velocity item. Zero or depleted stock on hand across 16 stores.
SKU03266,SLOW_MOVER,"STORE001, STORE022, STORE030, STORE027, STORE003, STORE028, STORE014, STORE004, STORE017, STORE023, STORE015, STORE012, STORE008, STORE010, STORE009, STORE021, STORE025, STORE024, STORE029, STORE002, STORE013, STORE020, STORE011, STORE006, STORE019, STORE007, STORE018, STORE016, STORE005",2025-11-01,2025-12-31,Low demand velocity. Excess inventory carrying 8123.0 days of cover.
SKU03274,STOCKOUT_RISK,"STORE029, STORE004, STORE023, STORE006, STORE009, STORE010, STORE015, STORE022, STORE003, STORE021, STORE024, STORE026, STORE014, STORE011, STORE019, STORE028, STORE013",2025-11-01,2025-12-31,High demand velocity item. Zero or depleted stock on hand across 17 stores.
SKU03277,SLOW_MOVER,"STORE003, STORE009, STORE025, STORE002, STORE013, STORE026, STORE011, STORE027, STORE029, STORE022, STORE006, STORE015, STORE030, STORE016, STORE007, STORE010, STORE017, STORE018, STORE024, STORE008",2025-11-01,2025-12-31,Low demand velocity. Excess inventory carrying 5604.3 days of cover.
SKU03284,SLOW_MOVER,"STORE004, STORE005, STORE018, STORE025, STORE014, STORE007, STORE020, STORE021, STORE030, STORE015, STORE009, STORE022, STORE002, STORE003, STORE017, STORE010",2025-11-01,2025-12-31,Low demand velocity. Excess inventory carrying 4225.0 days of cover.
SKU03286,SLOW_MOVER,"STORE024, STORE009, STORE025, STORE015, STORE001, STORE016, STORE005, STORE021, STORE023, STORE026, STORE002, STORE013, STORE029, STORE030, STORE011, STORE027",2025-11-01,2025-12-31,Low demand velocity. Excess inventory carrying 4713.8 days of cover.
SKU03291,SLOW_MOVER,"STORE013, STORE019, STORE001, STORE017, STORE023, STORE025, STORE016, STORE024, STORE014, STORE030, STORE003, STORE018, STORE008, STORE028, STORE021",2025-11-01,2025-12-31,Low demand velocity. Excess inventory carrying 4684.9 days of cover.
SKU03292,STOCKOUT_RISK,"STORE023, STORE027, STORE025, STORE016, STORE004, STORE019, STORE018, STORE012, STORE011, STORE010, STORE013, STORE002, STORE003, STORE030, STORE022",2025-11-01,2025-12-31,High demand velocity item. Zero or depleted stock on hand across 15 stores.
SKU03295,SLOW_MOVER,"STORE003, STORE027, STORE015, STORE025, STORE029, STORE010, STORE021, STORE007, STORE006, STORE018, STORE002, STORE013, STORE023, STORE026, STORE019, STORE028",2025-11-01,2025-12-31,Low demand velocity. Excess inventory carrying 4745.9 days of cover.
SKU03311,SLOW_MOVER,"STORE004, STORE021, STORE023, STORE012, STORE016, STORE003, STORE029, STORE015, STORE007, STORE005, STORE002, STORE022, STORE001, STORE008, STORE026, STORE019, STORE020, STORE013, STORE009, STORE011, STORE024, STORE017, STORE027, STORE018, STORE028",2025-11-01,2025-12-31,Low demand velocity. Excess inventory carrying 7450.6 days of cover.
SKU03320,SLOW_MOVER,"STORE011, STORE002, STORE030, STORE026, STORE024, STORE029, STORE013, STORE004, STORE007, STORE021, STORE017, STORE015, STORE018, STORE005, STORE008, STORE019, STORE025, STORE001, STORE012, STORE003, STORE016",2025-11-01,2025-12-31,Low demand velocity. Excess inventory carrying 6371.4 days of cover.
SKU03323,STOCKOUT_RISK,"STORE021, STORE001, STORE016, STORE020, STORE002, STORE008, STORE023, STORE030, STORE005, STORE029, STORE006, STORE026, STORE010, STORE004, STORE015, STORE018, STORE003",2025-11-01,2025-12-31,High demand velocity item. Zero or depleted stock on hand across 17 stores.
SKU03347,SLOW_MOVER,"STORE027, STORE019, STORE003, STORE030, STORE004, STORE026, STORE016, STORE020, STORE023, STORE008, STORE028, STORE007, STORE014, STORE011, STORE013, STORE006, STORE002, STORE017, STORE010, STORE009, STORE022, STORE015, STORE025",2025-11-01,2025-12-31,Low demand velocity. Excess inventory carrying 6444.5 days of cover.
SKU03349,SLOW_MOVER,"STORE025, STORE002, STORE019, STORE006, STORE011, STORE003, STORE004, STORE009, STORE005, STORE014, STORE027, STORE012, STORE018, STORE020, STORE015, STORE024, STORE010, STORE001, STORE030, STORE029, STORE021, STORE007, STORE028, STORE013, STORE016, STORE023",2025-11-01,2025-12-31,Low demand velocity. Excess inventory carrying 7592.4 days of cover.
SKU03353,STOCKOUT_RISK,"STORE001, STORE030, STORE006, STORE003, STORE023, STORE021, STORE019, STORE010, STORE014, STORE016, STORE005, STORE007, STORE020, STORE009, STORE015, STORE024, STORE004, STORE027, STORE026",2025-11-01,2025-12-31,High demand velocity item. Zero or depleted stock on hand across 19 stores.
SKU03375,SLOW_MOVER,"STORE023, STORE002, STORE020, STORE006, STORE030, STORE016, STORE028, STORE003, STORE021, STORE010, STORE012, STORE014, STORE001, STORE008, STORE007, STORE029, STORE009, STORE015, STORE022, STORE027, STORE019, STORE024, STORE004, STORE017, STORE011, STORE013",2025-11-01,2025-12-31,Low demand velocity. Excess inventory carrying 8402.5 days of cover.
SKU03376,SLOW_MOVER,"STORE009, STORE002, STORE007, STORE004, STORE026, STORE005, STORE022, STORE016, STORE023, STORE006, STORE021, STORE029, STORE019, STORE012, STORE010, STORE027, STORE028, STORE025",2025-11-01,2025-12-31,Low demand velocity. Excess inventory carrying 6094.5 days of cover.
SKU03414,SLOW_MOVER,"STORE011, STORE020, STORE026, STORE025, STORE015, STORE002, STORE004, STORE027, STORE018, STORE006, STORE021, STORE001, STORE016, STORE017, STORE024, STORE023, STORE022, STORE012, STORE008, STORE010, STORE030, STORE029, STORE007, STORE028, STORE009, STORE003, STORE013, STORE019",2025-11-01,2025-12-31,Low demand velocity. Excess inventory carrying 7540.7 days of cover.
SKU03416,SLOW_MOVER,"STORE011, STORE008, STORE004, STORE029, STORE024, STORE014, STORE007, STORE013, STORE027, STORE003, STORE016, STORE019, STORE020, STORE002, STORE025, STORE021, STORE028, STORE010, STORE022",2025-11-01,2025-12-31,Low demand velocity. Excess inventory carrying 6019.4 days of cover.
SKU03425,STOCKOUT_RISK,"STORE006, STORE013, STORE012, STORE005, STORE015, STORE024, STORE007, STORE021, STORE028, STORE009, STORE025, STORE011",2025-11-01,2025-12-31,High demand velocity item. Zero or depleted stock on hand across 12 stores.
SKU03428,SLOW_MOVER,"STORE005, STORE002, STORE023, STORE019, STORE029, STORE009, STORE030, STORE004, STORE015, STORE022, STORE014, STORE006, STORE011, STORE008, STORE010, STORE016, STORE003, STORE013, STORE018, STORE021, STORE020, STORE025, STORE028, STORE001, STORE017, STORE024",2025-11-01,2025-12-31,Low demand velocity. Excess inventory carrying 7602.7 days of cover.
SKU03436,SLOW_MOVER,"STORE016, STORE028, STORE007, STORE019, STORE030, STORE015, STORE009, STORE001, STORE014, STORE008, STORE021, STORE011, STORE022, STORE020, STORE005, STORE025, STORE010, STORE023, STORE029, STORE013, STORE027, STORE017, STORE018, STORE004, STORE026, STORE012",2025-11-01,2025-12-31,Low demand velocity. Excess inventory carrying 9159.5 days of cover.
SKU03441,SLOW_MOVER,"STORE016, STORE026, STORE029, STORE023, STORE004, STORE015, STORE030, STORE008, STORE003, STORE018, STORE001, STORE014, STORE007, STORE005, STORE012, STORE017, STORE028, STORE011, STORE002, STORE020, STORE027, STORE025, STORE022, STORE006, STORE019, STORE009, STORE013, STORE024",2025-11-01,2025-12-31,Low demand velocity. Excess inventory carrying 8290.7 days of cover.
SKU03454,SLOW_MOVER,"STORE015, STORE025, STORE005, STORE023, STORE013, STORE006, STORE012, STORE021, STORE030, STORE027, STORE001, STORE003, STORE026, STORE011, STORE002, STORE028, STORE007, STORE018, STORE022, STORE010, STORE009, STORE004, STORE016, STORE024, STORE019, STORE020, STORE029",2025-11-01,2025-12-31,Low demand velocity. Excess inventory carrying 7865.6 days of cover.
SKU03457,SLOW_MOVER,"STORE029, STORE002, STORE004, STORE013, STORE012, STORE015, STORE020, STORE030, STORE026, STORE022, STORE006, STORE018, STORE003, STORE007, STORE005, STORE024, STORE028, STORE009, STORE023",2025-11-01,2025-12-31,Low demand velocity. Excess inventory carrying 6114.4 days of cover.
SKU03476,STOCKOUT_RISK,"STORE021, STORE016, STORE024, STORE025, STORE019, STORE023, STORE007, STORE008, STORE011, STORE012, STORE009, STORE017, STORE014, STORE020, STORE002, STORE029, STORE006",2025-11-01,2025-12-31,High demand velocity item. Zero or depleted stock on hand across 17 stores.
SKU03484,SLOW_MOVER,"STORE012, STORE015, STORE016, STORE017, STORE027, STORE004, STORE028, STORE023, STORE018, STORE022, STORE010, STORE029, STORE030, STORE003, STORE007, STORE019, STORE008, STORE002, STORE013, STORE024, STORE026, STORE005, STORE021, STORE001, STORE014, STORE020, STORE011",2025-11-01,2025-12-31,Low demand velocity. Excess inventory carrying 9080.1 days of cover.
SKU03491,SLOW_MOVER,"STORE023, STORE005, STORE016, STORE029, STORE007, STORE017, STORE021, STORE001, STORE010, STORE014, STORE018, STORE027, STORE028, STORE012, STORE024, STORE008, STORE025, STORE011, STORE030, STORE019",2025-11-01,2025-12-31,Low demand velocity. Excess inventory carrying 6289.2 days of cover.
SKU03492,SLOW_MOVER,"STORE007, STORE003, STORE001, STORE026, STORE008, STORE017, STORE021, STORE011, STORE014, STORE019, STORE023, STORE020, STORE016, STORE025, STORE015, STORE027, STORE005, STORE010, STORE029, STORE022, STORE012, STORE024, STORE004, STORE018, STORE013, STORE006, STORE028, STORE030",2025-11-01,2025-12-31,Low demand velocity. Excess inventory carrying 8492.1 days of cover.
SKU03493,SLOW_MOVER,"STORE012, STORE010, STORE015, STORE006, STORE020, STORE027, STORE023, STORE018, STORE029, STORE025, STORE021, STORE005, STORE026, STORE008, STORE004, STORE001, STORE024, STORE022, STORE003, STORE017, STORE019, STORE014, STORE030, STORE002",2025-11-01,2025-12-31,Low demand velocity. Excess inventory carrying 7601.2 days of cover.
SKU03504,SLOW_MOVER,"STORE018, STORE023, STORE002, STORE022, STORE011, STORE012, STORE005, STORE025, STORE015, STORE030, STORE006, STORE021, STORE010, STORE004, STORE001, STORE007, STORE008, STORE013, STORE003, STORE014, STORE020, STORE029, STORE016, STORE019",2025-11-01,2025-12-31,Low demand velocity. Excess inventory carrying 8849.5 days of cover.
SKU03520,SLOW_MOVER,"STORE018, STORE017, STORE011, STORE021, STORE023, STORE010, STORE016, STORE025, STORE019, STORE005, STORE022, STORE015, STORE028, STORE004, STORE024, STORE020, STORE001, STORE003, STORE030, STORE009, STORE002, STORE027, STORE014, STORE029, STORE012, STORE026",2025-11-01,2025-12-31,Low demand velocity. Excess inventory carrying 7147.5 days of cover.
SKU03523,SLOW_MOVER,"STORE015, STORE012, STORE003, STORE011, STORE002, STORE020, STORE021, STORE007, STORE019, STORE017, STORE008, STORE009, STORE023, STORE001, STORE028, STORE022, STORE014, STORE025, STORE027, STORE029, STORE026, STORE030, STORE018, STORE010, STORE004",2025-11-01,2025-12-31,Low demand velocity. Excess inventory carrying 7631.6 days of cover.
SKU03535,STOCKOUT_RISK,"STORE011, STORE020, STORE029, STORE017, STORE002, STORE022, STORE012, STORE013, STORE005, STORE014, STORE024, STORE023, STORE028, STORE001, STORE010, STORE006",2025-11-01,2025-12-31,High demand velocity item. Zero or depleted stock on hand across 16 stores.
SKU03546,STOCKOUT_RISK,"STORE012, STORE010, STORE015, STORE018, STORE003, STORE007, STORE024, STORE028, STORE014, STORE023, STORE029, STORE006, STORE022, STORE027",2025-11-01,2025-12-31,High demand velocity item. Zero or depleted stock on hand across 14 stores.
SKU03562,SLOW_MOVER,"STORE005, STORE027, STORE019, STORE020, STORE003, STORE030, STORE007, STORE010, STORE016, STORE017, STORE011, STORE026, STORE013, STORE028, STORE001, STORE024, STORE029, STORE025, STORE015, STORE021, STORE009, STORE008, STORE014, STORE002, STORE012, STORE004, STORE023",2025-11-01,2025-12-31,Low demand velocity. Excess inventory carrying 7702.2 days of cover.
SKU03574,SLOW_MOVER,"STORE018, STORE016, STORE002, STORE027, STORE010, STORE019, STORE026, STORE029, STORE030, STORE015, STORE008, STORE001, STORE025, STORE005, STORE009, STORE017, STORE011, STORE014, STORE020, STORE028, STORE021",2025-11-01,2025-12-31,Low demand velocity. Excess inventory carrying 6535.0 days of cover.
SKU03578,STOCKOUT_RISK,"STORE014, STORE006, STORE016, STORE023, STORE021, STORE008, STORE001, STORE004, STORE009, STORE028, STORE003, STORE012, STORE026, STORE030, STORE022, STORE011",2025-11-01,2025-12-31,High demand velocity item. Zero or depleted stock on hand across 16 stores.
SKU03580,SLOW_MOVER,"STORE022, STORE016, STORE023, STORE027, STORE004, STORE012, STORE017, STORE019, STORE001, STORE009, STORE006, STORE028, STORE002, STORE005, STORE011",2025-11-01,2025-12-31,Low demand velocity. Excess inventory carrying 3779.1 days of cover.
SKU03582,SLOW_MOVER,"STORE015, STORE029, STORE023, STORE005, STORE012, STORE006, STORE002, STORE009, STORE026, STORE014, STORE022, STORE024, STORE010, STORE018, STORE003, STORE028",2025-11-01,2025-12-31,Low demand velocity. Excess inventory carrying 4260.3 days of cover.
SKU03583,SLOW_MOVER,"STORE007, STORE025, STORE021, STORE006, STORE029, STORE004, STORE020, STORE027, STORE018, STORE011, STORE028, STORE010, STORE009, STORE012, STORE026, STORE022",2025-11-01,2025-12-31,Low demand velocity. Excess inventory carrying 5136.5 days of cover.
SKU03592,SLOW_MOVER,"STORE019, STORE012, STORE027, STORE005, STORE001, STORE028, STORE017, STORE010, STORE029, STORE016, STORE014, STORE011, STORE006, STORE004, STORE007, STORE003, STORE009, STORE024, STORE013, STORE020, STORE023, STORE030, STORE002",2025-11-01,2025-12-31,Low demand velocity. Excess inventory carrying 6938.3 days of cover.
SKU03602,SLOW_MOVER,"STORE014, STORE015, STORE003, STORE004, STORE005, STORE001, STORE016, STORE012, STORE010, STORE023, STORE026, STORE029, STORE017, STORE011, STORE006, STORE021, STORE020, STORE025, STORE019, STORE002, STORE027",2025-11-01,2025-12-31,Low demand velocity. Excess inventory carrying 6236.7 days of cover.
SKU03603,SLOW_MOVER,"STORE005, STORE028, STORE023, STORE030, STORE029, STORE008, STORE010, STORE027, STORE007, STORE026, STORE003, STORE014, STORE004, STORE020, STORE001, STORE013, STORE025, STORE015, STORE022, STORE016, STORE018, STORE002, STORE011, STORE012, STORE006, STORE021, STORE019, STORE009",2025-11-01,2025-12-31,Low demand velocity. Excess inventory carrying 9582.2 days of cover.
SKU03609,SLOW_MOVER,"STORE004, STORE009, STORE002, STORE003, STORE010, STORE022, STORE001, STORE030, STORE023, STORE020, STORE007, STORE019, STORE021, STORE006, STORE012, STORE024, STORE028, STORE027, STORE016, STORE005, STORE026, STORE017, STORE029, STORE014, STORE011, STORE008, STORE018, STORE013, STORE015, STORE025",2025-11-01,2025-12-31,Low demand velocity. Excess inventory carrying 10419.9 days of cover.
SKU03621,SLOW_MOVER,"STORE027, STORE019, STORE025, STORE001, STORE017, STORE007, STORE023, STORE028, STORE010, STORE006, STORE018, STORE030, STORE004, STORE024, STORE016, STORE021",2025-11-01,2025-12-31,Low demand velocity. Excess inventory carrying 4864.7 days of cover.
SKU03622,STOCKOUT_RISK,"STORE023, STORE019, STORE006, STORE015, STORE022, STORE004, STORE028, STORE012, STORE013, STORE014, STORE007, STORE017, STORE008",2025-11-01,2025-12-31,High demand velocity item. Zero or depleted stock on hand across 13 stores.
SKU03624,SLOW_MOVER,"STORE014, STORE004, STORE025, STORE011, STORE029, STORE015, STORE026, STORE017, STORE005, STORE016, STORE012, STORE010, STORE018, STORE002, STORE003, STORE006, STORE008, STORE023, STORE007, STORE022, STORE030, STORE027, STORE019, STORE013, STORE009",2025-11-01,2025-12-31,Low demand velocity. Excess inventory carrying 7436.5 days of cover.
SKU03627,SLOW_MOVER,"STORE014, STORE010, STORE028, STORE030, STORE007, STORE003, STORE016, STORE022, STORE012, STORE006, STORE001, STORE024, STORE004, STORE013, STORE015, STORE009, STORE011, STORE027, STORE002, STORE023, STORE025, STORE026, STORE019, STORE021",2025-11-01,2025-12-31,Low demand velocity. Excess inventory carrying 8132.4 days of cover.
SKU03633,STOCKOUT_RISK,"STORE019, STORE004, STORE024, STORE006, STORE003, STORE012, STORE007, STORE011, STORE028, STORE020, STORE013, STORE029, STORE008, STORE014",2025-11-01,2025-12-31,High demand velocity item. Zero or depleted stock on hand across 14 stores.
SKU03634,SLOW_MOVER,"STORE024, STORE016, STORE009, STORE025, STORE023, STORE027, STORE019, STORE030, STORE028, STORE021, STORE013, STORE012, STORE029, STORE020, STORE018, STORE022, STORE005, STORE003, STORE008, STORE002, STORE011, STORE014, STORE026, STORE004, STORE010, STORE006",2025-11-01,2025-12-31,Low demand velocity. Excess inventory carrying 6282.6 days of cover.
SKU03693,STOCKOUT_RISK,"STORE001, STORE004, STORE024, STORE002, STORE003, STORE016, STORE022, STORE030, STORE006, STORE013, STORE020, STORE011, STORE005, STORE010, STORE029, STORE021, STORE027, STORE019, STORE009",2025-11-01,2025-12-31,High demand velocity item. Zero or depleted stock on hand across 19 stores.
SKU03702,STOCKOUT_RISK,"STORE025, STORE016, STORE026, STORE015, STORE007, STORE010, STORE022, STORE029, STORE023, STORE017, STORE009, STORE018, STORE011",2025-11-01,2025-12-31,High demand velocity item. Zero or depleted stock on hand across 13 stores.
SKU03709,SLOW_MOVER,"STORE026, STORE028, STORE018, STORE029, STORE001, STORE025, STORE002, STORE014, STORE004, STORE013, STORE015, STORE011, STORE021, STORE020, STORE017, STORE030, STORE016, STORE003, STORE009, STORE019, STORE005",2025-11-01,2025-12-31,Low demand velocity. Excess inventory carrying 6561.3 days of cover.
SKU03727,STOCKOUT_RISK,"STORE029, STORE023, STORE006, STORE016, STORE014, STORE005, STORE010, STORE030, STORE013, STORE027, STORE004, STORE019, STORE021, STORE018, STORE017, STORE009, STORE026",2025-11-01,2025-12-31,High demand velocity item. Zero or depleted stock on hand across 17 stores.
SKU03737,SLOW_MOVER,"STORE006, STORE017, STORE002, STORE013, STORE009, STORE016, STORE019, STORE027, STORE020, STORE012, STORE010, STORE011, STORE028, STORE001, STORE018, STORE003, STORE014, STORE030, STORE023, STORE022, STORE029, STORE021, STORE007, STORE024, STORE004, STORE015, STORE005",2025-11-01,2025-12-31,Low demand velocity. Excess inventory carrying 7655.5 days of cover.
SKU03740,SLOW_MOVER,"STORE014, STORE012, STORE002, STORE022, STORE008, STORE026, STORE025, STORE021, STORE010, STORE019, STORE003, STORE020, STORE027, STORE004, STORE011, STORE023, STORE001",2025-11-01,2025-12-31,Low demand velocity. Excess inventory carrying 4581.9 days of cover.
SKU03743,STOCKOUT_RISK,"STORE018, STORE011, STORE002, STORE015, STORE022, STORE014, STORE019, STORE017, STORE025, STORE009, STORE001, STORE016, STORE020, STORE029, STORE013, STORE010, STORE007, STORE006",2025-11-01,2025-12-31,High demand velocity item. Zero or depleted stock on hand across 18 stores.
SKU03744,SLOW_MOVER,"STORE019, STORE004, STORE026, STORE016, STORE029, STORE023, STORE022, STORE007, STORE011, STORE027, STORE017, STORE024, STORE006, STORE010, STORE012, STORE025, STORE028, STORE008, STORE030",2025-11-01,2025-12-31,Low demand velocity. Excess inventory carrying 4960.4 days of cover.
SKU03749,SLOW_MOVER,"STORE028, STORE026, STORE003, STORE027, STORE018, STORE007, STORE010, STORE009, STORE002, STORE024, STORE019, STORE013, STORE008, STORE030, STORE004, STORE021, STORE006, STORE005, STORE022, STORE015, STORE023, STORE029, STORE025, STORE012",2025-11-01,2025-12-31,Low demand velocity. Excess inventory carrying 7446.3 days of cover.
SKU03773,SLOW_MOVER,"STORE012, STORE026, STORE003, STORE021, STORE010, STORE017, STORE029, STORE014, STORE022, STORE018, STORE011, STORE007, STORE023, STORE013, STORE009, STORE024, STORE016, STORE008, STORE020, STORE027, STORE028, STORE001, STORE015, STORE005, STORE004, STORE002, STORE006, STORE019, STORE025",2025-11-01,2025-12-31,Low demand velocity. Excess inventory carrying 9537.5 days of cover.
SKU03800,STOCKOUT_RISK,"STORE030, STORE019, STORE024, STORE021, STORE002, STORE017, STORE007, STORE012, STORE015, STORE005, STORE008, STORE027, STORE010",2025-11-01,2025-12-31,High demand velocity item. Zero or depleted stock on hand across 13 stores.
SKU03803,SLOW_MOVER,"STORE028, STORE014, STORE029, STORE011, STORE003, STORE021, STORE007, STORE030, STORE009, STORE010, STORE006, STORE022, STORE008, STORE013, STORE018, STORE002, STORE026, STORE004, STORE001, STORE017, STORE005, STORE016, STORE019, STORE025, STORE027, STORE020",2025-11-01,2025-12-31,Low demand velocity. Excess inventory carrying 8159.5 days of cover.
SKU03805,SLOW_MOVER,"STORE021, STORE029, STORE002, STORE007, STORE006, STORE009, STORE005, STORE001, STORE025, STORE022, STORE018, STORE026, STORE028, STORE016, STORE023, STORE017, STORE014, STORE020, STORE019, STORE010, STORE024, STORE013, STORE027, STORE003",2025-11-01,2025-12-31,Low demand velocity. Excess inventory carrying 6023.4 days of cover.
SKU03807,SLOW_MOVER,"STORE022, STORE030, STORE003, STORE013, STORE024, STORE005, STORE008, STORE004, STORE019, STORE017, STORE023, STORE021, STORE029, STORE009, STORE016, STORE015",2025-11-01,2025-12-31,Low demand velocity. Excess inventory carrying 4905.7 days of cover.
SKU03812,STOCKOUT_RISK,"STORE003, STORE008, STORE020, STORE004, STORE025, STORE011, STORE026, STORE019, STORE013, STORE029, STORE014, STORE007, STORE005, STORE027, STORE006, STORE017, STORE018",2025-11-01,2025-12-31,High demand velocity item. Zero or depleted stock on hand across 17 stores.
SKU03822,SLOW_MOVER,"STORE015, STORE014, STORE009, STORE019, STORE002, STORE016, STORE018, STORE012, STORE004, STORE011, STORE024, STORE029, STORE025, STORE008, STORE028, STORE030, STORE013, STORE003, STORE006, STORE017, STORE023, STORE005, STORE001, STORE010, STORE020, STORE021",2025-11-01,2025-12-31,Low demand velocity. Excess inventory carrying 8032.5 days of cover.
SKU03823,SLOW_MOVER,"STORE027, STORE024, STORE022, STORE026, STORE002, STORE023, STORE028, STORE008, STORE009, STORE018, STORE013, STORE010, STORE012, STORE004, STORE025, STORE014, STORE016, STORE007, STORE001, STORE020, STORE005, STORE019, STORE030, STORE011, STORE015",2025-11-01,2025-12-31,Low demand velocity. Excess inventory carrying 8467.4 days of cover.
SKU03828,SLOW_MOVER,"STORE010, STORE007, STORE028, STORE006, STORE015, STORE021, STORE011, STORE025, STORE014, STORE002, STORE009, STORE003, STORE016, STORE018, STORE022, STORE026, STORE017, STORE027, STORE012, STORE029, STORE023, STORE019, STORE005",2025-11-01,2025-12-31,Low demand velocity. Excess inventory carrying 7593.3 days of cover.
SKU03833,SLOW_MOVER,"STORE017, STORE003, STORE012, STORE014, STORE020, STORE024, STORE018, STORE011, STORE015, STORE001, STORE002, STORE006, STORE022, STORE005, STORE021, STORE007, STORE004, STORE023, STORE030, STORE019, STORE010, STORE026, STORE009",2025-11-01,2025-12-31,Low demand velocity. Excess inventory carrying 7345.9 days of cover.
SKU03837,SLOW_MOVER,"STORE006, STORE008, STORE017, STORE023, STORE025, STORE021, STORE005, STORE020, STORE022, STORE014, STORE011, STORE015, STORE016, STORE024, STORE009, STORE003, STORE027, STORE010, STORE030, STORE028",2025-11-01,2025-12-31,Low demand velocity. Excess inventory carrying 6959.3 days of cover.
SKU03839,SLOW_MOVER,"STORE007, STORE003, STORE014, STORE012, STORE006, STORE013, STORE025, STORE019, STORE008, STORE001, STORE021, STORE018, STORE022, STORE029, STORE015, STORE004, STORE005, STORE027, STORE017, STORE020, STORE030, STORE010, STORE028, STORE002, STORE011, STORE024, STORE009, STORE023",2025-11-01,2025-12-31,Low demand velocity. Excess inventory carrying 9153.7 days of cover.
SKU03840,STOCKOUT_RISK,"STORE004, STORE001, STORE023, STORE017, STORE014, STORE025, STORE015, STORE022, STORE016, STORE030, STORE008, STORE007, STORE019, STORE009, STORE010, STORE012, STORE020, STORE018, STORE003",2025-11-01,2025-12-31,High demand velocity item. Zero or depleted stock on hand across 19 stores.
SKU03848,SLOW_MOVER,"STORE014, STORE028, STORE007, STORE020, STORE029, STORE010, STORE024, STORE022, STORE026, STORE030, STORE006, STORE021, STORE005, STORE001, STORE025, STORE018, STORE004, STORE016, STORE008, STORE019, STORE027",2025-11-01,2025-12-31,Low demand velocity. Excess inventory carrying 5232.2 days of cover.
SKU03851,STOCKOUT_RISK,"STORE019, STORE022, STORE021, STORE015, STORE003, STORE001, STORE016, STORE005, STORE011, STORE013, STORE007, STORE028, STORE014, STORE009, STORE026, STORE002",2025-11-01,2025-12-31,High demand velocity item. Zero or depleted stock on hand across 16 stores.
SKU03863,SLOW_MOVER,"STORE018, STORE002, STORE029, STORE011, STORE008, STORE016, STORE012, STORE020, STORE022, STORE023, STORE028, STORE001, STORE009, STORE017, STORE013, STORE005, STORE007, STORE027, STORE006, STORE003, STORE030, STORE019, STORE025, STORE026, STORE021, STORE015, STORE004, STORE024, STORE014",2025-11-01,2025-12-31,Low demand velocity. Excess inventory carrying 9364.8 days of cover.
SKU03864,SLOW_MOVER,"STORE005, STORE003, STORE011, STORE023, STORE017, STORE014, STORE030, STORE009, STORE004, STORE028, STORE002, STORE024, STORE016, STORE027, STORE012, STORE015, STORE007, STORE019, STORE013, STORE010, STORE018, STORE026, STORE006",2025-11-01,2025-12-31,Low demand velocity. Excess inventory carrying 8141.3 days of cover.
SKU03870,STOCKOUT_RISK,"STORE014, STORE029, STORE006, STORE011, STORE024, STORE016, STORE005, STORE018, STORE022, STORE021, STORE015, STORE002, STORE007, STORE026, STORE019, STORE004, STORE003, STORE001",2025-11-01,2025-12-31,High demand velocity item. Zero or depleted stock on hand across 18 stores.
SKU03876,STOCKOUT_RISK,"STORE016, STORE009, STORE006, STORE023, STORE015, STORE014, STORE004, STORE030, STORE002, STORE026, STORE012, STORE018, STORE027, STORE021",2025-11-01,2025-12-31,High demand velocity item. Zero or depleted stock on hand across 14 stores.
SKU03892,SLOW_MOVER,"STORE016, STORE004, STORE028, STORE024, STORE005, STORE029, STORE012, STORE003, STORE007, STORE010, STORE006, STORE020, STORE017, STORE009, STORE022, STORE021, STORE001, STORE018, STORE015",2025-11-01,2025-12-31,Low demand velocity. Excess inventory carrying 5621.6 days of cover.
SKU03905,SLOW_MOVER,"STORE006, STORE014, STORE003, STORE008, STORE025, STORE016, STORE022, STORE004, STORE011, STORE001, STORE010, STORE023, STORE013, STORE012, STORE019, STORE029, STORE030, STORE028, STORE021, STORE002, STORE027, STORE020, STORE009, STORE015, STORE018",2025-11-01,2025-12-31,Low demand velocity. Excess inventory carrying 7347.1 days of cover.
SKU03907,STOCKOUT_RISK,"STORE020, STORE022, STORE001, STORE011, STORE002, STORE021, STORE030, STORE015, STORE027, STORE019, STORE005, STORE007, STORE026, STORE010, STORE029, STORE013",2025-11-01,2025-12-31,High demand velocity item. Zero or depleted stock on hand across 16 stores.
SKU03931,SLOW_MOVER,"STORE002, STORE024, STORE003, STORE018, STORE020, STORE013, STORE028, STORE025, STORE009, STORE006, STORE008, STORE023, STORE029, STORE001, STORE007",2025-11-01,2025-12-31,Low demand velocity. Excess inventory carrying 3911.0 days of cover.
SKU03932,SLOW_MOVER,"STORE006, STORE013, STORE025, STORE029, STORE010, STORE021, STORE028, STORE005, STORE004, STORE026, STORE016, STORE014, STORE024, STORE023, STORE012, STORE011, STORE002, STORE030, STORE009, STORE022, STORE008, STORE018, STORE007, STORE015, STORE003",2025-11-01,2025-12-31,Low demand velocity. Excess inventory carrying 9207.8 days of cover.
SKU03941,SLOW_MOVER,"STORE019, STORE020, STORE014, STORE003, STORE025, STORE028, STORE012, STORE029, STORE006, STORE026, STORE021, STORE027, STORE002, STORE017, STORE011, STORE008, STORE016, STORE004, STORE023, STORE024, STORE030, STORE015",2025-11-01,2025-12-31,Low demand velocity. Excess inventory carrying 6356.0 days of cover.
SKU03950,SLOW_MOVER,"STORE017, STORE021, STORE029, STORE030, STORE003, STORE010, STORE015, STORE014, STORE026, STORE016, STORE025, STORE005, STORE019, STORE020, STORE008, STORE009, STORE007, STORE018, STORE027, STORE001, STORE024, STORE002, STORE011, STORE013, STORE028, STORE023, STORE004, STORE012, STORE006",2025-11-01,2025-12-31,Low demand velocity. Excess inventory carrying 10223.3 days of cover.
SKU03966,SLOW_MOVER,"STORE015, STORE022, STORE024, STORE019, STORE009, STORE012, STORE026, STORE027, STORE003, STORE017, STORE001, STORE004, STORE030, STORE006, STORE021, STORE014, STORE007",2025-11-01,2025-12-31,Low demand velocity. Excess inventory carrying 4732.7 days of cover.
SKU03968,SLOW_MOVER,"STORE002, STORE003, STORE014, STORE023, STORE010, STORE011, STORE019, STORE015, STORE022, STORE027, STORE020, STORE009, STORE025, STORE006, STORE007, STORE029, STORE030, STORE012, STORE026, STORE005, STORE028, STORE016, STORE001, STORE008, STORE004, STORE024, STORE018, STORE017, STORE013, STORE021",2025-11-01,2025-12-31,Low demand velocity. Excess inventory carrying 10014.8 days of cover.
SKU03975,SLOW_MOVER,"STORE023, STORE013, STORE028, STORE022, STORE024, STORE020, STORE026, STORE016, STORE010, STORE025, STORE021, STORE012, STORE029, STORE027, STORE003, STORE030, STORE015, STORE001, STORE004, STORE002, STORE018",2025-11-01,2025-12-31,Low demand velocity. Excess inventory carrying 7123.4 days of cover.
SKU04012,STOCKOUT_RISK,"STORE023, STORE007, STORE028, STORE001, STORE029, STORE016, STORE021, STORE005, STORE024, STORE008",2025-11-01,2025-12-31,High demand velocity item. Zero or depleted stock on hand across 10 stores.
SKU04016,STOCKOUT_RISK,"STORE014, STORE027, STORE021, STORE026, STORE018, STORE007, STORE003, STORE010, STORE015, STORE005, STORE016, STORE030, STORE001, STORE004, STORE006, STORE022, STORE024, STORE012, STORE013, STORE008, STORE011",2025-11-01,2025-12-31,High demand velocity item. Zero or depleted stock on hand across 21 stores.
SKU04019,SLOW_MOVER,"STORE016, STORE001, STORE028, STORE015, STORE019, STORE008, STORE007, STORE010, STORE026, STORE013, STORE002, STORE011, STORE029, STORE004, STORE014, STORE024, STORE030, STORE025, STORE012, STORE023, STORE022, STORE009",2025-11-01,2025-12-31,Low demand velocity. Excess inventory carrying 7960.5 days of cover.
SKU04032,STOCKOUT_RISK,"STORE010, STORE002, STORE016, STORE013, STORE028, STORE017, STORE019, STORE020, STORE022, STORE026, STORE008, STORE029, STORE025",2025-11-01,2025-12-31,High demand velocity item. Zero or depleted stock on hand across 13 stores.
SKU04035,STOCKOUT_RISK,"STORE001, STORE014, STORE019, STORE011, STORE018, STORE003, STORE009, STORE021, STORE029, STORE016, STORE004, STORE023, STORE012, STORE015, STORE022, STORE030",2025-11-01,2025-12-31,High demand velocity item. Zero or depleted stock on hand across 16 stores.
SKU04041,STOCKOUT_RISK,"STORE006, STORE010, STORE024, STORE007, STORE016, STORE012, STORE015, STORE008, STORE017, STORE023, STORE019, STORE011",2025-11-01,2025-12-31,High demand velocity item. Zero or depleted stock on hand across 12 stores.
SKU04046,STOCKOUT_RISK,"STORE030, STORE020, STORE028, STORE027, STORE023, STORE022, STORE015, STORE005, STORE010, STORE013, STORE014, STORE012, STORE016, STORE006",2025-11-01,2025-12-31,High demand velocity item. Zero or depleted stock on hand across 14 stores.
SKU04052,SLOW_MOVER,"STORE020, STORE007, STORE010, STORE023, STORE024, STORE003, STORE022, STORE016, STORE005, STORE006, STORE029, STORE021, STORE027, STORE004, STORE014, STORE008, STORE026, STORE017, STORE013, STORE009, STORE001, STORE028, STORE019, STORE025",2025-11-01,2025-12-31,Low demand velocity. Excess inventory carrying 6793.0 days of cover.
SKU04053,SLOW_MOVER,"STORE012, STORE022, STORE006, STORE028, STORE017, STORE002, STORE003, STORE011, STORE014, STORE004, STORE020, STORE008, STORE021, STORE019, STORE016, STORE005, STORE027, STORE013, STORE029, STORE001, STORE009, STORE015, STORE024, STORE007, STORE030, STORE010, STORE023, STORE026, STORE018",2025-11-01,2025-12-31,Low demand velocity. Excess inventory carrying 8131.9 days of cover.
SKU04054,SLOW_MOVER,"STORE030, STORE015, STORE026, STORE029, STORE025, STORE004, STORE028, STORE020, STORE023, STORE024, STORE018, STORE002, STORE017, STORE021, STORE006, STORE011, STORE019, STORE022, STORE016, STORE003, STORE005, STORE008, STORE009, STORE012, STORE001, STORE014, STORE027, STORE010, STORE007, STORE013",2025-11-01,2025-12-31,Low demand velocity. Excess inventory carrying 9203.8 days of cover.
SKU04062,SLOW_MOVER,"STORE028, STORE007, STORE015, STORE014, STORE025, STORE026, STORE001, STORE008, STORE016, STORE011, STORE010, STORE017, STORE006, STORE003, STORE009, STORE018, STORE012, STORE013, STORE029, STORE030, STORE004, STORE019, STORE027, STORE023, STORE002, STORE021, STORE020, STORE005",2025-11-01,2025-12-31,Low demand velocity. Excess inventory carrying 8248.3 days of cover.
SKU04073,SLOW_MOVER,"STORE030, STORE014, STORE015, STORE017, STORE026, STORE022, STORE012, STORE001, STORE028, STORE005, STORE023, STORE027, STORE003, STORE018, STORE011, STORE006, STORE007, STORE013, STORE019, STORE029, STORE020, STORE016, STORE010",2025-11-01,2025-12-31,Low demand velocity. Excess inventory carrying 7161.8 days of cover.
SKU04102,SLOW_MOVER,"STORE022, STORE021, STORE005, STORE019, STORE002, STORE029, STORE023, STORE030, STORE017, STORE010, STORE014, STORE013, STORE018, STORE025, STORE011, STORE015, STORE006",2025-11-01,2025-12-31,Low demand velocity. Excess inventory carrying 6441.5 days of cover.
SKU04105,STOCKOUT_RISK,"STORE001, STORE027, STORE009, STORE017, STORE020, STORE005, STORE023, STORE013, STORE015, STORE021, STORE007, STORE018, STORE022, STORE012, STORE024",2025-11-01,2025-12-31,High demand velocity item. Zero or depleted stock on hand across 15 stores.
SKU04106,SLOW_MOVER,"STORE025, STORE007, STORE010, STORE003, STORE002, STORE018, STORE011, STORE013, STORE005, STORE017, STORE030, STORE028, STORE029, STORE027, STORE019, STORE009, STORE006",2025-11-01,2025-12-31,Low demand velocity. Excess inventory carrying 4773.1 days of cover.
SKU04107,SLOW_MOVER,"STORE025, STORE021, STORE006, STORE001, STORE027, STORE018, STORE019, STORE009, STORE008, STORE010, STORE014, STORE017, STORE004, STORE002, STORE012, STORE005, STORE011, STORE023, STORE028",2025-11-01,2025-12-31,Low demand velocity. Excess inventory carrying 5516.0 days of cover.
SKU04126,STOCKOUT_RISK,"STORE004, STORE002, STORE025, STORE021, STORE030, STORE015, STORE010, STORE019, STORE001, STORE028, STORE011, STORE008, STORE018, STORE023, STORE012, STORE005",2025-11-01,2025-12-31,High demand velocity item. Zero or depleted stock on hand across 16 stores.
SKU04140,STOCKOUT_RISK,"STORE010, STORE022, STORE026, STORE027, STORE023, STORE019, STORE029, STORE005, STORE013, STORE017, STORE008, STORE004",2025-11-01,2025-12-31,High demand velocity item. Zero or depleted stock on hand across 12 stores.
SKU04142,SLOW_MOVER,"STORE011, STORE017, STORE019, STORE007, STORE025, STORE012, STORE015, STORE004, STORE005, STORE014, STORE021, STORE003, STORE028, STORE002, STORE020, STORE024, STORE018, STORE008",2025-11-01,2025-12-31,Low demand velocity. Excess inventory carrying 5379.5 days of cover.
SKU04144,SLOW_MOVER,"STORE007, STORE015, STORE003, STORE012, STORE022, STORE017, STORE013, STORE019, STORE018, STORE025, STORE024, STORE009, STORE016, STORE014, STORE029, STORE027, STORE008, STORE026, STORE030, STORE028, STORE011, STORE023, STORE010, STORE004, STORE006, STORE020, STORE002, STORE021",2025-11-01,2025-12-31,Low demand velocity. Excess inventory carrying 8412.4 days of cover.
SKU04145,SLOW_MOVER,"STORE017, STORE028, STORE030, STORE004, STORE023, STORE007, STORE015, STORE016, STORE002, STORE006, STORE018, STORE012, STORE027, STORE014, STORE020, STORE022, STORE021",2025-11-01,2025-12-31,Low demand velocity. Excess inventory carrying 4415.4 days of cover.
SKU04147,SLOW_MOVER,"STORE019, STORE010, STORE002, STORE017, STORE005, STORE004, STORE012, STORE029, STORE024, STORE023, STORE021, STORE016, STORE001, STORE026, STORE027, STORE013, STORE020, STORE007, STORE018, STORE030, STORE011, STORE025, STORE003, STORE015, STORE006",2025-11-01,2025-12-31,Low demand velocity. Excess inventory carrying 8223.0 days of cover.
SKU04152,SLOW_MOVER,"STORE016, STORE001, STORE004, STORE018, STORE012, STORE003, STORE002, STORE014, STORE030, STORE019, STORE010, STORE021, STORE015, STORE011, STORE013, STORE008, STORE023, STORE026, STORE020, STORE025, STORE017, STORE009, STORE027",2025-11-01,2025-12-31,Low demand velocity. Excess inventory carrying 7897.2 days of cover.
SKU04153,SLOW_MOVER,"STORE025, STORE015, STORE022, STORE029, STORE005, STORE024, STORE011, STORE003, STORE020, STORE028, STORE014, STORE013, STORE008, STORE019, STORE030, STORE009, STORE001, STORE016, STORE018, STORE026, STORE002, STORE023, STORE021, STORE017, STORE006, STORE027, STORE012, STORE007, STORE004",2025-11-01,2025-12-31,Low demand velocity. Excess inventory carrying 8645.1 days of cover.
SKU04154,STOCKOUT_RISK,"STORE007, STORE020, STORE018, STORE019, STORE025, STORE002, STORE027, STORE017, STORE030, STORE016, STORE023, STORE001, STORE004, STORE006, STORE024, STORE005",2025-11-01,2025-12-31,High demand velocity item. Zero or depleted stock on hand across 16 stores.
SKU04157,STOCKOUT_RISK,"STORE026, STORE007, STORE008, STORE027, STORE023, STORE019, STORE015, STORE003, STORE018, STORE020, STORE011, STORE013, STORE002, STORE016",2025-11-01,2025-12-31,High demand velocity item. Zero or depleted stock on hand across 14 stores.
SKU04166,STOCKOUT_RISK,"STORE028, STORE001, STORE011, STORE014, STORE006, STORE027, STORE029, STORE017, STORE030, STORE013, STORE009, STORE003, STORE004, STORE018",2025-11-01,2025-12-31,High demand velocity item. Zero or depleted stock on hand across 14 stores.
SKU04191,STOCKOUT_RISK,"STORE018, STORE006, STORE010, STORE005, STORE029, STORE009, STORE003, STORE027, STORE028, STORE014, STORE026, STORE002, STORE011, STORE020, STORE001",2025-11-01,2025-12-31,High demand velocity item. Zero or depleted stock on hand across 15 stores.
SKU04194,SLOW_MOVER,"STORE023, STORE002, STORE010, STORE013, STORE004, STORE011, STORE005, STORE014, STORE025, STORE009, STORE027, STORE026, STORE029, STORE007, STORE008, STORE020, STORE028, STORE030, STORE019, STORE016, STORE021, STORE015",2025-11-01,2025-12-31,Low demand velocity. Excess inventory carrying 7850.6 days of cover.
SKU04212,SLOW_MOVER,"STORE013, STORE004, STORE009, STORE002, STORE011, STORE015, STORE018, STORE014, STORE003, STORE016, STORE001, STORE023, STORE008, STORE020, STORE028, STORE021, STORE010, STORE026, STORE027, STORE029, STORE025, STORE022",2025-11-01,2025-12-31,Low demand velocity. Excess inventory carrying 7048.4 days of cover.
SKU04215,SLOW_MOVER,"STORE010, STORE019, STORE014, STORE015, STORE003, STORE021, STORE017, STORE007, STORE005, STORE012, STORE018, STORE006, STORE008, STORE028, STORE027, STORE001, STORE016, STORE020, STORE030, STORE022, STORE026, STORE024, STORE009, STORE004, STORE025, STORE011, STORE029",2025-11-01,2025-12-31,Low demand velocity. Excess inventory carrying 8320.5 days of cover.
SKU04217,SLOW_MOVER,"STORE027, STORE022, STORE013, STORE012, STORE021, STORE007, STORE019, STORE017, STORE010, STORE002, STORE006, STORE018, STORE003, STORE029, STORE024, STORE025, STORE030, STORE026, STORE016, STORE009, STORE005, STORE015, STORE004",2025-11-01,2025-12-31,Low demand velocity. Excess inventory carrying 7146.6 days of cover.
SKU04222,SLOW_MOVER,"STORE020, STORE017, STORE026, STORE011, STORE022, STORE027, STORE021, STORE009, STORE015, STORE023, STORE008, STORE025, STORE019, STORE007, STORE028, STORE010, STORE006, STORE001, STORE012, STORE003, STORE013, STORE030, STORE016, STORE024",2025-11-01,2025-12-31,Low demand velocity. Excess inventory carrying 9044.3 days of cover.
SKU04228,SLOW_MOVER,"STORE022, STORE006, STORE014, STORE018, STORE023, STORE026, STORE016, STORE013, STORE027, STORE003, STORE021, STORE030, STORE001, STORE015, STORE004, STORE029, STORE028, STORE007, STORE010, STORE017, STORE025, STORE020, STORE019, STORE008, STORE024, STORE009, STORE002",2025-11-01,2025-12-31,Low demand velocity. Excess inventory carrying 7810.3 days of cover.
SKU04236,SLOW_MOVER,"STORE015, STORE001, STORE008, STORE024, STORE029, STORE025, STORE009, STORE022, STORE012, STORE007, STORE003, STORE010, STORE028, STORE018, STORE016, STORE006, STORE026, STORE005, STORE017, STORE019, STORE004, STORE014, STORE011, STORE021",2025-11-01,2025-12-31,Low demand velocity. Excess inventory carrying 8133.1 days of cover.
SKU04244,SLOW_MOVER,"STORE021, STORE013, STORE004, STORE009, STORE019, STORE017, STORE016, STORE006, STORE018, STORE007, STORE026, STORE020, STORE023, STORE003, STORE005, STORE012, STORE002",2025-11-01,2025-12-31,Low demand velocity. Excess inventory carrying 5254.5 days of cover.
SKU04245,STOCKOUT_RISK,"STORE005, STORE009, STORE019, STORE008, STORE017, STORE024, STORE029, STORE007, STORE022, STORE001, STORE018, STORE025",2025-11-01,2025-12-31,High demand velocity item. Zero or depleted stock on hand across 12 stores.
SKU04250,SLOW_MOVER,"STORE022, STORE018, STORE015, STORE001, STORE014, STORE021, STORE030, STORE025, STORE002, STORE011, STORE026, STORE020, STORE009, STORE004, STORE028, STORE008, STORE006, STORE029, STORE027, STORE017, STORE012, STORE005, STORE007, STORE013",2025-11-01,2025-12-31,Low demand velocity. Excess inventory carrying 7600.2 days of cover.
SKU04261,SLOW_MOVER,"STORE015, STORE011, STORE001, STORE013, STORE007, STORE029, STORE003, STORE019, STORE028, STORE008, STORE014, STORE024, STORE021, STORE026, STORE006, STORE016, STORE005, STORE002, STORE025, STORE012, STORE027, STORE022, STORE018, STORE004, STORE009",2025-11-01,2025-12-31,Low demand velocity. Excess inventory carrying 7252.4 days of cover.
SKU04273,STOCKOUT_RISK,"STORE019, STORE026, STORE021, STORE011, STORE009, STORE008, STORE004, STORE016, STORE025, STORE027, STORE002, STORE028",2025-11-01,2025-12-31,High demand velocity item. Zero or depleted stock on hand across 12 stores.
SKU04280,STOCKOUT_RISK,"STORE017, STORE026, STORE008, STORE003, STORE025, STORE020, STORE029, STORE015, STORE004, STORE021, STORE023, STORE019, STORE022, STORE027, STORE002, STORE024, STORE001",2025-11-01,2025-12-31,High demand velocity item. Zero or depleted stock on hand across 17 stores.
SKU04281,SLOW_MOVER,"STORE013, STORE011, STORE028, STORE023, STORE003, STORE005, STORE002, STORE015, STORE024, STORE010, STORE020, STORE014, STORE026, STORE004, STORE022, STORE009, STORE001, STORE025, STORE007, STORE012, STORE016, STORE029, STORE017, STORE027, STORE030",2025-11-01,2025-12-31,Low demand velocity. Excess inventory carrying 7785.7 days of cover.
SKU04292,SLOW_MOVER,"STORE026, STORE022, STORE020, STORE001, STORE015, STORE013, STORE030, STORE014, STORE028, STORE029, STORE004, STORE011, STORE027, STORE024, STORE019, STORE010, STORE021, STORE002, STORE025, STORE018, STORE017, STORE012, STORE023, STORE005, STORE009, STORE007, STORE003",2025-11-01,2025-12-31,Low demand velocity. Excess inventory carrying 7769.6 days of cover.
SKU04305,STOCKOUT_RISK,"STORE012, STORE014, STORE016, STORE024, STORE020, STORE015, STORE006, STORE008, STORE005, STORE002, STORE021, STORE022, STORE010",2025-11-01,2025-12-31,High demand velocity item. Zero or depleted stock on hand across 13 stores.
SKU04315,STOCKOUT_RISK,"STORE019, STORE014, STORE017, STORE021, STORE025, STORE012, STORE010, STORE030, STORE018, STORE005, STORE027, STORE016, STORE024, STORE011, STORE022, STORE006, STORE001, STORE009, STORE023",2025-11-01,2025-12-31,High demand velocity item. Zero or depleted stock on hand across 19 stores.
SKU04318,STOCKOUT_RISK,"STORE022, STORE030, STORE005, STORE002, STORE008, STORE017, STORE018, STORE027, STORE014, STORE012, STORE007, STORE020",2025-11-01,2025-12-31,High demand velocity item. Zero or depleted stock on hand across 12 stores.
SKU04319,SLOW_MOVER,"STORE021, STORE007, STORE026, STORE003, STORE011, STORE029, STORE022, STORE016, STORE015, STORE020, STORE028, STORE019, STORE030, STORE010, STORE014, STORE006, STORE027, STORE002",2025-11-01,2025-12-31,Low demand velocity. Excess inventory carrying 5051.1 days of cover.
SKU04321,STOCKOUT_RISK,"STORE015, STORE029, STORE026, STORE002, STORE016, STORE008, STORE001, STORE021, STORE025, STORE022",2025-11-01,2025-12-31,High demand velocity item. Zero or depleted stock on hand across 10 stores.
SKU04329,STOCKOUT_RISK,"STORE015, STORE020, STORE007, STORE008, STORE016, STORE024, STORE011, STORE013, STORE028, STORE023, STORE006, STORE001, STORE012, STORE019, STORE003, STORE029, STORE017",2025-11-01,2025-12-31,High demand velocity item. Zero or depleted stock on hand across 17 stores.
SKU04334,SLOW_MOVER,"STORE018, STORE004, STORE005, STORE010, STORE015, STORE007, STORE021, STORE019, STORE012, STORE002, STORE001, STORE025, STORE023, STORE027, STORE006, STORE029, STORE028, STORE022, STORE003, STORE016, STORE009, STORE026, STORE013, STORE024, STORE020, STORE030",2025-11-01,2025-12-31,Low demand velocity. Excess inventory carrying 7451.2 days of cover.
SKU04346,STOCKOUT_RISK,"STORE027, STORE009, STORE004, STORE001, STORE022, STORE005, STORE013, STORE021, STORE028, STORE011, STORE007, STORE010, STORE015, STORE008, STORE012, STORE024, STORE006",2025-11-01,2025-12-31,High demand velocity item. Zero or depleted stock on hand across 17 stores.
SKU04348,STOCKOUT_RISK,"STORE022, STORE006, STORE017, STORE026, STORE020, STORE014, STORE023, STORE003, STORE004, STORE005, STORE021, STORE007, STORE019",2025-11-01,2025-12-31,High demand velocity item. Zero or depleted stock on hand across 13 stores.
SKU04350,STOCKOUT_RISK,"STORE018, STORE013, STORE023, STORE012, STORE011, STORE020, STORE014, STORE021, STORE008, STORE002, STORE025, STORE019, STORE007, STORE010, STORE005, STORE006, STORE004",2025-11-01,2025-12-31,High demand velocity item. Zero or depleted stock on hand across 17 stores.
SKU04352,SLOW_MOVER,"STORE002, STORE021, STORE026, STORE009, STORE005, STORE017, STORE019, STORE016, STORE007, STORE003, STORE023, STORE029, STORE006, STORE025, STORE013, STORE020, STORE011, STORE015",2025-11-01,2025-12-31,Low demand velocity. Excess inventory carrying 6410.4 days of cover.
SKU04362,STOCKOUT_RISK,"STORE017, STORE012, STORE016, STORE030, STORE015, STORE006, STORE011, STORE023, STORE029, STORE027, STORE028, STORE020, STORE019, STORE009, STORE013, STORE024, STORE018, STORE010",2025-11-01,2025-12-31,High demand velocity item. Zero or depleted stock on hand across 18 stores.
SKU04381,STOCKOUT_RISK,"STORE021, STORE002, STORE007, STORE008, STORE028, STORE015, STORE027, STORE013, STORE026, STORE010, STORE014, STORE023, STORE006",2025-11-01,2025-12-31,High demand velocity item. Zero or depleted stock on hand across 13 stores.
SKU04388,SLOW_MOVER,"STORE030, STORE027, STORE012, STORE009, STORE018, STORE003, STORE005, STORE025, STORE010, STORE015, STORE017, STORE028, STORE008, STORE002, STORE021, STORE029, STORE022, STORE006, STORE007, STORE026, STORE011, STORE019",2025-11-01,2025-12-31,Low demand velocity. Excess inventory carrying 5999.0 days of cover.
SKU04392,SLOW_MOVER,"STORE014, STORE012, STORE026, STORE016, STORE011, STORE009, STORE013, STORE001, STORE006, STORE015, STORE008, STORE025, STORE003, STORE029, STORE018, STORE005, STORE030, STORE019, STORE024, STORE017, STORE002, STORE021, STORE004",2025-11-01,2025-12-31,Low demand velocity. Excess inventory carrying 6955.5 days of cover.
SKU04401,SLOW_MOVER,"STORE004, STORE030, STORE003, STORE012, STORE002, STORE018, STORE007, STORE011, STORE024, STORE023, STORE009, STORE010, STORE020, STORE022, STORE005, STORE014, STORE013, STORE027, STORE015, STORE025, STORE016",2025-11-01,2025-12-31,Low demand velocity. Excess inventory carrying 6251.3 days of cover.
SKU04409,SLOW_MOVER,"STORE001, STORE025, STORE010, STORE028, STORE012, STORE013, STORE029, STORE019, STORE021, STORE030, STORE016, STORE017, STORE005, STORE024, STORE008, STORE004, STORE026, STORE014, STORE015, STORE020, STORE023, STORE009, STORE011, STORE006, STORE027, STORE003, STORE022, STORE002",2025-11-01,2025-12-31,Low demand velocity. Excess inventory carrying 8701.1 days of cover.
SKU04412,SLOW_MOVER,"STORE028, STORE007, STORE014, STORE025, STORE023, STORE030, STORE029, STORE015, STORE026, STORE018, STORE001, STORE012, STORE005, STORE021, STORE010, STORE019, STORE020, STORE008, STORE011, STORE006, STORE022, STORE004, STORE024, STORE009, STORE016",2025-11-01,2025-12-31,Low demand velocity. Excess inventory carrying 7599.2 days of cover.
SKU04414,SLOW_MOVER,"STORE025, STORE013, STORE030, STORE028, STORE023, STORE018, STORE010, STORE011, STORE019, STORE001, STORE022, STORE002, STORE005, STORE027, STORE026, STORE024, STORE016, STORE029, STORE015",2025-11-01,2025-12-31,Low demand velocity. Excess inventory carrying 5642.5 days of cover.
SKU04442,SLOW_MOVER,"STORE030, STORE020, STORE019, STORE013, STORE027, STORE007, STORE026, STORE003, STORE018, STORE024, STORE025, STORE016, STORE004, STORE011, STORE015, STORE017, STORE005, STORE002, STORE023, STORE021, STORE009, STORE012, STORE001, STORE029, STORE006, STORE014, STORE022",2025-11-01,2025-12-31,Low demand velocity. Excess inventory carrying 8456.1 days of cover.
SKU04443,SLOW_MOVER,"STORE001, STORE006, STORE007, STORE003, STORE013, STORE010, STORE028, STORE008, STORE025, STORE017, STORE027, STORE015, STORE002, STORE012, STORE030, STORE020, STORE029, STORE024, STORE026, STORE019, STORE018, STORE011",2025-11-01,2025-12-31,Low demand velocity. Excess inventory carrying 7716.7 days of cover.
SKU04453,STOCKOUT_RISK,"STORE018, STORE014, STORE016, STORE024, STORE003, STORE013, STORE007, STORE005, STORE027, STORE010, STORE029, STORE028, STORE006, STORE021",2025-11-01,2025-12-31,High demand velocity item. Zero or depleted stock on hand across 14 stores.
SKU04468,SLOW_MOVER,"STORE019, STORE007, STORE017, STORE023, STORE022, STORE015, STORE009, STORE029, STORE001, STORE005, STORE025, STORE003, STORE013, STORE008, STORE011, STORE020, STORE010, STORE028, STORE018, STORE012",2025-11-01,2025-12-31,Low demand velocity. Excess inventory carrying 5640.0 days of cover.
SKU04475,SLOW_MOVER,"STORE019, STORE002, STORE024, STORE003, STORE010, STORE021, STORE015, STORE012, STORE026, STORE013, STORE020, STORE006, STORE014, STORE008, STORE030, STORE028, STORE022, STORE023, STORE007, STORE017, STORE025, STORE027, STORE029, STORE004, STORE016, STORE001, STORE011",2025-11-01,2025-12-31,Low demand velocity. Excess inventory carrying 9112.0 days of cover.
SKU04476,STOCKOUT_RISK,"STORE029, STORE028, STORE006, STORE009, STORE021, STORE018, STORE010, STORE022, STORE003, STORE007",2025-11-01,2025-12-31,High demand velocity item. Zero or depleted stock on hand across 10 stores.
SKU04489,STOCKOUT_RISK,"STORE030, STORE016, STORE014, STORE025, STORE018, STORE004, STORE012, STORE003, STORE027, STORE017, STORE011, STORE028",2025-11-01,2025-12-31,High demand velocity item. Zero or depleted stock on hand across 12 stores.
SKU04491,SLOW_MOVER,"STORE015, STORE006, STORE009, STORE007, STORE017, STORE002, STORE030, STORE001, STORE003, STORE021, STORE024, STORE013, STORE011, STORE019, STORE027, STORE016, STORE023, STORE014, STORE005, STORE025, STORE022, STORE029, STORE008, STORE004, STORE020, STORE026, STORE012",2025-11-01,2025-12-31,Low demand velocity. Excess inventory carrying 8196.7 days of cover.
SKU04504,SLOW_MOVER,"STORE018, STORE022, STORE008, STORE023, STORE015, STORE005, STORE016, STORE009, STORE006, STORE029, STORE001, STORE004, STORE021, STORE010, STORE019, STORE027, STORE012, STORE007, STORE003, STORE002",2025-11-01,2025-12-31,Low demand velocity. Excess inventory carrying 3475.5 days of cover.
SKU04505,SLOW_MOVER,"STORE022, STORE025, STORE001, STORE030, STORE009, STORE005, STORE015, STORE012, STORE006, STORE007, STORE002, STORE018, STORE021, STORE024, STORE020, STORE014, STORE011, STORE013, STORE026, STORE017, STORE016, STORE019, STORE029, STORE004, STORE028, STORE008, STORE027, STORE023",2025-11-01,2025-12-31,Low demand velocity. Excess inventory carrying 9624.2 days of cover.
SKU04508,STOCKOUT_RISK,"STORE025, STORE013, STORE030, STORE007, STORE008, STORE012, STORE026, STORE027, STORE003, STORE001, STORE014, STORE021, STORE019, STORE011",2025-11-01,2025-12-31,High demand velocity item. Zero or depleted stock on hand across 14 stores.
SKU04526,SLOW_MOVER,"STORE027, STORE007, STORE022, STORE028, STORE003, STORE008, STORE004, STORE030, STORE006, STORE023, STORE002, STORE014, STORE017, STORE024, STORE011, STORE021, STORE009, STORE016, STORE018, STORE010, STORE012, STORE019, STORE029, STORE013, STORE001, STORE020, STORE005, STORE015, STORE025, STORE026",2025-11-01,2025-12-31,Low demand velocity. Excess inventory carrying 10324.3 days of cover.
SKU04532,SLOW_MOVER,"STORE006, STORE001, STORE013, STORE021, STORE011, STORE029, STORE028, STORE007, STORE015, STORE008, STORE003, STORE009, STORE012, STORE002, STORE020, STORE022, STORE004, STORE023, STORE005, STORE010, STORE027, STORE017, STORE016, STORE026, STORE025",2025-11-01,2025-12-31,Low demand velocity. Excess inventory carrying 8197.8 days of cover.
SKU04551,STOCKOUT_RISK,"STORE020, STORE011, STORE021, STORE023, STORE013, STORE022, STORE027, STORE005, STORE029, STORE006, STORE025, STORE016, STORE003, STORE030, STORE001, STORE010, STORE015, STORE008",2025-11-01,2025-12-31,High demand velocity item. Zero or depleted stock on hand across 18 stores.
SKU04554,SLOW_MOVER,"STORE013, STORE017, STORE021, STORE024, STORE008, STORE029, STORE019, STORE023, STORE001, STORE026, STORE022, STORE004, STORE010, STORE028, STORE014, STORE030, STORE027, STORE018, STORE002, STORE020, STORE003, STORE006",2025-11-01,2025-12-31,Low demand velocity. Excess inventory carrying 7244.8 days of cover.
SKU04562,STOCKOUT_RISK,"STORE016, STORE010, STORE007, STORE005, STORE013, STORE028, STORE021, STORE002, STORE008, STORE020, STORE015, STORE011, STORE027",2025-11-01,2025-12-31,High demand velocity item. Zero or depleted stock on hand across 13 stores.
SKU04571,STOCKOUT_RISK,"STORE009, STORE011, STORE021, STORE026, STORE025, STORE002, STORE017, STORE014, STORE028, STORE010, STORE001, STORE008, STORE029, STORE018, STORE019, STORE004, STORE030, STORE020, STORE024",2025-11-01,2025-12-31,High demand velocity item. Zero or depleted stock on hand across 19 stores.
SKU04574,STOCKOUT_RISK,"STORE008, STORE026, STORE022, STORE023, STORE024, STORE030, STORE020, STORE013, STORE017, STORE011, STORE006",2025-11-01,2025-12-31,High demand velocity item. Zero or depleted stock on hand across 11 stores.
SKU04580,SLOW_MOVER,"STORE015, STORE021, STORE001, STORE003, STORE016, STORE027, STORE007, STORE002, STORE029, STORE005, STORE024, STORE022, STORE025, STORE006, STORE020, STORE004, STORE009, STORE023, STORE026, STORE008, STORE019, STORE018, STORE030, STORE013, STORE011, STORE012, STORE010, STORE017, STORE014",2025-11-01,2025-12-31,Low demand velocity. Excess inventory carrying 7606.7 days of cover.
SKU04591,SLOW_MOVER,"STORE019, STORE015, STORE021, STORE007, STORE009, STORE016, STORE003, STORE012, STORE013, STORE022, STORE006, STORE025, STORE029, STORE014, STORE017, STORE028, STORE024, STORE018, STORE008, STORE001, STORE027, STORE010, STORE002, STORE026",2025-11-01,2025-12-31,Low demand velocity. Excess inventory carrying 7843.6 days of cover.
SKU04596,STOCKOUT_RISK,"STORE030, STORE010, STORE020, STORE018, STORE005, STORE027, STORE024, STORE006, STORE009, STORE013, STORE015",2025-11-01,2025-12-31,High demand velocity item. Zero or depleted stock on hand across 11 stores.
SKU04605,SLOW_MOVER,"STORE010, STORE015, STORE030, STORE013, STORE018, STORE020, STORE016, STORE003, STORE011, STORE005, STORE024, STORE007, STORE021, STORE019, STORE001, STORE025, STORE014, STORE009, STORE012, STORE006, STORE008, STORE017",2025-11-01,2025-12-31,Low demand velocity. Excess inventory carrying 5507.9 days of cover.
SKU04607,SLOW_MOVER,"STORE030, STORE014, STORE013, STORE024, STORE012, STORE028, STORE016, STORE010, STORE021, STORE019, STORE003, STORE029, STORE002, STORE004, STORE025, STORE015, STORE023, STORE020, STORE017",2025-11-01,2025-12-31,Low demand velocity. Excess inventory carrying 4680.7 days of cover.
SKU04612,SLOW_MOVER,"STORE025, STORE014, STORE009, STORE030, STORE027, STORE024, STORE012, STORE017, STORE016, STORE021, STORE026, STORE002, STORE013, STORE029, STORE008, STORE004, STORE022, STORE001, STORE006, STORE011",2025-11-01,2025-12-31,Low demand velocity. Excess inventory carrying 6855.6 days of cover.
SKU04626,STOCKOUT_RISK,"STORE023, STORE022, STORE001, STORE030, STORE029, STORE021, STORE005, STORE009, STORE020, STORE015, STORE024, STORE027, STORE008",2025-11-01,2025-12-31,High demand velocity item. Zero or depleted stock on hand across 13 stores.
SKU04627,STOCKOUT_RISK,"STORE020, STORE019, STORE022, STORE027, STORE006, STORE001, STORE004, STORE003, STORE021, STORE013",2025-11-01,2025-12-31,High demand velocity item. Zero or depleted stock on hand across 10 stores.
SKU04633,STOCKOUT_RISK,"STORE013, STORE023, STORE019, STORE003, STORE017, STORE007, STORE014, STORE006, STORE024, STORE009, STORE010, STORE026",2025-11-01,2025-12-31,High demand velocity item. Zero or depleted stock on hand across 12 stores.
SKU04641,SLOW_MOVER,"STORE018, STORE022, STORE013, STORE019, STORE010, STORE024, STORE014, STORE003, STORE004, STORE021, STORE027, STORE012, STORE005, STORE009, STORE007, STORE015, STORE020, STORE016, STORE025, STORE030, STORE001, STORE023, STORE008, STORE026, STORE028, STORE006, STORE029",2025-11-01,2025-12-31,Low demand velocity. Excess inventory carrying 8144.6 days of cover.
SKU04643,SLOW_MOVER,"STORE017, STORE014, STORE021, STORE010, STORE024, STORE029, STORE006, STORE026, STORE012, STORE023, STORE005, STORE007, STORE016, STORE028, STORE004, STORE008, STORE027, STORE018, STORE003, STORE013, STORE001, STORE022, STORE011, STORE009, STORE015, STORE030",2025-11-01,2025-12-31,Low demand velocity. Excess inventory carrying 7709.8 days of cover.
SKU04646,STOCKOUT_RISK,"STORE021, STORE020, STORE004, STORE030, STORE006, STORE003, STORE010, STORE025, STORE013, STORE028",2025-11-01,2025-12-31,High demand velocity item. Zero or depleted stock on hand across 10 stores.
SKU04652,SLOW_MOVER,"STORE009, STORE003, STORE011, STORE001, STORE019, STORE008, STORE016, STORE024, STORE022, STORE004, STORE027, STORE002, STORE030, STORE020, STORE026, STORE023, STORE021, STORE018, STORE017, STORE007, STORE010, STORE013, STORE005, STORE014, STORE028, STORE029, STORE006, STORE015, STORE025",2025-11-01,2025-12-31,Low demand velocity. Excess inventory carrying 7368.6 days of cover.
SKU04653,SLOW_MOVER,"STORE022, STORE029, STORE011, STORE028, STORE008, STORE012, STORE030, STORE013, STORE023, STORE020, STORE002, STORE025, STORE027, STORE004, STORE001, STORE026, STORE014, STORE019, STORE007, STORE003, STORE016, STORE021, STORE005",2025-11-01,2025-12-31,Low demand velocity. Excess inventory carrying 6257.8 days of cover.
SKU04654,SLOW_MOVER,"STORE023, STORE025, STORE027, STORE008, STORE012, STORE015, STORE020, STORE022, STORE030, STORE016, STORE017, STORE014, STORE007, STORE001, STORE011, STORE024, STORE021, STORE006, STORE029, STORE013, STORE028, STORE004, STORE010, STORE009, STORE019, STORE005, STORE026, STORE002, STORE003",2025-11-01,2025-12-31,Low demand velocity. Excess inventory carrying 7419.7 days of cover.
SKU04663,STOCKOUT_RISK,"STORE030, STORE016, STORE022, STORE023, STORE004, STORE024, STORE013, STORE010, STORE020, STORE007, STORE005, STORE017, STORE019, STORE002, STORE028, STORE008, STORE025",2025-11-01,2025-12-31,High demand velocity item. Zero or depleted stock on hand across 17 stores.
SKU04665,SLOW_MOVER,"STORE003, STORE010, STORE027, STORE022, STORE018, STORE015, STORE006, STORE025, STORE004, STORE016, STORE026, STORE008, STORE019, STORE007, STORE024, STORE013, STORE011, STORE012, STORE002, STORE023, STORE017, STORE001, STORE030, STORE020, STORE028, STORE029, STORE014",2025-11-01,2025-12-31,Low demand velocity. Excess inventory carrying 7916.4 days of cover.
SKU04679,SLOW_MOVER,"STORE024, STORE009, STORE022, STORE016, STORE028, STORE004, STORE026, STORE005, STORE018, STORE021, STORE027, STORE003, STORE011, STORE008, STORE019, STORE030, STORE006, STORE007, STORE012, STORE013, STORE029, STORE015, STORE025, STORE002, STORE020, STORE001, STORE014, STORE023",2025-11-01,2025-12-31,Low demand velocity. Excess inventory carrying 9571.9 days of cover.
SKU04690,SLOW_MOVER,"STORE004, STORE003, STORE011, STORE024, STORE019, STORE007, STORE027, STORE030, STORE026, STORE012, STORE005, STORE028, STORE013, STORE001, STORE010, STORE017, STORE016, STORE009, STORE023, STORE025, STORE022, STORE006, STORE018, STORE014, STORE008, STORE002, STORE020, STORE015, STORE021, STORE029",2025-11-01,2025-12-31,Low demand velocity. Excess inventory carrying 9328.0 days of cover.
SKU04693,SLOW_MOVER,"STORE018, STORE028, STORE015, STORE011, STORE005, STORE010, STORE008, STORE016, STORE022, STORE029, STORE026, STORE025, STORE020, STORE002, STORE027, STORE030, STORE009, STORE012, STORE017, STORE021, STORE019",2025-11-01,2025-12-31,Low demand velocity. Excess inventory carrying 7723.9 days of cover.
SKU04706,SLOW_MOVER,"STORE016, STORE021, STORE027, STORE007, STORE030, STORE010, STORE023, STORE013, STORE002, STORE011, STORE005, STORE028, STORE008, STORE022, STORE006, STORE014",2025-11-01,2025-12-31,Low demand velocity. Excess inventory carrying 3799.0 days of cover.
SKU04710,STOCKOUT_RISK,"STORE016, STORE024, STORE013, STORE010, STORE022, STORE006, STORE001, STORE018, STORE028, STORE011, STORE014, STORE030, STORE012, STORE026, STORE017, STORE002",2025-11-01,2025-12-31,High demand velocity item. Zero or depleted stock on hand across 16 stores.
SKU04717,SLOW_MOVER,"STORE017, STORE024, STORE010, STORE028, STORE023, STORE007, STORE026, STORE018, STORE013, STORE004, STORE005, STORE011, STORE002, STORE027, STORE015, STORE019, STORE003, STORE030, STORE014",2025-11-01,2025-12-31,Low demand velocity. Excess inventory carrying 6102.3 days of cover.
SKU04726,SLOW_MOVER,"STORE015, STORE023, STORE016, STORE010, STORE005, STORE007, STORE025, STORE024, STORE021, STORE001, STORE012, STORE019, STORE004, STORE026, STORE013, STORE029, STORE011, STORE003, STORE022, STORE002, STORE006, STORE008, STORE028, STORE020",2025-11-01,2025-12-31,Low demand velocity. Excess inventory carrying 8293.8 days of cover.
SKU04729,SLOW_MOVER,"STORE004, STORE017, STORE021, STORE011, STORE019, STORE014, STORE005, STORE028, STORE013, STORE008, STORE002, STORE030, STORE023, STORE022, STORE016, STORE024, STORE012, STORE010, STORE003, STORE027, STORE007, STORE020, STORE018, STORE029, STORE006, STORE026",2025-11-01,2025-12-31,Low demand velocity. Excess inventory carrying 7611.0 days of cover.
SKU04741,SLOW_MOVER,"STORE009, STORE021, STORE029, STORE015, STORE012, STORE001, STORE004, STORE024, STORE003, STORE023, STORE016, STORE017, STORE008, STORE025, STORE020",2025-11-01,2025-12-31,Low demand velocity. Excess inventory carrying 5278.7 days of cover.
SKU04747,SLOW_MOVER,"STORE009, STORE023, STORE024, STORE004, STORE026, STORE019, STORE006, STORE013, STORE016, STORE021, STORE014, STORE010, STORE005, STORE027, STORE011, STORE002, STORE012, STORE029, STORE030, STORE003, STORE007, STORE001, STORE025, STORE018, STORE008",2025-11-01,2025-12-31,Low demand velocity. Excess inventory carrying 8389.6 days of cover.
SKU04753,SLOW_MOVER,"STORE026, STORE030, STORE017, STORE016, STORE003, STORE028, STORE019, STORE018, STORE021, STORE004, STORE007, STORE022, STORE006, STORE023, STORE001, STORE009, STORE008, STORE013, STORE025, STORE002, STORE027",2025-11-01,2025-12-31,Low demand velocity. Excess inventory carrying 5542.3 days of cover.
SKU04756,STOCKOUT_RISK,"STORE005, STORE019, STORE007, STORE021, STORE006, STORE003, STORE018, STORE009, STORE002, STORE025, STORE004",2025-11-01,2025-12-31,High demand velocity item. Zero or depleted stock on hand across 11 stores.
SKU04768,SLOW_MOVER,"STORE017, STORE010, STORE012, STORE018, STORE006, STORE014, STORE022, STORE001, STORE008, STORE029, STORE002, STORE030, STORE021, STORE015, STORE005, STORE027, STORE024, STORE028, STORE026, STORE009, STORE013, STORE011, STORE004, STORE019, STORE023, STORE007, STORE020",2025-11-01,2025-12-31,Low demand velocity. Excess inventory carrying 8907.7 days of cover.
SKU04771,SLOW_MOVER,"STORE002, STORE007, STORE005, STORE010, STORE029, STORE028, STORE020, STORE018, STORE026, STORE019, STORE012, STORE009, STORE025, STORE014, STORE003, STORE021, STORE023, STORE017, STORE022, STORE011, STORE016",2025-11-01,2025-12-31,Low demand velocity. Excess inventory carrying 6626.2 days of cover.
SKU04783,STOCKOUT_RISK,"STORE013, STORE015, STORE003, STORE009, STORE022, STORE014, STORE023, STORE005, STORE018, STORE007, STORE028, STORE027, STORE021, STORE012, STORE006, STORE026, STORE025, STORE020, STORE016",2025-11-01,2025-12-31,High demand velocity item. Zero or depleted stock on hand across 19 stores.
SKU04791,SLOW_MOVER,"STORE026, STORE014, STORE013, STORE001, STORE020, STORE008, STORE003, STORE009, STORE004, STORE018, STORE022, STORE021, STORE029, STORE024, STORE011, STORE016, STORE002, STORE006, STORE028, STORE005, STORE017, STORE030, STORE015, STORE027, STORE007",2025-11-01,2025-12-31,Low demand velocity. Excess inventory carrying 7351.7 days of cover.
SKU04795,SLOW_MOVER,"STORE013, STORE008, STORE030, STORE004, STORE026, STORE027, STORE006, STORE017, STORE010, STORE019, STORE016, STORE025, STORE023, STORE012, STORE022, STORE009, STORE005, STORE020, STORE002",2025-11-01,2025-12-31,Low demand velocity. Excess inventory carrying 6100.5 days of cover.
SKU04797,SLOW_MOVER,"STORE029, STORE002, STORE006, STORE011, STORE025, STORE013, STORE028, STORE012, STORE022, STORE018, STORE021, STORE026, STORE016, STORE005, STORE009, STORE001, STORE027",2025-11-01,2025-12-31,Low demand velocity. Excess inventory carrying 4740.4 days of cover.
SKU04824,STOCKOUT_RISK,"STORE017, STORE023, STORE005, STORE022, STORE028, STORE026, STORE013, STORE019, STORE009, STORE002, STORE012, STORE008, STORE014",2025-11-01,2025-12-31,High demand velocity item. Zero or depleted stock on hand across 13 stores.
SKU04831,SLOW_MOVER,"STORE023, STORE015, STORE006, STORE029, STORE012, STORE027, STORE017, STORE010, STORE009, STORE014, STORE024, STORE008, STORE030, STORE003, STORE018, STORE007, STORE013, STORE028, STORE002, STORE011, STORE026, STORE016, STORE004, STORE001, STORE022, STORE005, STORE025, STORE019, STORE021, STORE020",2025-11-01,2025-12-31,Low demand velocity. Excess inventory carrying 9652.1 days of cover.
SKU04847,STOCKOUT_RISK,"STORE026, STORE028, STORE001, STORE014, STORE022, STORE017, STORE024, STORE005, STORE016, STORE030, STORE025, STORE018, STORE004, STORE013, STORE029",2025-11-01,2025-12-31,High demand velocity item. Zero or depleted stock on hand across 15 stores.
SKU04849,SLOW_MOVER,"STORE020, STORE007, STORE027, STORE024, STORE001, STORE023, STORE014, STORE025, STORE018, STORE012, STORE008, STORE017, STORE002, STORE015, STORE006, STORE011, STORE013, STORE009, STORE004, STORE003, STORE022, STORE016, STORE019, STORE005, STORE030, STORE026, STORE021",2025-11-01,2025-12-31,Low demand velocity. Excess inventory carrying 8154.8 days of cover.
SKU04854,SLOW_MOVER,"STORE016, STORE013, STORE006, STORE012, STORE004, STORE011, STORE022, STORE008, STORE018, STORE026, STORE010, STORE020, STORE030, STORE019, STORE009, STORE021, STORE001, STORE027, STORE025, STORE017",2025-11-01,2025-12-31,Low demand velocity. Excess inventory carrying 5960.1 days of cover.
SKU04856,SLOW_MOVER,"STORE013, STORE007, STORE010, STORE021, STORE017, STORE002, STORE015, STORE020, STORE016, STORE025, STORE012, STORE001, STORE024, STORE011, STORE028, STORE006, STORE027, STORE019, STORE018, STORE003, STORE029, STORE023, STORE030, STORE008, STORE004",2025-11-01,2025-12-31,Low demand velocity. Excess inventory carrying 8863.1 days of cover.
SKU04879,SLOW_MOVER,"STORE016, STORE007, STORE003, STORE017, STORE027, STORE005, STORE014, STORE004, STORE030, STORE001, STORE025, STORE009, STORE008, STORE022, STORE013",2025-11-01,2025-12-31,Low demand velocity. Excess inventory carrying 5641.7 days of cover.
SKU04887,SLOW_MOVER,"STORE012, STORE010, STORE030, STORE014, STORE006, STORE018, STORE009, STORE004, STORE015, STORE022, STORE026, STORE005, STORE028, STORE027, STORE001, STORE020, STORE017, STORE025, STORE023, STORE002, STORE013, STORE019, STORE016, STORE011, STORE029",2025-11-01,2025-12-31,Low demand velocity. Excess inventory carrying 8037.7 days of cover.
SKU04888,SLOW_MOVER,"STORE014, STORE024, STORE011, STORE002, STORE006, STORE022, STORE007, STORE016, STORE025, STORE009, STORE004, STORE030, STORE023, STORE018, STORE005, STORE026, STORE013, STORE019, STORE029",2025-11-01,2025-12-31,Low demand velocity. Excess inventory carrying 5284.7 days of cover.
SKU04894,SLOW_MOVER,"STORE017, STORE024, STORE029, STORE027, STORE013, STORE005, STORE004, STORE028, STORE001, STORE025, STORE021, STORE012, STORE030, STORE022, STORE008, STORE018, STORE011, STORE006, STORE007, STORE010, STORE015, STORE019",2025-11-01,2025-12-31,Low demand velocity. Excess inventory carrying 6423.6 days of cover.
SKU04901,SLOW_MOVER,"STORE016, STORE010, STORE029, STORE030, STORE003, STORE025, STORE014, STORE008, STORE020, STORE005, STORE017, STORE006, STORE023, STORE009, STORE004, STORE024, STORE021, STORE012, STORE027, STORE011, STORE007, STORE013, STORE018, STORE019, STORE001",2025-11-01,2025-12-31,Low demand velocity. Excess inventory carrying 8005.5 days of cover.
SKU04902,SLOW_MOVER,"STORE023, STORE024, STORE017, STORE020, STORE006, STORE007, STORE019, STORE021, STORE030, STORE005, STORE008, STORE004, STORE022, STORE013, STORE002, STORE018, STORE029, STORE003, STORE025, STORE001, STORE010, STORE014, STORE016, STORE012, STORE011, STORE009, STORE015, STORE028, STORE027",2025-11-01,2025-12-31,Low demand velocity. Excess inventory carrying 10239.5 days of cover.
SKU04905,SLOW_MOVER,"STORE023, STORE021, STORE008, STORE028, STORE011, STORE014, STORE016, STORE002, STORE017, STORE025, STORE030, STORE010, STORE004, STORE009, STORE012, STORE005, STORE006, STORE024, STORE007, STORE018, STORE029, STORE001, STORE003, STORE022, STORE013, STORE019, STORE027, STORE015",2025-11-01,2025-12-31,Low demand velocity. Excess inventory carrying 8208.6 days of cover.
SKU04913,STOCKOUT_RISK,"STORE010, STORE016, STORE009, STORE020, STORE004, STORE014, STORE006, STORE028, STORE029, STORE012, STORE011, STORE030, STORE026, STORE018, STORE001, STORE027, STORE023, STORE013",2025-11-01,2025-12-31,High demand velocity item. Zero or depleted stock on hand across 18 stores.
SKU04919,SLOW_MOVER,"STORE028, STORE005, STORE011, STORE012, STORE024, STORE027, STORE026, STORE019, STORE017, STORE020, STORE025, STORE008, STORE009, STORE007, STORE013, STORE002, STORE015, STORE003, STORE030, STORE010, STORE014, STORE001, STORE004, STORE021",2025-11-01,2025-12-31,Low demand velocity. Excess inventory carrying 8662.1 days of cover.
SKU04926,STOCKOUT_RISK,"STORE023, STORE015, STORE004, STORE003, STORE018, STORE020, STORE011, STORE010, STORE016, STORE007, STORE026, STORE005, STORE002, STORE019, STORE021, STORE022, STORE009, STORE012",2025-11-01,2025-12-31,High demand velocity item. Zero or depleted stock on hand across 18 stores.
SKU04941,SLOW_MOVER,"STORE009, STORE029, STORE025, STORE018, STORE012, STORE026, STORE015, STORE021, STORE004, STORE014, STORE003, STORE016, STORE023, STORE017, STORE001, STORE020, STORE010, STORE005, STORE028",2025-11-01,2025-12-31,Low demand velocity. Excess inventory carrying 6469.5 days of cover.
SKU04945,SLOW_MOVER,"STORE005, STORE010, STORE002, STORE019, STORE028, STORE023, STORE007, STORE013, STORE016, STORE018, STORE017, STORE003, STORE006, STORE015, STORE025, STORE009",2025-11-01,2025-12-31,Low demand velocity. Excess inventory carrying 4872.2 days of cover.
SKU04955,SLOW_MOVER,"STORE025, STORE013, STORE029, STORE020, STORE009, STORE007, STORE006, STORE001, STORE024, STORE019, STORE030, STORE021, STORE023, STORE017, STORE015, STORE026, STORE012, STORE014, STORE016, STORE005, STORE011, STORE004",2025-11-01,2025-12-31,Low demand velocity. Excess inventory carrying 6521.4 days of cover.
SKU04987,SLOW_MOVER,"STORE010, STORE023, STORE009, STORE018, STORE004, STORE006, STORE008, STORE002, STORE027, STORE024, STORE030, STORE029, STORE005, STORE028, STORE022, STORE016, STORE014, STORE013, STORE001, STORE011, STORE026, STORE020, STORE019, STORE012, STORE025, STORE003, STORE015, STORE021, STORE007, STORE017",2025-11-01,2025-12-31,Low demand velocity. Excess inventory carrying 10922.0 days of cover.
SKU04996,SLOW_MOVER,"STORE024, STORE005, STORE014, STORE020, STORE010, STORE011, STORE002, STORE021, STORE001, STORE012, STORE008, STORE009, STORE006, STORE019, STORE022, STORE017, STORE025, STORE013, STORE026",2025-11-01,2025-12-31,Low demand velocity. Excess inventory carrying 7126.8 days of cover.
SKU05000,SLOW_MOVER,"STORE004, STORE024, STORE029, STORE023, STORE013, STORE021, STORE009, STORE025, STORE027, STORE020, STORE018, STORE007, STORE015, STORE008, STORE011, STORE005, STORE030, STORE010, STORE016, STORE019",2025-11-01,2025-12-31,Low demand velocity. Excess inventory carrying 5378.3 days of cover.
